"","comb_sp.family","comb_sp.genus","comb_sp.species","epithet","coll_dates","year","month","WTL_sp.LatDecL","WTL_sp.LongDecL","WTL_sp.county"
"306738","Euphorbiaceae","Acalypha","gracilens","Acalypha gracilens",2008-11-26,"2008","11","null","null","Hernando Co."
"205417","Euphorbiaceae","Acalypha","gracilens","Acalypha gracilens",1962-10-21,"1962","10","28.6333","-82.25","Sumter Co."
"48090","Sapindaceae","Acer","negundo","Acer negundo",1963-06-03,"1963","06","28.6833","-82.2667","Citrus Co."
"120369","Sapindaceae","Acer","rubrum","Acer rubrum",1962-06-19,"1962","06","28.465832","-82.172029","Pasco Co."
"55378","Sapindaceae","Acer","rubrum","Acer rubrum",1962-06-19,"1962","06","28.688879","-82.272868","Citrus Co."
"55470","Asteraceae","Acmella","repens","Acmella repens",1981-09-29,"1981","09","28.688879","-82.272868","Citrus Co."
"104196","Orobanchaceae","Agalinis","fasciculata","Agalinis fasciculata",1980-09-09,"1980","09","28.587772","-82.227588","Hernando Co."
"161055","Asteraceae","Ageratina","jucunda","Ageratina jucunda",1981-11-12,"1981","11","28.55","-82.05","Sumter Co."
"108169","Asteraceae","Ageratina","jucunda","Ageratina jucunda",1976-11-08,"1976","11","28.5","-82.1","Hernando Co."
"302370","Asteraceae","Ageratina","jucunda","Ageratina jucunda",1962-10-21,"1962","10","28.5687","-81.9998","Sumter Co."
"48037","Poaceae","Agrostis","perennans","Agrostis perennans",1955-10-01,"1955","10","null","null","Citrus Co."
"108376","Amaranthaceae","Alternanthera","philoxeroides","Alternanthera philoxeroides",2008-04-03,"2008","04","28.35","-81.8167","Hernando Co."
"264332","Asteraceae","Ambrosia","artemisiifolia","Ambrosia artemisiifolia",1959-09-16,"1959","09","28.835818","-82.330372","Citrus Co."
"150745","Fabaceae","Amorpha","fruticosa","Amorpha fruticosa",1959-05-04,"1959","05","28.35","-81.8167","Sumter Co."
"221090","Fabaceae","Amorpha","fruticosa","Amorpha fruticosa",1962-04-11,"1962","04","28.8667","-82.45","Citrus Co."
"206520","Poaceae","Amphicarpum","muehlenbergianum","Amphicarpum muehlenbergianum",2008-09-26,"2008","09","28.35","-81.8167","Hernando Co."
"162068","Apocynaceae","Amsonia","ciliata","Amsonia ciliata",2000-05-22,"2000","05","28.35","-82.0333","Sumter Co."
"48020","Papaveraceae","Argemone","albiflora","Argemone albiflora",1958-04-29,"1958","04","28.688879","-82.272868","Citrus Co."
"192369","Araceae","Arisaema","dracontium","Arisaema dracontium",1985-04-02,"1985","04","null","null","Citrus Co."
"241847","Araceae","Arisaema","triphyllum","Arisaema triphyllum",2009-02-19,"2009","02","28.5833","-82.2167","Sumter Co."
"216388","Poaceae","Aristida","patula","Aristida patula",2008-09-26,"2008","09","28.45833333","-82.03611111","Sumter Co."
"105126","Asteraceae","Arnoglossum","floridanum","Arnoglossum floridanum",1992-07-07,"1992","07","28.8667","-82.45","Citrus Co."
"227194","Apocynaceae","Asclepias","feayi","Asclepias feayi",1995-07-08,"1995","07","28.865264","-82.038974","Sumter Co."
"104633","Apocynaceae","Asclepias","longifolia","Asclepias longifolia",1980-04-24,"1980","04","30.2333","-84.6667","Citrus Co."
"104728","Apocynaceae","Asclepias","tomentosa","Asclepias tomentosa",2002-05-22,"2002","05","28.587772","-82.227588","Hernando Co."
"190416","Apocynaceae","Asclepias","tomentosa","Asclepias tomentosa",1975-06-14,"1975","06","28.555272","-82.387871","Hernando Co."
"304366","Apocynaceae","Asclepias","tuberosa","Asclepias tuberosa",1992-07-07,"1992","07","28.7999","-82.4269","Citrus Co."
"57408","Polygalaceae","Asemeia","violacea","Asemeia violacea",2008-04-15,"2008","04","28.35","-81.8167","Citrus Co."
"55289","Polygalaceae","Asemeia","violacea","Asemeia violacea",1992-07-07,"1992","07","28.851649","-82.487598","Citrus Co."
"192495","Polygalaceae","Asemeia","violacea","Asemeia violacea",1980-04-23,"1980","04","28.8667","-82.45","Citrus Co."
"190494","Annonaceae","Asimina","obovata","Asimina obovata",2000-05-23,"2000","05","28.587772","-82.227588","Hernando Co."
"306743","Annonaceae","Asimina","parviflora","Asimina parviflora",1985-04-02,"1985","04","null","null","Citrus Co."
"205371","Annonaceae","Asimina","reticulata","Asimina reticulata",2008-04-15,"2008","04","28.645547","-82.263978","Hernando Co."
"48089","Aspleniaceae","Asplenium","abscissum","Asplenium abscissum",1963-09-21,"1963","09","28.6833","-82.2667","Citrus Co."
"55421","Aspleniaceae","Asplenium","abscissum","Asplenium abscissum",1962-10-21,"1962","10","28.6833","-82.2667","Citrus Co."
"6500","Aspleniaceae","Asplenium","heterochroum","Asplenium heterochroum",1962-10-21,"1962","10","28.35","-81.8167","Sumter Co."
"104672","Aspleniaceae","Asplenium","platyneuron","Asplenium platyneuron",1963-09-21,"1963","09","28.35","-81.8167","Citrus Co."
"185057","Aspleniaceae","Asplenium","platyneuron","Asplenium platyneuron",1985-04-02,"1985","04","28.6833","-82.1833","Sumter Co."
"301059","Aspleniaceae","Asplenium","verecundum","Asplenium verecundum",1963-09-21,"1963","09","28.465832","-82.172029","Pasco Co."
"301063","Aspleniaceae","Asplenium","verecundum","Asplenium verecundum",1962-10-21,"1962","10","28.465832","-82.172029","Pasco Co."
"228596","Aspleniaceae","Asplenium","x plenum","Asplenium x plenum",1963-09-21,"1963","09","28.45833333","-82.03611111","Sumter Co."
"223437","Poaceae","Axonopus","fissifolius","Axonopus fissifolius",2008-04-03,"2008","04","28.587772","-82.227588","Hernando Co."
"231260","Poaceae","Axonopus","furcatus","Axonopus furcatus",1959-09-16,"1959","09","28.35","-81.8167","Hernando Co."
"234764","Poaceae","Axonopus","furcatus","Axonopus furcatus",1981-11-12,"1981","11","28.35","-81.8167","Hernando Co."
"299451","Poaceae","Axonopus","furcatus","Axonopus furcatus",2002-12-28,"2002","12","28.587772","-82.227588","Hernando Co."
"228019","Azollaceae","Azolla","filiculoides","Azolla filiculoides",1958-03-25,"1958","03","28.80472222","-82.4025","Citrus Co."
"227195","Azollaceae","Azolla","filiculoides","Azolla filiculoides",1987-02-09,"1987","02","28.865264","-82.038974","Sumter Co."
"105111","Asteraceae","Baccharis","glomeruliflora","Baccharis glomeruliflora",2008-11-26,"2008","11","28.8667","-82.45","Citrus Co."
"229587","Asteraceae","Baccharis","halimifolia","Baccharis halimifolia",2008-11-26,"2008","11","28.80472222","-82.4025","Citrus Co."
"214274","Ericaceae","Bejaria","racemosa","Bejaria racemosa",1962-06-19,"1962","06","28.259176","-82.089248","Pasco Co."
"105118","Ericaceae","Bejaria","racemosa","Bejaria racemosa",1962-06-19,"1962","06","28.8667","-82.45","Citrus Co."
"104681","Rhamnaceae","Berchemia","scandens","Berchemia scandens",1963-05-25,"1963","05","28.35","-81.8167","Citrus Co."
"105106","Rhamnaceae","Berchemia","scandens","Berchemia scandens",1962-06-19,"1962","06","28.35","-81.8167","Hernando Co."
"104832","Rhamnaceae","Berchemia","scandens","Berchemia scandens",1962-06-19,"1962","06","28.35","-81.8167","Sumter Co."
"227196","Rhamnaceae","Berchemia","scandens","Berchemia scandens",2008-09-03,"2008","09","28.865264","-82.038974","Sumter Co."
"122566","Rhamnaceae","Berchemia","scandens","Berchemia scandens",1958-07-16,"1958","07","28.465832","-82.172029","Pasco Co."
"105121","Asteraceae","Bidens","bipinnata","Bidens bipinnata",1963-09-21,"1963","09","28.8667","-82.45","Citrus Co."
"229230","Asteraceae","Bidens","laevis","Bidens laevis",1995-11-05,"1995","11","28.80472222","-82.4025","Citrus Co."
"238581","Asteraceae","Bidens","mitis","Bidens mitis",1961-04-07,"1961","04","28.5833","-82.2167","Sumter Co."
"229012","Asteraceae","Bidens","mitis","Bidens mitis",1981-09-09,"1981","09","28.80472222","-82.4025","Citrus Co."
"104834","Urticaceae","Boehmeria","cylindrica","Boehmeria cylindrica",1981-09-29,"1981","09","28.35","-81.8167","Sumter Co."
"240237","Urticaceae","Boehmeria","cylindrica","Boehmeria cylindrica",1958-07-13,"1958","07","28.80472222","-82.4025","Citrus Co."
"238849","Asteraceae","Boltonia","diffusa","Boltonia diffusa",1981-09-29,"1981","09","28.45833333","-82.03611111","Sumter Co."
"151467","Asteraceae","Boltonia","diffusa","Boltonia diffusa",2008-09-26,"2008","09","28.35","-81.8167","Sumter Co."
"227190","Rubiaceae","Borreria","remota","Borreria remota",2004-01-03,"2004","01","28.865264","-82.038974","Sumter Co."
"185079","Ophioglossaceae","Botrychium","biternatum","Botrychium biternatum",1985-04-02,"1985","04","28.6833","-82.1833","Sumter Co."
"104636","Orobanchaceae","Buchnera","americana","Buchnera americana",1961-04-07,"1961","04","28.35","-81.8167","Citrus Co."
"55976","Orobanchaceae","Buchnera","americana","Buchnera americana",2008-11-26,"2008","11","28.35","-81.8167","Sumter Co."
"48043","Orobanchaceae","Buchnera","americana","Buchnera americana",2008-04-03,"2008","04","28.688879","-82.272868","Citrus Co."
"202273","Orobanchaceae","Buchnera","americana","Buchnera americana",2001-05-10,"2001","05","28.555272","-82.387871","Hernando Co."
"48042","Orobanchaceae","Buchnera","americana","Buchnera americana",1983-06-13,"1983","06","28.688879","-82.272868","Citrus Co."
"57486","Cyperaceae","Bulbostylis","warei","Bulbostylis warei",NA,NA,NA,"28.35","-81.8167","Citrus Co."
"55975","Cyperaceae","Bulbostylis","warei","Bulbostylis warei",2000-08-28,"2000","08","28.35","-81.8167","Sumter Co."
"185061","Lamiaceae","Callicarpa","americana","Callicarpa americana",2008-06-13,"2008","06","28.6833","-82.1833","Sumter Co."
"120616","Lamiaceae","Callicarpa","americana","Callicarpa americana",1963-05-25,"1963","05","null","null","Citrus Co."
"191628","Lamiaceae","Callicarpa","americana","Callicarpa americana",1963-06-03,"1963","06","null","null","Citrus Co."
"56014","Commelinaceae","Callisia","cordifolia","Callisia cordifolia",1962-10-21,"1962","10","null","null","Sumter Co."
"55754","Commelinaceae","Callisia","graminea","Callisia graminea",2000-05-22,"2000","05","null","null","Citrus Co."
"48046","Callitrichaceae","Callitriche","peploides","Callitriche peploides",2008-04-15,"2008","04","null","null","Citrus Co."
"55473","Orchidaceae","Calopogon","barbatus","Calopogon barbatus",1980-03-27,"1980","03","null","null","Citrus Co."
"191611","Campanulaceae","Campanula","floridana","Campanula floridana",1961-04-06,"1961","04","28.8667","-82.45","Citrus Co."
"48041","Campanulaceae","Campanula","floridana","Campanula floridana",1959-04-27,"1959","04","28.688879","-82.272868","Citrus Co."
"56013","Lauraceae","Camphora","officinarum","Camphora officinarum",2009-02-25,"2009","02","28.35","-81.8167","Sumter Co."
"207063","Cannabaceae","Canna","flaccida","Canna flaccida",1963-05-25,"1963","05","28.35","-81.8167","Hernando Co."
"211048","Cannaceae","Canna","flaccida","Canna flaccida",1983-06-18,"1983","06","28.8667","-82.45","Citrus Co."
"238747","Lamiaceae","Cantinoa","mutabilis","Cantinoa mutabilis",1963-06-03,"1963","06","28.85","-82.2","Sumter Co."
"162066","Solanaceae","Capsicum","annuum","Capsicum annuum",1962-10-21,"1962","10","28.35","-82.0333","Sumter Co."
"238783","Brassicaceae","Cardamine","pensylvanica","Cardamine pensylvanica",2008-04-15,"2008","04","28.835818","-82.330372","Citrus Co."
"143387","Cyperaceae","Carex","alata","Carex alata",1961-05-01,"1961","05","28.465832","-82.172029","Pasco Co."
"317","Cyperaceae","Carex","alata","Carex alata",2023-04-24,"2023","04","28.35","-81.8167","Sumter Co."
"228447","Cyperaceae","Carex","chapmannii","Carex chapmannii",1995-04-14,"1995","04","28.35","-81.8167","Sumter Co."
"57489","Cyperaceae","Carex","digitalis","Carex digitalis",1991-03-21,"1991","03","30.2333","-84.6667","Citrus Co."
"108167","Cyperaceae","Carex","gholsonii","Carex gholsonii",2009-02-19,"2009","02","28.5","-82.1","Hernando Co."
"108164","Cyperaceae","Carex","gigantea","Carex gigantea",1961-04-05,"1961","04","28.5","-82.1","Hernando Co."
"161600","Cyperaceae","Carex","gigantea","Carex gigantea",1961-05-01,"1961","05","28.554997","-82.054526","Sumter Co."
"120844","Cyperaceae","Carex","gigantea","Carex gigantea",1963-05-25,"1963","05","28.465832","-82.172029","Pasco Co."
"105098","Cyperaceae","Carex","lupuliformis","Carex lupuliformis",1961-04-05,"1961","04","28.5","-82.1","Hernando Co."
"206073","Cyperaceae","Carex","lupuliformis","Carex lupuliformis",1971-03-28,"1971","03","28.35","-81.8167","Sumter Co."
"208164","Cyperaceae","Carex","nigromarginata","Carex nigromarginata",2009-02-19,"2009","02","28.35","-81.8167","Hernando Co."
"105115","Cyperaceae","Carex","paeninsulae","Carex paeninsulae",2023-04-08,"2023","04","28.8667","-82.45","Citrus Co."
"227241","Cyperaceae","Carex","tribuloides","Carex tribuloides",2023-04-18,"2023","04","28.5333","-82.45","Hernando Co."
"120848","Cyperaceae","Carex","verrucosa","Carex verrucosa",2008-04-03,"2008","04","28.465832","-82.172029","Pasco Co."
"120825","Cyperaceae","Carex","vexans","Carex vexans",1961-05-01,"1961","05","28.35","-81.8167","Sumter Co."
"120356","Betulaceae","Carpinus","caroliniana","Carpinus caroliniana",1959-04-22,"1959","04","28.465832","-82.172029","Pasco Co."
"7583","Betulaceae","Carpinus","caroliniana","Carpinus caroliniana",1981-09-29,"1981","09","28.6833","-82.2667","Citrus Co."
"238580","Betulaceae","Carpinus","caroliniana","Carpinus caroliniana",2008-09-26,"2008","09","28.5833","-82.2167","Sumter Co."
"104630","Oleaceae","Cartrema","americanum","Cartrema americanum",1991-03-21,"1991","03","30.2333","-84.6667","Citrus Co."
"104733","Oleaceae","Cartrema","americanum","Cartrema americanum",1983-10-11,"1983","10","28.35","-81.8167","Hernando Co."
"104747","Oleaceae","Cartrema","floridanum","Cartrema floridanum",1959-04-22,"1959","04","28.587772","-82.227588","Hernando Co."
"55970","Juglandaceae","Carya","floridana","Carya floridana",1962-06-19,"1962","06","28.35","-81.8167","Sumter Co."
"55406","Juglandaceae","Carya","glabra","Carya glabra",1959-04-22,"1959","04","28.688879","-82.272868","Citrus Co."
"216744","Fagaceae","Castanea","pumila","Castanea pumila",1992-07-07,"1992","07","28.35","-81.8167","Hernando Co."
"27784","Cannabaceae","Celtis","laevigata","Celtis laevigata",1959-04-22,"1959","04","28.35","-81.8167","Sumter Co."
"161589","Cannabaceae","Celtis","laevigata","Celtis laevigata",2008-04-15,"2008","04","28.55","-82.05","Sumter Co."
"122569","Cannabaceae","Celtis","laevigata","Celtis laevigata",1963-06-03,"1963","06","28.35","-81.8167","Sumter Co."
"161054","Poaceae","Cenchrus","spinifex","Cenchrus spinifex",1983-10-10,"1983","10","28.55","-82.05","Sumter Co."
"55408","Araliaceae","Centella","asiatica","Centella asiatica",1981-09-09,"1981","09","28.6833","-82.2667","Citrus Co."
"120749","Araliaceae","Centella","asiatica","Centella asiatica",1981-09-29,"1981","09","28.465832","-82.172029","Pasco Co."
"8406","Fabaceae","Centrosema","arenicola","Centrosema arenicola",2000-08-28,"2000","08","28.35","-81.8167","Sumter Co."
"161072","Rubiaceae","Cephalanthus","occidentalis","Cephalanthus occidentalis",1959-09-16,"1959","09","28.55","-82.05","Sumter Co."
"238555","Pteridaceae","Ceratopteris","pteridoides","Ceratopteris pteridoides",1984-11-15,"1984","11","28.5833","-82.2167","Sumter Co."
"199013","Fabaceae","Cercis","canadensis","Cercis canadensis",2008-09-26,"2008","09","28.35","-81.8167","Hernando Co."
"185060","Fabaceae","Chamaecrista","fasciculata","Chamaecrista fasciculata",1963-05-25,"1963","05","28.6833","-82.1833","Sumter Co."
"55968","Fabaceae","Chamaecrista","fasciculata","Chamaecrista fasciculata",2008-09-26,"2008","09","28.35","-81.8167","Sumter Co."
"27783","Fabaceae","Chamaecrista","fasciculata","Chamaecrista fasciculata",2000-08-28,"2000","08","28.35","-81.8167","Sumter Co."
"172032","Asteraceae","Chaptalia","tomentosa","Chaptalia tomentosa",2009-02-25,"2009","02","28.35","-81.8167","Citrus Co."
"104827","Poaceae","Chasmanthium","nitidum","Chasmanthium nitidum",2008-04-15,"2008","04","28.35","-81.8167","Sumter Co."
"223869","Poaceae","Chasmanthium","sessiliflorum","Chasmanthium sessiliflorum",1963-06-03,"1963","06","28.80472222","-82.4025","Citrus Co."
"227234","Ericaceae","Chimaphila","maculata","Chimaphila maculata",1962-06-19,"1962","06","28.5333","-82.45","Hernando Co."
"227164","Rubiaceae","Chiococca","alba","Chiococca alba",1959-09-16,"1959","09","28.55","-82.05","Sumter Co."
"192415","Oleaceae","Chionanthus","virginicus","Chionanthus virginicus",1985-04-02,"1985","04","28.8667","-82.45","Citrus Co."
"227088","Asteraceae","Chrysopsis","mariana","Chrysopsis mariana",2008-11-26,"2008","11","28.865264","-82.038974","Sumter Co."
"227250","Ranunculaceae","Clematis","reticulata","Clematis reticulata",1963-06-03,"1963","06","28.5333","-82.45","Hernando Co."
"55401","Euphorbiaceae","Cnidoscolus","stimulosus","Cnidoscolus stimulosus",2008-06-13,"2008","06","28.688879","-82.272868","Citrus Co."
"120748","Poaceae","Coleataenia","anceps","Coleataenia anceps",1981-09-29,"1981","09","28.465832","-82.172029","Pasco Co."
"203233","Poaceae","Coleataenia","anceps","Coleataenia anceps",2008-09-03,"2008","09","28.35","-81.8167","Hernando Co."
"47181","Poaceae","Coleataenia","anceps","Coleataenia anceps",2002-12-28,"2002","12","28.6833","-82.2667","Citrus Co."
"227231","Poaceae","Coleataenia","anceps","Coleataenia anceps",1962-10-21,"1962","10","28.865264","-82.038974","Sumter Co."
"27383","Poaceae","Coleataenia","rigidula","Coleataenia rigidula",2008-09-26,"2008","09","28.35","-81.8167","Sumter Co."
"104815","Commelinaceae","Commelina","diffusa","Commelina diffusa",1981-11-12,"1981","11","28.35","-81.8167","Hernando Co."
"104757","Commelinaceae","Commelina","diffusa","Commelina diffusa",1981-09-09,"1981","09","28.35","-81.8167","Hernando Co."
"279503","Commelinaceae","Commelina","diffusa","Commelina diffusa",2008-04-15,"2008","04","null","null","Hernando Co."
"120893","Asteraceae","Conoclinium","coelestinum","Conoclinium coelestinum",1963-06-03,"1963","06","28.465832","-82.172029","Pasco Co."
"300162","Orobanchaceae","Conopholis","americana","Conopholis americana",1985-04-02,"1985","04","28.465832","-82.172029","Pasco Co."
"172093","Asteraceae","Conyza","canadensis","Conyza canadensis",2008-09-26,"2008","09","28.35","-81.8167","Citrus Co."
"55400","Asteraceae","Coreopsis","gladiata","Coreopsis gladiata",1962-06-19,"1962","06","28.6833","-82.2667","Citrus Co."
"120846","Asteraceae","Coreopsis","leavenworthii","Coreopsis leavenworthii",2008-09-26,"2008","09","28.35","-81.8167","Sumter Co."
"108163","Asteraceae","Coreopsis","leavenworthii","Coreopsis leavenworthii",2000-05-26,"2000","05","28.35","-81.8167","Hernando Co."
"149645","Cornaceae","Cornus","foemina","Cornus foemina",1961-04-05,"1961","04","28.35","-81.8167","Sumter Co."
"48015","Cornaceae","Cornus","foemina","Cornus foemina",2008-04-15,"2008","04","28.6833","-82.2667","Citrus Co."
"203724","Rosaceae","Crataegus","michauxii","Crataegus michauxii",2000-05-22,"2000","05","28.5833","-82.2167","Sumter Co."
"104198","Asteraceae","Croptilon","divaricatum","Croptilon divaricatum",2008-09-19,"2008","09","28.587772","-82.227588","Hernando Co."
"44716","Asteraceae","Croptilon","divaricatum","Croptilon divaricatum",1991-10-19,"1991","10","28.35","-81.8167","Sumter Co."
"305374","Fabaceae","Crotalaria","rotundifolia","Crotalaria rotundifolia",1962-06-19,"1962","06","null","null","Hernando Co."
"255330","Fabaceae","Crotalaria","rotundifolia","Crotalaria rotundifolia",1963-05-25,"1963","05","28.45833333","-82.03611111","Sumter Co."
"202268","Fabaceae","Crotalaria","rotundifolia","Crotalaria rotundifolia",1961-04-06,"1961","04","28.555272","-82.387871","Hernando Co."
"202274","Fabaceae","Crotalaria","rotundifolia","Crotalaria rotundifolia",1983-05-18,"1983","05","28.555272","-82.387871","Hernando Co."
"213667","Fabaceae","Crotalaria","rotundifolia","Crotalaria rotundifolia",1963-05-06,"1963","05","null","null","Sumter Co."
"204183","Euphorbiaceae","Croton","argyranthemus","Croton argyranthemus",2000-08-28,"2000","08","28.6333","-82.25","Sumter Co."
"306518","Lythraceae","Cuphea","carthagenensis","Cuphea carthagenensis",2008-04-15,"2008","04","null","null","Hernando Co."
"228945","Lythraceae","Cuphea","carthagenensis","Cuphea carthagenensis",2008-09-03,"2008","09","28.45833333","-82.03611111","Sumter Co."
"203726","Apiaceae","Cyclospermum","leptophyllum","Cyclospermum leptophyllum",2008-04-15,"2008","04","28.5833","-82.2167","Sumter Co."
"27767","Apiaceae","Cyclospermum","leptophyllum","Cyclospermum leptophyllum",1963-05-06,"1963","05","28.35","-81.8167","Sumter Co."
"44340","Poaceae","Cynodon","dactylon","Cynodon dactylon",1961-04-07,"1961","04","28.35","-81.8167","Sumter Co."
"298308","Cyperaceae","Cyperus","brevifolius","Cyperus brevifolius",2008-04-03,"2008","04","28.465832","-82.172029","Pasco Co."
"120852","Cyperaceae","Cyperus","croceus","Cyperus croceus",1962-08-07,"1962","08","28.465832","-82.172029","Pasco Co."
"27751","Cyperaceae","Cyperus","croceus","Cyperus croceus",1981-09-29,"1981","09","28.35","-81.8167","Sumter Co."
"147131","Cyperaceae","Cyperus","filiculmis","Cyperus filiculmis",1992-07-07,"1992","07","28.35","-81.8167","Hernando Co."
"238948","Cyperaceae","Cyperus","metzii","Cyperus metzii",2008-09-26,"2008","09","28.45833333","-82.03611111","Sumter Co."
"223781","Cyperaceae","Cyperus","odoratus","Cyperus odoratus",1992-05-29,"1992","05","28.45833333","-82.03611111","Sumter Co."
"216565","Cyperaceae","Cyperus","ovatus","Cyperus ovatus",1962-06-19,"1962","06","28.55","-82.05","Sumter Co."
"305368","Cyperaceae","Cyperus","ovatus","Cyperus ovatus",1968-09-07,"1968","09","null","null","Pasco Co."
"204690","Cyperaceae","Cyperus","sesquiflorus","Cyperus sesquiflorus",2008-09-26,"2008","09","28.6333","-82.25","Sumter Co."
"305381","Cyperaceae","Cyperus","tetragonus","Cyperus tetragonus",1959-09-16,"1959","09","null","null","Pasco Co."
"306887","Fabaceae","Dalea","carnea","Dalea carnea",2008-09-03,"2008","09","null","null","Hernando Co."
"233020","Fabaceae","Desmodium","ciliare","Desmodium ciliare",2008-09-26,"2008","09","28.45833333","-82.03361111","Sumter Co."
"228005","Fabaceae","Desmodium","incanum","Desmodium incanum",1962-06-29,"1962","06","28.45805556","-82.05111111","Pasco Co."
"44726","Fabaceae","Desmodium","incanum","Desmodium incanum",1981-09-29,"1981","09","28.35","-81.8167","Sumter Co."
"108173","Fabaceae","Desmodium","paniculatum","Desmodium paniculatum",1963-09-21,"1963","09","28.5","-82.1","Hernando Co."
"108172","Lamiaceae","Dicerandra","densiflora","Dicerandra densiflora",1991-10-19,"1991","10","28.5","-82.1","Hernando Co."
"27818","Lamiaceae","Dicerandra","linearifolia","Dicerandra linearifolia",1991-10-19,"1991","10","28.35","-81.8167","Sumter Co."
"9459","Poaceae","Dichanthelium","acuminatum","Dichanthelium acuminatum",2008-06-13,"2008","06","28.35","-81.8167","Citrus Co."
"161049","Poaceae","Dichanthelium","commutatum","Dichanthelium commutatum",2008-06-13,"2008","06","28.55","-82.05","Sumter Co."
"255380","Poaceae","Dichanthelium","commutatum","Dichanthelium commutatum",1961-05-01,"1961","05","28.35","-81.8167","Citrus Co."
"241872","Poaceae","Dichanthelium","commutatum","Dichanthelium commutatum",2008-09-26,"2008","09","28.5833","-82.2167","Sumter Co."
"9617","Poaceae","Dichanthelium","commutatum","Dichanthelium commutatum",1963-06-03,"1963","06","28.35","-81.8167","Citrus Co."
"104746","Poaceae","Dichanthelium","commutatum","Dichanthelium commutatum",1980-02-28,"1980","02","28.587772","-82.227588","Hernando Co."
"208171","Poaceae","Dichanthelium","dichotomum","Dichanthelium dichotomum",2008-04-15,"2008","04","28.8667","-82.45","Citrus Co."
"214612","Poaceae","Dichanthelium","dichotomum","Dichanthelium dichotomum",2008-09-26,"2008","09","28.5833","-82.2167","Sumter Co."
"186239","Poaceae","Dichanthelium","ensifolium","Dichanthelium ensifolium",2002-12-28,"2002","12","28.35","-81.8167","Hernando Co."
"197808","Poaceae","Dichanthelium","ensifolium","Dichanthelium ensifolium",1961-04-06,"1961","04","28.35","-81.8167","Hernando Co."
"9612","Poaceae","Dichanthelium","ensifolium","Dichanthelium ensifolium",1961-04-06,"1961","04","28.35","-81.8167","Citrus Co."
"55394","Poaceae","Dichanthelium","ensifolium","Dichanthelium ensifolium",2008-04-03,"2008","04","28.688879","-82.272868","Citrus Co."
"126681","Poaceae","Dichanthelium","laxiflorum","Dichanthelium laxiflorum",1961-04-05,"1961","04","28.35","-81.8167","Hernando Co."
"227282","Poaceae","Dichanthelium","laxiflorum","Dichanthelium laxiflorum",1961-04-05,"1961","04","28.865264","-82.038974","Sumter Co."
"178410","Poaceae","Dichanthelium","laxiflorum","Dichanthelium laxiflorum",1961-05-01,"1961","05","28.465832","-82.172029","Pasco Co."
"161615","Poaceae","Dichanthelium","laxiflorum","Dichanthelium laxiflorum",1981-09-29,"1981","09","28.554997","-82.054526","Sumter Co."
"161043","Poaceae","Dichanthelium","laxiflorum","Dichanthelium laxiflorum",2008-04-15,"2008","04","28.55","-82.05","Sumter Co."
"105076","Poaceae","Dichanthelium","leucothrix","Dichanthelium leucothrix",2008-04-03,"2008","04","28.5","-82.1","Hernando Co."
"300236","Poaceae","Dichanthelium","leucothrix","Dichanthelium leucothrix",2008-09-26,"2008","09","28.59194444","-82.30666667","Hernando Co."
"227311","Poaceae","Dichanthelium","portoricense","Dichanthelium portoricense",1958-03-25,"1958","03","null","null","Sumter Co."
"120355","Poaceae","Dichanthelium","portoricense","Dichanthelium portoricense",1961-04-05,"1961","04","null","null","Pasco Co."
"105116","Poaceae","Dichanthelium","portoricense","Dichanthelium portoricense",2002-12-28,"2002","12","28.8667","-82.45","Citrus Co."
"120511","Convolvulaceae","Dichondra","carolinensis","Dichondra carolinensis",2009-02-19,"2009","02","28.35","-81.8167","Sumter Co."
"120827","Acanthaceae","Dicliptera","brachiata","Dicliptera brachiata",1963-09-21,"1963","09","28.465832","-82.172029","Pasco Co."
"105105","Acanthaceae","Dicliptera","brachiata","Dicliptera brachiata",1962-10-21,"1962","10","28.5","-82.1","Hernando Co."
"10301","Poaceae","Digitaria","filiformis","Digitaria filiformis",2008-11-26,"2008","11","28.659991","-82.27759","Hernando Co."
"228438","Rubiaceae","Diodia","virginiana","Diodia virginiana",1981-09-09,"1981","09","28.35","-81.8167","Sumter Co."
"198678","Rubiaceae","Diodia","virginiana","Diodia virginiana",1981-09-29,"1981","09","28.465832","-82.172029","Pasco Co."
"306125","Ebenaceae","Diospyros","virginiana","Diospyros virginiana",2008-06-13,"2008","06","null","null","Hernando Co."
"227278","Droseraceae","Drosera","capillaris","Drosera capillaris",2008-04-03,"2008","04","28.865264","-82.038974","Sumter Co."
"122553","Caryophyllaceae","Drymaria","cordata","Drymaria cordata",2008-04-15,"2008","04","28.465832","-82.172029","Pasco Co."
"207064","Cyperaceae","Dulichium","arundinaceum","Dulichium arundinaceum",1962-06-19,"1962","06","28.35","-81.8167","Hernando Co."
"208233","Alismataceae","Echinodorus","cordifolius","Echinodorus cordifolius",1980-08-21,"1980","08","28.5833","-82.2167","Sumter Co."
"55391","Asteraceae","Eclipta","prostrata","Eclipta prostrata",1959-09-16,"1959","09","28.6833","-82.2667","Citrus Co."
"185065","Cyperaceae","Eleocharis","baldwinii","Eleocharis baldwinii",2008-09-26,"2008","09","28.6833","-82.1833","Sumter Co."
"104742","Cyperaceae","Eleocharis","vivipara","Eleocharis vivipara",2000-05-26,"2000","05","28.587772","-82.227588","Hernando Co."
"302324","Asteraceae","Elephantopus","carolinianus","Elephantopus carolinianus",1981-09-29,"1981","09","28.67027778","-82.40444444","Citrus Co."
"301303","Asteraceae","Elephantopus","carolinianus","Elephantopus carolinianus",1981-11-12,"1981","11","28.67027778","-82.40444444","Citrus Co."
"206836","Asteraceae","Elephantopus","carolinianus","Elephantopus carolinianus",1962-10-21,"1962","10","28.5833","-82.2167","Sumter Co."
"204624","Asteraceae","Elephantopus","elatus","Elephantopus elatus",2008-09-03,"2008","09","28.5833","-82.2167","Sumter Co."
"120697","Asteraceae","Elephantopus","elatus","Elephantopus elatus",1980-09-09,"1980","09","28.465832","-82.172029","Pasco Co."
"104804","Poaceae","Eleusine","indica","Eleusine indica",1981-09-29,"1981","09","28.35","-81.8167","Hernando Co."
"105080","Poaceae","Elionurus","tripsacoides","Elionurus tripsacoides",2008-09-03,"2008","09","28.5","-82.1","Hernando Co."
"55386","Orchidaceae","Epidendrum","conopseum","Epidendrum conopseum",1981-11-12,"1981","11","28.6833","-82.2667","Citrus Co."
"104626","Equisetaceae","Equisetum","hyemale","Equisetum hyemale",1990-01-18,"1990","01","28.35","-81.8167","Citrus Co."
"104799","Poaceae","Eragrostis","atrovirens","Eragrostis atrovirens",2008-09-03,"2008","09","28.35","-81.8167","Hernando Co."
"104732","Poaceae","Eragrostis","elliottii","Eragrostis elliottii",2008-09-26,"2008","09","28.35","-81.8167","Hernando Co."
"161071","Poaceae","Eragrostis","elliottii","Eragrostis elliottii",2001-10-22,"2001","10","28.55","-82.05","Sumter Co."
"238711","Poaceae","Eragrostis","refracta","Eragrostis refracta",2008-09-26,"2008","09","28.835818","-82.330372","Citrus Co."
"48094","Asteraceae","Erigeron","canadensis","Erigeron canadensis",1959-09-16,"1959","09","28.688879","-82.272868","Citrus Co."
"161622","Asteraceae","Erigeron","quercifolius","Erigeron quercifolius",1985-04-02,"1985","04","28.554997","-82.054526","Sumter Co."
"161066","Asteraceae","Erigeron","quercifolius","Erigeron quercifolius",1958-03-25,"1958","03","28.55","-82.05","Sumter Co."
"162067","Asteraceae","Erigeron","vernus","Erigeron vernus",1961-04-06,"1961","04","28.35","-82.0333","Sumter Co."
"161626","Asteraceae","Erigeron","vernus","Erigeron vernus",2008-04-03,"2008","04","28.554997","-82.054526","Sumter Co."
"104200","Eriocaulaceae","Eriocaulon","compressum","Eriocaulon compressum",1961-04-06,"1961","04","28.587772","-82.227588","Hernando Co."
"105096","Eriocaulaceae","Eriocaulon","decangulare","Eriocaulon decangulare",1963-05-25,"1963","05","28.35","-81.8167","Hernando Co."
"237270","Apiaceae","Eryngium","baldwinii","Eryngium baldwinii",1981-11-12,"1981","11","28.5833","-82.2167","Sumter Co."
"105119","Apiaceae","Eryngium","baldwinii","Eryngium baldwinii",2008-04-15,"2008","04","28.8667","-82.45","Citrus Co."
"55403","Apiaceae","Eryngium","baldwinii","Eryngium baldwinii",1980-04-23,"1980","04","28.6833","-82.2667","Citrus Co."
"185058","Celastraceae","Euonymus","americanus","Euonymus americanus",1975-09-01,"1975","09","28.6833","-82.1833","Sumter Co."
"57407","Asteraceae","Eupatorium","album","Eupatorium album",1992-07-07,"1992","07","28.35","-81.8167","Citrus Co."
"227203","Asteraceae","Eupatorium","leptophyllum","Eupatorium leptophyllum",2008-09-26,"2008","09","28.865264","-82.038974","Sumter Co."
"227237","Asteraceae","Eupatorium","leptophyllum","Eupatorium leptophyllum",1975-09-21,"1975","09","28.35","-81.8167","Hernando Co."
"104202","Asteraceae","Eupatorium","leptophyllum","Eupatorium leptophyllum",1976-10-02,"1976","10","28.587772","-82.227588","Hernando Co."
"104826","Asteraceae","Eupatorium","linearifolium","Eupatorium linearifolium",1992-07-07,"1992","07","28.35","-81.8167","Sumter Co."
"105128","Asteraceae","Eupatorium","mohrii","Eupatorium mohrii",1975-09-21,"1975","09","28.8667","-82.45","Citrus Co."
"27791","Asteraceae","Eupatorium","mohrii","Eupatorium mohrii",1983-05-18,"1983","05","28.35","-81.8167","Sumter Co."
"227192","Euphorbiaceae","Euphorbia","blodgettii","Euphorbia blodgettii",1959-09-16,"1959","09","28.865264","-82.038974","Sumter Co."
"105122","Euphorbiaceae","Euphorbia","cordifolia","Euphorbia cordifolia",2001-10-22,"2001","10","28.8667","-82.45","Citrus Co."
"27735","Euphorbiaceae","Euphorbia","cyathophora","Euphorbia cyathophora",1959-09-16,"1959","09","28.35","-81.8167","Sumter Co."
"104744","Euphorbiaceae","Euphorbia","prostrata","Euphorbia prostrata",2007-09-22,"2007","09","28.587772","-82.227588","Hernando Co."
"104802","Boraginaceae","Euploca","polyphylla","Euploca polyphylla",2008-09-03,"2008","09","28.35","-81.8167","Hernando Co."
"104629","Poaceae","Eustachys","petraea","Eustachys petraea",1961-04-06,"1961","04","30.2333","-84.6667","Citrus Co."
"263884","Cyperaceae","Fimbristylis","dichotoma","Fimbristylis dichotoma",2008-09-26,"2008","09","28.835818","-82.330372","Citrus Co."
"204622","Cyperaceae","Fimbristylis","spadicea","Fimbristylis spadicea",1959-09-16,"1959","09","28.6333","-82.25","Sumter Co."
"203825","Oleaceae","Fraxinus","caroliniana","Fraxinus caroliniana",2007-09-22,"2007","09","28.555272","-82.387871","Hernando Co."
"27736","Oleaceae","Fraxinus","caroliniana","Fraxinus caroliniana",1958-08-13,"1958","08","28.35","-81.8167","Sumter Co."
"227302","Papaveraceae","Fumaria","officinalis","Fumaria officinalis",2009-02-19,"2009","02","28.5333","-82.45","Hernando Co."
"172102","Fabaceae","Galactia","elliottii","Galactia elliottii",1980-08-20,"1980","08","28.835818","-82.330372","Citrus Co."
"55432","Fabaceae","Galactia","volubilis","Galactia volubilis",1963-06-03,"1963","06","28.688879","-82.272868","Citrus Co."
"104838","Rubiaceae","Galium","bermudense","Galium bermudense",1963-05-25,"1963","05","28.35","-81.8167","Sumter Co."
"226266","Rubiaceae","Galium","bermudense","Galium bermudense",1981-09-29,"1981","09","28.80472222","-82.4025","Citrus Co."
"226349","Rubiaceae","Galium","bermudense","Galium bermudense",1980-08-20,"1980","08","28.80472222","-82.4025","Citrus Co."
"227309","Rubiaceae","Galium","pilosum","Galium pilosum",2008-09-26,"2008","09","28.865264","-82.038974","Sumter Co."
"227197","Rubiaceae","Galium","pilosum","Galium pilosum",1963-06-03,"1963","06","28.865264","-82.038974","Sumter Co."
"105112","Rubiaceae","Galium","pilosum","Galium pilosum",1963-05-06,"1963","05","28.8667","-82.45","Citrus Co."
"227757","Rubiaceae","Galium","tinctorium","Galium tinctorium",1985-04-02,"1985","04","28.80472222","-82.4025","Citrus Co."
"227215","Rubiaceae","Galium","tinctorium","Galium tinctorium",1980-04-23,"1980","04","28.865264","-82.038974","Sumter Co."
"120714","Asteraceae","Gamochaeta","antillana","Gamochaeta antillana",2008-04-15,"2008","04","28.465832","-82.172029","Pasco Co."
"120348","Asteraceae","Gamochaeta","pensylvanica","Gamochaeta pensylvanica",2008-04-15,"2008","04","28.465832","-82.172029","Pasco Co."
"226190","Ericaceae","Gaylussacia","dumosa","Gaylussacia dumosa",1961-04-07,"1961","04","28.80472222","-82.4025","Citrus Co."
"208231","Ericaceae","Gaylussacia","frondosa","Gaylussacia frondosa",1961-04-07,"1961","04","28.35","-81.8167","Hernando Co."
"55407","Gelsemiaceae","Gelsemium","sempervirens","Gelsemium sempervirens",2009-02-19,"2009","02","28.688879","-82.272868","Citrus Co."
"27785","Chrysobalanaceae","Geobalanus","oblongifolius","Geobalanus oblongifolius",2000-05-22,"2000","05","28.35","-81.8167","Sumter Co."
"242221","Geraniaceae","Geranium","carolinianum","Geranium carolinianum",2008-04-15,"2008","04","28.664992","-82.112863","Sumter Co."
"298821","Amaranthaceae","Gomphrena","serrata","Gomphrena serrata",2008-11-26,"2008","11","28.465832","-82.172029","Pasco Co."
"161064","Plantaginaceae","Gratiola","ramosa","Gratiola ramosa",1961-04-07,"1961","04","28.55","-82.05","Sumter Co."
"227211","Plantaginaceae","Gratiola","ramosa","Gratiola ramosa",1961-04-06,"1961","04","28.35","-81.8167","Hernando Co."
"246044","Plantaginaceae","Gratiola","virginiana","Gratiola virginiana",1978-06-25,"1978","06","28.664992","-82.112863","Sumter Co."
"245334","Orchidaceae","Habenaria","quinqueseta","Habenaria quinqueseta",2008-09-26,"2008","09","28.80472222","-82.4025","Citrus Co."
"223949","Orchidaceae","Habenaria","repens","Habenaria repens",1983-06-15,"1983","06","28.80472222","-82.4025","Citrus Co."
"162074","Asteraceae","Helianthus","angustifolius","Helianthus angustifolius",2008-09-26,"2008","09","28.35","-82.0333","Sumter Co."
"204618","Asteraceae","Helianthus","radula","Helianthus radula",2008-09-26,"2008","09","28.5833","-82.2167","Sumter Co."
"303794","Asteraceae","Heterotheca","subaxillaris","Heterotheca subaxillaris",1959-09-16,"1959","09","null","null","Pasco Co."
"306284","Rubiaceae","Hexasepalum","teres","Hexasepalum teres",2008-09-26,"2008","09","null","null","Sumter Co."
"227245","Asteraceae","Hieracium","megacephalon","Hieracium megacephalon",2008-04-03,"2008","04","28.5333","-82.45","Hernando Co."
"227205","Rubiaceae","Houstonia","procumbens","Houstonia procumbens",2009-02-19,"2009","02","28.865264","-82.038974","Sumter Co."
"242452","Araliaceae","Hydrocotyle","umbellata","Hydrocotyle umbellata",1985-04-02,"1985","04","28.664992","-82.112863","Sumter Co."
"227248","Araliaceae","Hydrocotyle","verticillata","Hydrocotyle verticillata",1962-06-29,"1962","06","28.5333","-82.45","Hernando Co."
"232026","Araliaceae","Hydrocotyle","verticillata","Hydrocotyle verticillata",1985-04-02,"1985","04","28.7167","-82.3","Citrus Co."
"210831","Araliaceae","Hydrocotyle","verticillata","Hydrocotyle verticillata",1958-06-12,"1958","06","28.835818","-82.330372","Citrus Co."
"105123","Clusiaceae","Hypericum","galioides","Hypericum galioides",2006-03-14,"2006","03","28.8667","-82.45","Citrus Co."
"288228","Clusiaceae","Hypericum","hypericoides","Hypericum hypericoides",1959-09-16,"1959","09","28.465832","-82.172029","Pasco Co."
"161041","Clusiaceae","Hypericum","hypericoides","Hypericum hypericoides",2008-09-26,"2008","09","28.55","-82.05","Sumter Co."
"105120","Clusiaceae","Hypericum","mutilum","Hypericum mutilum",1960-01-06,"1960","01","28.8667","-82.45","Citrus Co."
"194143","Clusiaceae","Hypericum","myrtifolium","Hypericum myrtifolium",1962-06-19,"1962","06","28.8667","-82.45","Citrus Co."
"192765","Clusiaceae","Hypericum","tenuifolium","Hypericum tenuifolium",1962-06-19,"1962","06","28.8667","-82.45","Citrus Co."
"203824","Clusiaceae","Hypericum","tenuifolium","Hypericum tenuifolium",1962-01-06,"1962","01","28.555272","-82.387871","Hernando Co."
"161036","Clusiaceae","Hypericum","tetrapetalum","Hypericum tetrapetalum",2008-09-26,"2008","09","28.55","-82.05","Sumter Co."
"56007","Hypoxidaceae","Hypoxis","curtissii","Hypoxis curtissii",1961-04-05,"1961","04","28.35","-81.8167","Sumter Co."
"150746","Hypoxidaceae","Hypoxis","curtissii","Hypoxis curtissii",1958-03-25,"1958","03","28.35","-81.8167","Sumter Co."
"239760","Hypoxidaceae","Hypoxis","curtissii","Hypoxis curtissii",1981-11-12,"1981","11","28.73916667","-82.39","Citrus Co."
"241878","Hypoxidaceae","Hypoxis","curtissii","Hypoxis curtissii",2002-12-28,"2002","12","28.5833","-82.2167","Sumter Co."
"228046","Hypoxidaceae","Hypoxis","juncea","Hypoxis juncea",2008-04-03,"2008","04","28.80472222","-82.4025","Citrus Co."
"29335","Lamiaceae","Hyptis","alata","Hyptis alata",1968-09-07,"1968","09","28.35","-81.8167","Sumter Co."
"29336","Aquifoliaceae","Ilex","ambigua","Ilex ambigua",1983-10-11,"1983","10","28.35","-81.8167","Sumter Co."
"43136","Aquifoliaceae","Ilex","cassine","Ilex cassine",2008-09-26,"2008","09","28.35","-81.8167","Hernando Co."
"43144","Aquifoliaceae","Ilex","glabra","Ilex glabra",1961-04-07,"1961","04","28.35","-81.8167","Hernando Co."
"162079","Aquifoliaceae","Ilex","glabra","Ilex glabra",1981-11-12,"1981","11","28.35","-82.0333","Sumter Co."
"55395","Aquifoliaceae","Ilex","opaca","Ilex opaca",1985-04-02,"1985","04","28.6833","-82.2667","Citrus Co."
"104375","Aquifoliaceae","Ilex","vomitoria","Ilex vomitoria",1959-09-16,"1959","09","28.587772","-82.227588","Hernando Co."
"154522","Poaceae","Imperata","cylindrica","Imperata cylindrica",2008-04-15,"2008","04","28.35","-81.8167","Sumter Co."
"204691","Fabaceae","Indigofera","caroliniana","Indigofera caroliniana",2000-05-22,"2000","05","28.6333","-82.25","Sumter Co."
"562","Amaranthaceae","Iresine","diffusa","Iresine diffusa",1959-09-16,"1959","09","28.35","-81.8167","Sumter Co."
"238807","Amaranthaceae","Iresine","diffusa","Iresine diffusa",1963-09-17,"1963","09","28.835818","-82.330372","Citrus Co."
"46105","Iridaceae","Iris","savannarum","Iris savannarum",1985-04-02,"1985","04","28.35","-81.8167","Sumter Co."
"46104","Iridaceae","Iris","savannarum","Iris savannarum",1961-04-05,"1961","04","28.35","-81.8167","Sumter Co."
"625","Iridaceae","Iris","savannarum","Iris savannarum",1958-03-25,"1958","03","28.35","-81.8167","Sumter Co."
"216356","Iridaceae","Iris","savannarum","Iris savannarum",1958-03-25,"1958","03","28.53416667","-82.14555556","Hernando Co."
"29338","Isoetaceae","Isoetes","flaccida","Isoetes flaccida",1985-12-04,"1985","12","28.35","-81.8167","Sumter Co."
"27740","Isoetaceae","Isoetes","flaccida","Isoetes flaccida",1990-03-17,"1990","03","28.35","-81.8167","Sumter Co."
"43147","Isoetaceae","Isoetes","flaccida","Isoetes flaccida",1986-09-26,"1986","09","28.35","-81.8167","Hernando Co."
"161052","Iteaceae","Itea","virginica","Itea virginica",1985-04-02,"1985","04","28.55","-82.05","Sumter Co."
"236092","Juncaceae","Juncus","bufonius","Juncus bufonius",2008-04-15,"2008","04","28.45833333","-82.03611111","Sumter Co."
"204617","Juncaceae","Juncus","marginatus","Juncus marginatus",2008-09-26,"2008","09","28.6333","-82.25","Sumter Co."
"606","Juncaceae","Juncus","marginatus","Juncus marginatus",2002-12-28,"2002","12","28.35","-81.8167","Sumter Co."
"29337","Juncaceae","Juncus","megacephalus","Juncus megacephalus",1959-09-16,"1959","09","28.35","-81.8167","Sumter Co."
"232066","Cupressaceae","Juniperus","virginiana","Juniperus virginiana",2009-02-19,"2009","02","28.5","-82.1","Hernando Co."
"238554","Poaceae","Kellochloa","verrucosa","Kellochloa verrucosa",2008-09-26,"2008","09","28.35","-81.8167","Citrus Co."
"208240","Malvaceae","Kosteletzkya","pentacarpos","Kosteletzkya pentacarpos",1959-09-16,"1959","09","28.8667","-82.45","Citrus Co."
"203723","Malvaceae","Kosteletzkya","pentacarpos","Kosteletzkya pentacarpos",2007-08-15,"2007","08","28.5833","-82.2167","Sumter Co."
"303572","Krameriaceae","Krameria","lanceolata","Krameria lanceolata",2000-05-22,"2000","05","null","null","Citrus Co."
"56009","Krameriaceae","Krameria","lanceolata","Krameria lanceolata",2000-05-22,"2000","05","28.35","-81.8167","Sumter Co."
"48088","Eriocaulaceae","Lachnocaulon","anceps","Lachnocaulon anceps",2008-09-26,"2008","09","28.6833","-82.2667","Citrus Co."
"253647","Asteraceae","Lactuca","floridana","Lactuca floridana",1963-09-21,"1963","09","28.72666667","-82.40194444","Citrus Co."
"223464","Asteraceae","Lactuca","graminifolia","Lactuca graminifolia",2008-06-13,"2008","06","28.8667","-82.45","Citrus Co."
"208241","Asteraceae","Lactuca","graminifolia","Lactuca graminifolia",1961-04-06,"1961","04","28.35","-81.8167","Citrus Co."
"161586","Asteraceae","Lactuca","graminifolia","Lactuca graminifolia",1961-04-06,"1961","04","28.554997","-82.054526","Sumter Co."
"161074","Cistaceae","Lechea","minor","Lechea minor",1962-08-07,"1962","08","28.55","-82.05","Sumter Co."
"120982","Cistaceae","Lechea","sessiliflora","Lechea sessiliflora",1981-09-20,"1981","09","28.465832","-82.172029","Pasco Co."
"104808","Cistaceae","Lechea","torreyi","Lechea torreyi",2008-09-26,"2008","09","28.5","-82.1","Hernando Co."
"27755","Araceae","Lemna","aequinoctialis","Lemna aequinoctialis",1963-05-06,"1963","05","28.35","-81.8167","Sumter Co."
"55390","Brassicaceae","Lepidium","virginicum","Lepidium virginicum",1980-04-23,"1980","04","28.688879","-82.272868","Citrus Co."
"27758","Asteraceae","Liatris","gracilis","Liatris gracilis",2008-09-26,"2008","09","28.35","-81.8167","Sumter Co."
"208179","Asteraceae","Liatris","gracilis","Liatris gracilis",1991-10-19,"1991","10","28.8667","-82.45","Citrus Co."
"193035","Hydrocharitaceae","Limnobium","spongia","Limnobium spongia",1981-09-09,"1981","09","28.465832","-82.172029","Pasco Co."
"193865","Plumbaginaceae","Limonium","carolinianum","Limonium carolinianum",1959-09-16,"1959","09","28.465832","-82.172029","Pasco Co."
"149637","Plumbaginaceae","Limonium","carolinianum","Limonium carolinianum",1959-09-16,"1959","09","28.35","-81.8167","Sumter Co."
"161167","Plantaginaceae","Linaria","canadensis","Linaria canadensis",2008-04-15,"2008","04","28.55","-82.05","Sumter Co."
"242444","Linderniaceae","Lindernia","grandiflora","Lindernia grandiflora",1961-04-05,"1961","04","28.664992","-82.112863","Sumter Co."
"104761","Linderniaceae","Lindernia","grandiflora","Lindernia grandiflora",1958-04-29,"1958","04","28.35","-81.8167","Hernando Co."
"138848","Boraginaceae","Lithospermum","virginianum","Lithospermum virginianum",1992-07-07,"1992","07","28.465832","-82.172029","Pasco Co."
"204693","Campanulaceae","Lobelia","cardinalis","Lobelia cardinalis",1981-09-29,"1981","09","28.6333","-82.25","Sumter Co."
"208183","Campanulaceae","Lobelia","cardinalis","Lobelia cardinalis",1981-09-09,"1981","09","28.8667","-82.45","Citrus Co."
"227212","Campanulaceae","Lobelia","cardinalis","Lobelia cardinalis",NA,NA,NA,"28.865264","-82.038974","Sumter Co."
"161051","Campanulaceae","Lobelia","cardinalis","Lobelia cardinalis",1963-09-21,"1963","09","28.55","-82.05","Sumter Co."
"162101","Campanulaceae","Lobelia","feayana","Lobelia feayana",2008-04-03,"2008","04","28.35","-82.0333","Sumter Co."
"48018","Campanulaceae","Lobelia","paludosa","Lobelia paludosa",1983-05-18,"1983","05","28.6833","-82.2667","Citrus Co."
"150744","Caprifoliaceae","Lonicera","sempervirens","Lonicera sempervirens",1980-05-01,"1980","05","28.35","-81.8167","Sumter Co."
"161050","Onagraceae","Ludwigia","leptocarpa","Ludwigia leptocarpa",1981-09-29,"1981","09","28.55","-82.05","Sumter Co."
"55973","Onagraceae","Ludwigia","octovalvis","Ludwigia octovalvis",2008-04-15,"2008","04","28.35","-81.8167","Sumter Co."
"120826","Onagraceae","Ludwigia","palustris","Ludwigia palustris",1961-04-05,"1961","04","28.465832","-82.172029","Pasco Co."
"185062","Onagraceae","Ludwigia","peruviana","Ludwigia peruviana",1981-09-29,"1981","09","28.6833","-82.1833","Sumter Co."
"162077","Fabaceae","Lupinus","diffusus","Lupinus diffusus",2000-05-22,"2000","05","28.35","-82.0333","Sumter Co."
"56022","Fabaceae","Lupinus","perennis","Lupinus perennis",1958-04-20,"1958","04","28.35","-81.8167","Sumter Co."
"232014","Lamiaceae","Lycopus","rubellus","Lycopus rubellus",2008-09-26,"2008","09","28.865264","-82.038974","Sumter Co."
"178420","Schizaeaceae","Lygodium","japonicum","Lygodium japonicum",2008-06-13,"2008","06","28.465832","-82.172029","Pasco Co."
"122570","Schizaeaceae","Lygodium","microphyllum","Lygodium microphyllum",2008-09-03,"2008","09","28.4667","-82.0667","Pasco Co."
"192405","Ericaceae","Lyonia","ferruginea","Lyonia ferruginea",1985-04-02,"1985","04","28.8667","-82.45","Citrus Co."
"120696","Ericaceae","Lyonia","fruticosa","Lyonia fruticosa",1963-05-25,"1963","05","28.465832","-82.172029","Pasco Co."
"184984","Ericaceae","Lyonia","lucida","Lyonia lucida",1961-04-06,"1961","04","28.6833","-82.1833","Sumter Co."
"4203","Myrsinaceae","Lysimachia","minima","Lysimachia minima",1958-03-25,"1958","03","28.35","-81.8167","Sumter Co."
"258785","Thelypteridaceae","Macrothelypteris","torresiana","Macrothelypteris torresiana",1962-10-21,"1962","10","28.23362","-82.181195","Pasco Co."
"104809","Plantaginaceae","Maurandya","antirrhiniflora","Maurandya antirrhiniflora",1959-05-04,"1959","05","28.5","-82.1","Hernando Co."
"104753","Plantaginaceae","Mecardonia","acuminata","Mecardonia acuminata",1975-11-02,"1975","11","28.587772","-82.227588","Hernando Co."
"104643","Plantaginaceae","Mecardonia","acuminata","Mecardonia acuminata",2001-05-10,"2001","05","28.35","-81.8167","Citrus Co."
"120716","Plantaginaceae","Mecardonia","procumbens","Mecardonia procumbens",2008-04-15,"2008","04","28.465832","-82.172029","Pasco Co."
"104738","Asteraceae","Melanthera","nivea","Melanthera nivea",1959-09-16,"1959","09","28.587772","-82.227588","Hernando Co."
"104635","Asteraceae","Melanthera","nivea","Melanthera nivea",2008-09-26,"2008","09","28.35","-81.8167","Citrus Co."
"27753","Asteraceae","Melanthera","nivea","Melanthera nivea",1963-09-21,"1963","09","28.35","-81.8167","Sumter Co."
"258791","Asteraceae","Melanthera","nivea","Melanthera nivea",1980-10-14,"1980","10","28.55","-82.05","Sumter Co."
"122571","Meliaceae","Melia","azedarach","Melia azedarach",1963-06-03,"1963","06","28.35","-81.8167","Sumter Co."
"27386","Malvaceae","Melochia","corchorifolia","Melochia corchorifolia",2008-09-03,"2008","09","28.35","-81.8167","Sumter Co."
"216427","Cucurbitaceae","Melothria","pendula","Melothria pendula",1959-05-04,"1959","05","28.45833333","-82.03611111","Sumter Co."
"300146","Cucurbitaceae","Melothria","pendula","Melothria pendula",1962-06-29,"1962","06","28.465832","-82.172029","Pasco Co."
"122480","Cucurbitaceae","Melothria","pendula","Melothria pendula",1959-09-16,"1959","09","28.465832","-82.172029","Pasco Co."
"105101","Cucurbitaceae","Melothria","pendula","Melothria pendula",1959-09-16,"1959","09","28.5","-82.1","Hernando Co."
"122548","Cucurbitaceae","Melothria","pendula","Melothria pendula",1981-09-29,"1981","09","28.35","-81.8167","Sumter Co."
"229092","Cucurbitaceae","Melothria","pendula","Melothria pendula",2008-09-26,"2008","09","28.45805556","-82.06111111","Pasco Co."
"229053","Cucurbitaceae","Melothria","pendula","Melothria pendula",1958-07-16,"1958","07","28.45833333","-82.03611111","Sumter Co."
"241023","Loasaceae","Mentzelia","floridana","Mentzelia floridana",1959-09-16,"1959","09","28.80472222","-82.4025","Citrus Co."
"162080","Asteraceae","Mikania","cordifolia","Mikania cordifolia",2008-11-26,"2008","11","28.35","-82.0333","Sumter Co."
"242390","Rubiaceae","Mitchella","repens","Mitchella repens",1985-04-02,"1985","04","28.664992","-82.112863","Sumter Co."
"104801","Rubiaceae","Mitchella","repens","Mitchella repens",1961-04-05,"1961","04","28.35","-81.8167","Hernando Co."
"122563","Rubiaceae","Mitchella","repens","Mitchella repens",1983-11-12,"1983","11","28.4667","-82.0667","Pasco Co."
"104751","Rubiaceae","Mitchella","repens","Mitchella repens",1963-05-06,"1963","05","28.587772","-82.227588","Hernando Co."
"214503","Loganiaceae","Mitreola","petiolata","Mitreola petiolata",1959-09-16,"1959","09","28.45833333","-82.03611111","Sumter Co."
"154581","Loganiaceae","Mitreola","sessilifolia","Mitreola sessilifolia",2008-09-26,"2008","09","28.35","-81.8167","Sumter Co."
"228893","Lamiaceae","Monarda","punctata","Monarda punctata",1968-09-07,"1968","09","28.45833333","-82.03611111","Sumter Co."
"104812","Lamiaceae","Monarda","punctata","Monarda punctata",1963-09-21,"1963","09","28.5","-82.1","Hernando Co."
"104724","Myricaceae","Morella","cerifera","Morella cerifera",2008-06-13,"2008","06","28.587772","-82.227588","Hernando Co."
"299386","Myricaceae","Morella","cerifera","Morella cerifera",1961-04-07,"1961","04","28.5","-82.1","Hernando Co."
"121049","Myricaceae","Morella","cerifera","Morella cerifera",2008-09-26,"2008","09","29.031521","-82.823055","Citrus Co."
"206459","Commelinaceae","Murdannia","nudiflora","Murdannia nudiflora",2008-09-03,"2008","09","28.6333","-82.25","Sumter Co."
"167163","Haloragaceae","Myriophyllum","aquaticum","Myriophyllum aquaticum",2007-09-22,"2007","09","28.35","-81.8167","Hernando Co."
"260806","Myrsinaceae","Myrsine","cubana","Myrsine cubana",2007-04-01,"2007","04","28.835818","-82.330372","Citrus Co."
"125619","Myrsinaceae","Myrsine","cubana","Myrsine cubana",2007-02-27,"2007","02","28.35","-81.8167","Sumter Co."
"263853","Vitaceae","Nekemias","arborea","Nekemias arborea",2008-06-13,"2008","06","28.835818","-82.330372","Citrus Co."
"172116","Vitaceae","Nekemias","arborea","Nekemias arborea",1962-05-25,"1962","05","28.835818","-82.330372","Citrus Co."
"122481","Vitaceae","Nekemias","arborea","Nekemias arborea",1959-09-16,"1959","09","28.465832","-82.172029","Pasco Co."
"226238","Vitaceae","Nekemias","arborea","Nekemias arborea",1983-05-18,"1983","05","28.45305556","-82.14583333","Pasco Co."
"227246","Nephrolepidaceae","Nephrolepis","exaltata","Nephrolepis exaltata",2008-09-26,"2008","09","28.5333","-82.45","Hernando Co."
"226194","Apocynaceae","Nerium","oleander","Nerium oleander",1959-05-04,"1959","05","28.45833333","-82.03611111","Sumter Co."
"232243","Nyssaceae","Nyssa","biflora","Nyssa biflora",1963-05-25,"1963","05","28.865264","-82.038974","Sumter Co."
"211047","Asteraceae","Oclemena","reticulata","Oclemena reticulata",1961-04-06,"1961","04","28.8667","-82.45","Citrus Co."
"303912","Onagraceae","Oenothera","simulans","Oenothera simulans",2008-06-13,"2008","06","null","null","Hernando Co."
"227233","Onagraceae","Oenothera","simulans","Oenothera simulans",2008-09-03,"2008","09","28.5333","-82.45","Hernando Co."
"245268","Rubiaceae","Oldenlandia","corymbosa","Oldenlandia corymbosa",2008-09-26,"2008","09","28.52527778","-82.20527778","Hernando Co."
"208165","Poaceae","Oplismenus","setarius","Oplismenus setarius",1962-10-21,"1962","10","28.8667","-82.45","Citrus Co."
"27390","Cactaceae","Opuntia","stricta","Opuntia stricta",1959-09-16,"1959","09","28.35","-81.8167","Sumter Co."
"104624","Apocynaceae","Orthosia","scoparia","Orthosia scoparia",2008-09-26,"2008","09","28.35","-81.8167","Citrus Co."
"108174","Apocynaceae","Orthosia","scoparia","Orthosia scoparia",1963-05-06,"1963","05","28.5","-82.1","Hernando Co."
"242352","Osmundaceae","Osmunda","spectabilis","Osmunda spectabilis",1985-04-02,"1985","04","28.664992","-82.112863","Sumter Co."
"223960","Oxalidaceae","Oxalis","corniculata","Oxalis corniculata",1962-06-29,"1962","06","28.45833333","-82.03611111","Sumter Co."
"242399","Asteraceae","Packera","glabella","Packera glabella",1985-04-02,"1985","04","28.664992","-82.112863","Sumter Co."
"227210","Rubiaceae","Paederia","foetida","Paederia foetida",1983-10-12,"1983","10","28.5333","-82.45","Hernando Co."
"245259","Urticaceae","Parietaria","floridana","Parietaria floridana",1958-03-25,"1958","03","28.5225","-82.21","Hernando Co."
"288169","Urticaceae","Parietaria","floridana","Parietaria floridana",1958-07-12,"1958","07","28.465832","-82.172029","Pasco Co."
"120349","Urticaceae","Parietaria","praetermissa","Parietaria praetermissa",1985-04-02,"1985","04","28.465832","-82.172029","Pasco Co."
"7580","Urticaceae","Parietaria","praetermissa","Parietaria praetermissa",1963-05-06,"1963","05","28.6833","-82.2667","Citrus Co."
"3669","Caryophyllaceae","Paronychia","baldwinii","Paronychia baldwinii",1981-09-29,"1981","09","28.664992","-82.112863","Sumter Co."
"120370","Caryophyllaceae","Paronychia","patula","Paronychia patula",2000-08-28,"2000","08","28.465832","-82.172029","Pasco Co."
"226988","Caryophyllaceae","Paronychia","rugelii","Paronychia rugelii",1962-08-07,"1962","08","28.5333","-82.45","Hernando Co."
"122479","Caryophyllaceae","Paronychia","rugelii","Paronychia rugelii",1981-09-20,"1981","09","28.35","-81.8167","Sumter Co."
"223859","Vitaceae","Parthenocissus","quinquefolia","Parthenocissus quinquefolia",1963-06-03,"1963","06","28.45805556","-82.06111111","Pasco Co."
"192408","Poaceae","Paspalum","botterii","Paspalum botterii",1963-09-21,"1963","09","28.8667","-82.45","Citrus Co."
"232012","Poaceae","Paspalum","botterii","Paspalum botterii",1962-10-21,"1962","10","28.7167","-82.3","Citrus Co."
"122552","Poaceae","Paspalum","conjugatum","Paspalum conjugatum",2008-09-03,"2008","09","28.35","-81.8167","Sumter Co."
"104843","Poaceae","Paspalum","distichum","Paspalum distichum",2008-09-03,"2008","09","28.35","-81.8167","Sumter Co."
"150708","Poaceae","Paspalum","laeve","Paspalum laeve",1989-07-31,"1989","07","28.35","-81.8167","Sumter Co."
"55387","Poaceae","Paspalum","notatum","Paspalum notatum",2008-06-13,"2008","06","28.688879","-82.272868","Citrus Co."
"297190","Poaceae","Paspalum","praecox","Paspalum praecox",1988-05-26,"1988","05","28.465832","-82.172029","Pasco Co."
"161075","Poaceae","Paspalum","repens","Paspalum repens",1981-09-29,"1981","09","28.55","-82.05","Sumter Co."
"150712","Poaceae","Paspalum","repens","Paspalum repens",2008-09-26,"2008","09","28.35","-81.8167","Sumter Co."
"55379","Poaceae","Paspalum","urvillei","Paspalum urvillei",2008-09-03,"2008","09","28.688879","-82.272868","Citrus Co."
"55420","Passifloraceae","Passiflora","incarnata","Passiflora incarnata",2000-05-22,"2000","05","28.688879","-82.272868","Citrus Co."
"185040","Passifloraceae","Passiflora","suberosa","Passiflora suberosa",1962-06-29,"1962","06","28.6833","-82.1833","Sumter Co."
"27827","Passifloraceae","Passiflora","suberosa","Passiflora suberosa",1959-09-16,"1959","09","28.35","-81.8167","Sumter Co."
"104816","Apocynaceae","Pattalias","palustris","Pattalias palustris",1959-09-16,"1959","09","28.35","-81.8167","Hernando Co."
"104754","Malvaceae","Pavonia","spinifex","Pavonia spinifex",1962-10-21,"1962","10","28.587772","-82.227588","Hernando Co."
"154580","Malvaceae","Pavonia","spinifex","Pavonia spinifex",1962-10-21,"1962","10","28.35","-81.8167","Sumter Co."
"104621","Polypodiaceae","Pecluma","dispersa","Pecluma dispersa",1963-09-21,"1963","09","28.35","-81.8167","Citrus Co."
"27743","Polypodiaceae","Pecluma","dispersa","Pecluma dispersa",1962-10-21,"1962","10","28.35","-81.8167","Sumter Co."
"27742","Polypodiaceae","Pecluma","plumula","Pecluma plumula",1961-05-01,"1961","05","28.35","-81.8167","Sumter Co."
"27741","Polypodiaceae","Pecluma","ptilota","Pecluma ptilota",1963-09-21,"1963","09","28.35","-81.8167","Sumter Co."
"172117","Fabaceae","Pediomelum","canescens","Pediomelum canescens",2000-05-22,"2000","05","28.835818","-82.330372","Citrus Co."
"227191","Plantaginaceae","Penstemon","multiflorus","Penstemon multiflorus",1968-09-07,"1968","09","28.865264","-82.038974","Sumter Co."
"105114","Rubiaceae","Pentodon","pentandrus","Pentodon pentandrus",1958-07-12,"1958","07","28.8667","-82.45","Citrus Co."
"204620","Lauraceae","Persea","borbonia","Persea borbonia",1963-05-06,"1963","05","28.6333","-82.25","Sumter Co."
"27774","Polygonaceae","Persicaria","hydropiperoides","Persicaria hydropiperoides",1961-04-05,"1961","04","28.35","-81.8167","Sumter Co."
"27752","Polygonaceae","Persicaria","punctata","Persicaria punctata",1981-09-20,"1981","09","28.35","-81.8167","Sumter Co."
"105099","Polygonaceae","Persicaria","punctata","Persicaria punctata",1959-09-16,"1959","09","28.5","-82.1","Hernando Co."
"105086","Polygonaceae","Persicaria","punctata","Persicaria punctata",1972-06-11,"1972","06","28.35","-81.8167","Hernando Co."
"264354","Polygonaceae","Persicaria","punctata","Persicaria punctata",1958-07-12,"1958","07","28.664992","-82.112863","Sumter Co."
"104204","Polygonaceae","Persicaria","setacea","Persicaria setacea",1963-09-17,"1963","09","null","null","Hernando Co."
"206121","Petiveriaceae","Petiveria","alliacea","Petiveria alliacea",1962-10-21,"1962","10","28.6333","-82.25","Sumter Co."
"208238","Poaceae","Phanopyrum","gymnocarpon","Phanopyrum gymnocarpon",1981-09-29,"1981","09","28.8667","-82.45","Citrus Co."
"171786","Polypodiaceae","Phlebodium","aureum","Phlebodium aureum",1960-01-06,"1960","01","28.35","-81.8167","Sumter Co."
"122550","Polypodiaceae","Phlebodium","aureum","Phlebodium aureum",1981-09-09,"1981","09","28.35","-81.8167","Sumter Co."
"302721","Polypodiaceae","Phlebodium","aureum","Phlebodium aureum",2008-09-26,"2008","09","null","null","Hernando Co."
"232008","Verbenaceae","Phyla","nodiflora","Phyla nodiflora",1958-07-13,"1958","07","28.7167","-82.3","Citrus Co."
"120350","Phyllanthaceae","Phyllanthus","urinaria","Phyllanthus urinaria",1981-09-29,"1981","09","28.465832","-82.172029","Pasco Co."
"105124","Solanaceae","Physalis","arenicola","Physalis arenicola",1980-04-23,"1980","04","28.8667","-82.45","Citrus Co."
"27385","Solanaceae","Physalis","cordata","Physalis cordata",2008-09-03,"2008","09","28.35","-81.8167","Sumter Co."
"201059","Ericaceae","Pieris","phyllyreifolia","Pieris phyllyreifolia",1962-06-19,"1962","06","28.555272","-82.387871","Hernando Co."
"234783","Lentibulariaceae","Pinguicula","caerulea","Pinguicula caerulea",1961-04-06,"1961","04","28.587772","-82.227588","Hernando Co."
"241975","Lentibulariaceae","Pinguicula","lutea","Pinguicula lutea",1961-04-06,"1961","04","28.5833","-82.2167","Sumter Co."
"104638","Lentibulariaceae","Pinguicula","pumila","Pinguicula pumila",1961-04-06,"1961","04","28.35","-81.8167","Citrus Co."
"120711","Pinaceae","Pinus","palustris","Pinus palustris",1961-04-07,"1961","04","28.465832","-82.172029","Pasco Co."
"204779","Turneraceae","Piriqueta","cistoides","Piriqueta cistoides",1992-07-07,"1992","07","null","null","Sumter Co."
"120746","Plantaginaceae","Plantago","virginica","Plantago virginica",1961-04-05,"1961","04","28.465832","-82.172029","Pasco Co."
"104797","Plantaginaceae","Plantago","wrightiana","Plantago wrightiana",1992-05-13,"1992","05","28.35","-81.8167","Hernando Co."
"263854","Orchidaceae","Platanthera","flava","Platanthera flava",2025-04-18,"2025","04","28.5","-82.1","Hernando Co."
"104185","Polypodiaceae","Pleopeltis","michauxiana","Pleopeltis michauxiana",1985-04-02,"1985","04","28.587772","-82.227588","Hernando Co."
"239256","Asteraceae","Pluchea","baccharis","Pluchea baccharis",1981-09-29,"1981","09","28.45833333","-82.03611111","Sumter Co."
"243391","Asteraceae","Pluchea","foetida","Pluchea foetida",1962-06-29,"1962","06","28.35","-81.8167","Hernando Co."
"193365","Asteraceae","Pluchea","foetida","Pluchea foetida",2008-09-26,"2008","09","28.465832","-82.172029","Pasco Co."
"245206","Asteraceae","Pluchea","longifolia","Pluchea longifolia",2008-09-26,"2008","09","28.52472222","-82.20555556","Hernando Co."
"185039","Asteraceae","Pluchea","longifolia","Pluchea longifolia",1963-09-21,"1963","09","28.6833","-82.1833","Sumter Co."
"305930","Poaceae","Polypogon","monspeliensis","Polypogon monspeliensis",1993-05-08,"1993","05","null","null","Pasco Co."
"185041","Tetrachondraceae","Polypremum","procumbens","Polypremum procumbens",2008-09-26,"2008","09","28.6833","-82.1833","Sumter Co."
"104759","Pontederiaceae","Pontederia","cordata","Pontederia cordata",1959-09-16,"1959","09","28.35","-81.8167","Hernando Co."
"8512","Pontederiaceae","Pontederia","cordata","Pontederia cordata",1981-09-29,"1981","09","28.35","-81.8167","Sumter Co."
"227163","Potamogetonaceae","Potamogeton","diversifolius","Potamogeton diversifolius",1961-05-01,"1961","05","28.55","-82.05","Sumter Co."
"55815","Haloragaceae","Proserpinaca","palustris","Proserpinaca palustris",1958-07-16,"1958","07","28.6833","-82.2667","Citrus Co."
"108176","Haloragaceae","Proserpinaca","pectinata","Proserpinaca pectinata",1961-04-06,"1961","04","28.5","-82.1","Hernando Co."
"105103","Asteraceae","Pseudognaphalium","obtusifolium","Pseudognaphalium obtusifolium",1983-10-10,"1983","10","28.5","-82.1","Hernando Co."
"216591","Psilotaceae","Psilotum","nudum","Psilotum nudum",1980-03-06,"1980","03","28.45833333","-82.03611111","Sumter Co."
"228763","Rubiaceae","Psychotria","nervosa","Psychotria nervosa",2008-09-26,"2008","09","28.45305556","-82.14583333","Pasco Co."
"244885","Rubiaceae","Psychotria","nervosa","Psychotria nervosa",1963-06-03,"1963","06","30.2333","-84.6667","Hernando Co."
"245114","Dennstaedtiaceae","Pteridium","aquilinum","Pteridium aquilinum",2008-06-13,"2008","06","28.664992","-82.112863","Sumter Co."
"10287","Dennstaedtiaceae","Pteridium","aquilinum","Pteridium aquilinum",1980-10-17,"1980","10","28.35","-81.8167","Hernando Co."
"122560","Pteridaceae","Pteris","vittata","Pteris vittata",1962-10-21,"1962","10","28.4667","-82.0667","Pasco Co."
"105084","Asteraceae","Pyrrhopappus","carolinianus","Pyrrhopappus carolinianus",2008-06-13,"2008","06","28.5","-82.1","Hernando Co."
"120819","Asteraceae","Pyrrhopappus","carolinianus","Pyrrhopappus carolinianus",1985-04-02,"1985","04","28.35","-81.8167","Sumter Co."
"216606","Asteraceae","Pyrrhopappus","carolinianus","Pyrrhopappus carolinianus",1973-04-15,"1973","04","28.45833333","-82.03611111","Sumter Co."
"208167","Asteraceae","Pyrrhopappus","carolinianus","Pyrrhopappus carolinianus",1973-04-22,"1973","04","28.8667","-82.45","Citrus Co."
"120849","Fagaceae","Quercus","geminata","Quercus geminata",2000-08-28,"2000","08","28.465832","-82.172029","Pasco Co."
"27397","Fagaceae","Quercus","laevis","Quercus laevis",1956-03-25,"1956","03","28.35","-81.8167","Sumter Co."
"227167","Fagaceae","Quercus","michauxii","Quercus michauxii",1962-10-21,"1962","10","28.55","-82.05","Sumter Co."
"104839","Fagaceae","Quercus","michauxii","Quercus michauxii",1963-06-03,"1963","06","28.35","-81.8167","Sumter Co."
"161056","Fagaceae","Quercus","minima","Quercus minima",1961-04-07,"1961","04","28.55","-82.05","Sumter Co."
"27749","Fagaceae","Quercus","minima","Quercus minima",2008-04-03,"2008","04","28.35","-81.8167","Sumter Co."
"1605","Fagaceae","Quercus","myrtifolia","Quercus myrtifolia",2000-05-22,"2000","05","28.35","-81.8167","Sumter Co."
"43137","Fagaceae","Quercus","nigra","Quercus nigra",2008-06-13,"2008","06","28.35","-81.8167","Hernando Co."
"162075","Fagaceae","Quercus","pumila","Quercus pumila",2008-09-03,"2008","09","28.35","-82.0333","Sumter Co."
"238748","Fagaceae","Quercus","virginiana","Quercus virginiana",2008-06-13,"2008","06","28.835818","-82.330372","Citrus Co."
"120747","Ranunculaceae","Ranunculus","pusillus","Ranunculus pusillus",2008-04-03,"2008","04","28.465832","-82.172029","Pasco Co."
"104195","Brassicaceae","Raphanus","raphanistrum","Raphanus raphanistrum",2008-04-15,"2008","04","28.587772","-82.227588","Hernando Co."
"120690","Arecaceae","Rhapidophyllum","hystrix","Rhapidophyllum hystrix",1962-10-21,"1962","10","28.465832","-82.172029","Pasco Co."
"161048","Melastomataceae","Rhexia","mariana","Rhexia mariana",1961-04-07,"1961","04","28.55","-82.05","Sumter Co."
"288229","Melastomataceae","Rhexia","mariana","Rhexia mariana",1963-06-03,"1963","06","28.465832","-82.172029","Pasco Co."
"241932","Melastomataceae","Rhexia","petiolata","Rhexia petiolata",2008-09-03,"2008","09","28.5833","-82.2167","Sumter Co."
"104748","Rhizophoraceae","Rhizophora","mangle","Rhizophora mangle",1959-05-04,"1959","05","28.587772","-82.227588","Hernando Co."
"104822","Anacardiaceae","Rhus","copallinum","Rhus copallinum",2008-09-26,"2008","09","28.5","-82.1","Hernando Co."
"108382","Fabaceae","Rhynchosia","reniformis","Rhynchosia reniformis",1992-07-07,"1992","07","28.5","-82.1","Hernando Co."
"27400","Cyperaceae","Rhynchospora","caduca","Rhynchospora caduca",2008-04-15,"2008","04","28.35","-81.8167","Sumter Co."
"162071","Cyperaceae","Rhynchospora","colorata","Rhynchospora colorata",1958-04-29,"1958","04","28.35","-82.0333","Sumter Co."
"227242","Cyperaceae","Rhynchospora","corniculata","Rhynchospora corniculata",1981-09-29,"1981","09","28.5333","-82.45","Hernando Co."
"108175","Cyperaceae","Rhynchospora","fascicularis","Rhynchospora fascicularis",2008-09-26,"2008","09","28.5","-82.1","Hernando Co."
"104830","Cyperaceae","Rhynchospora","globularis","Rhynchospora globularis",2001-05-10,"2001","05","28.35","-81.8167","Sumter Co."
"122559","Cyperaceae","Rhynchospora","globularis","Rhynchospora globularis",1980-04-23,"1980","04","28.35","-81.8167","Sumter Co."
"185066","Cyperaceae","Rhynchospora","grayi","Rhynchospora grayi",1992-07-07,"1992","07","28.6833","-82.1833","Sumter Co."
"55490","Cyperaceae","Rhynchospora","harveyi","Rhynchospora harveyi",1992-07-07,"1992","07","28.851649","-82.487598","Citrus Co."
"227047","Cyperaceae","Rhynchospora","microcephala","Rhynchospora microcephala",2008-09-26,"2008","09","28.865264","-82.038974","Sumter Co."
"227079","Cyperaceae","Rhynchospora","miliacea","Rhynchospora miliacea",1962-06-19,"1962","06","28.865264","-82.038974","Sumter Co."
"206125","Cyperaceae","Rhynchospora","mixta","Rhynchospora mixta",1962-06-19,"1962","06","28.6333","-82.25","Sumter Co."
"302312","Cyperaceae","Rhynchospora","mixta","Rhynchospora mixta",1962-06-19,"1962","06","28.68","-82.45222222","Hernando Co."
"206074","Cyperaceae","Rhynchospora","mixta","Rhynchospora mixta",1981-11-12,"1981","11","28.35","-81.8167","Sumter Co."
"120358","Cyperaceae","Rhynchospora","mixta","Rhynchospora mixta",2002-12-28,"2002","12","28.465832","-82.172029","Pasco Co."
"120357","Rubiaceae","Richardia","brasiliensis","Richardia brasiliensis",1981-09-29,"1981","09","28.465832","-82.172029","Pasco Co."
"55845","Petiveriaceae","Rivina","humilis","Rivina humilis",1963-06-03,"1963","06","28.6833","-82.2667","Citrus Co."
"185036","Brassicaceae","Rorippa","teres","Rorippa teres",2008-04-03,"2008","04","28.6833","-82.1833","Sumter Co."
"27765","Rosaceae","Rosa","palustris","Rosa palustris",2008-04-03,"2008","04","28.35","-81.8167","Sumter Co."
"1621","Rosaceae","Rosa","palustris","Rosa palustris",1978-11-30,"1978","11","28.6833","-82.2667","Citrus Co."
"1616","Rosaceae","Rosa","palustris","Rosa palustris",1980-04-23,"1980","04","28.35","-81.8167","Sumter Co."
"1620","Rosaceae","Rubus","cuneifolius","Rubus cuneifolius",2008-06-13,"2008","06","28.35","-81.8167","Sumter Co."
"228187","Rosaceae","Rubus","cuneifolius","Rubus cuneifolius",1961-04-06,"1961","04","28.35","-81.8167","Sumter Co."
"228186","Rosaceae","Rubus","pensilvanicus","Rubus pensilvanicus",2009-02-19,"2009","02","28.35","-81.8167","Sumter Co."
"185035","Asteraceae","Rudbeckia","hirta","Rudbeckia hirta",1973-05-27,"1973","05","28.6833","-82.1833","Sumter Co."
"161035","Asteraceae","Rudbeckia","hirta","Rudbeckia hirta",2008-09-26,"2008","09","28.55","-82.05","Sumter Co."
"105088","Acanthaceae","Ruellia","caroliniensis","Ruellia caroliniensis",1985-04-02,"1985","04","28.35","-81.8167","Hernando Co."
"217804","Acanthaceae","Ruellia","caroliniensis","Ruellia caroliniensis",1981-09-29,"1981","09","28.35","-81.8167","Sumter Co."
"217744","Polygonaceae","Rumex","paraguayensis","Rumex paraguayensis",2008-04-03,"2008","04","28.35","-81.8167","Sumter Co."
"27382","Polygonaceae","Rumex","verticillatus","Rumex verticillatus",1985-04-02,"1985","04","28.35","-81.8167","Sumter Co."
"208188","Polygonaceae","Rumex","verticillatus","Rumex verticillatus",1963-05-06,"1963","05","28.8667","-82.45","Citrus Co."
"238777","Arecaceae","Sabal","minor","Sabal minor",1963-09-21,"1963","09","28.835818","-82.330372","Citrus Co."
"216437","Arecaceae","Sabal","minor","Sabal minor",1963-09-21,"1963","09","28.45833333","-82.03611111","Sumter Co."
"226395","Arecaceae","Sabal","minor","Sabal minor",1963-05-06,"1963","05","28.45833333","-82.03611111","Sumter Co."
"205416","Gentianaceae","Sabatia","calycina","Sabatia calycina",2011-05-08,"2011","05","28.6333","-82.25","Sumter Co."
"55415","Poaceae","Saccharum","baldwinii","Saccharum baldwinii",1983-10-11,"1983","10","28.35","-81.8167","Citrus Co."
"232055","Poaceae","Saccharum","giganteum","Saccharum giganteum",1981-09-29,"1981","09","28.23362","-82.181195","Pasco Co."
"120824","Poaceae","Saccharum","giganteum","Saccharum giganteum",2008-09-26,"2008","09","28.4667","-82.0667","Pasco Co."
"120847","Poaceae","Sacciolepis","indica","Sacciolepis indica",2008-04-03,"2008","04","28.35","-81.8167","Sumter Co."
"214513","Poaceae","Sacciolepis","striata","Sacciolepis striata",1981-09-29,"1981","09","28.45833333","-82.03611111","Sumter Co."
"265220","Rhamnaceae","Sageretia","minutiflora","Sageretia minutiflora",1963-05-25,"1963","05","null","null","Sumter Co."
"265217","Rhamnaceae","Sageretia","minutiflora","Sageretia minutiflora",2008-09-03,"2008","09","null","null","Citrus Co."
"265218","Rhamnaceae","Sageretia","minutiflora","Sageretia minutiflora",1963-06-03,"1963","06","null","null","Hernando Co."
"265219","Alismataceae","Sagittaria","filiformis","Sagittaria filiformis",2004-01-03,"2004","01","null","null","Hernando Co."
"214552","Alismataceae","Sagittaria","graminea","Sagittaria graminea",1985-04-02,"1985","04","null","null","Sumter Co."
"10192","Alismataceae","Sagittaria","graminea","Sagittaria graminea",2008-04-15,"2008","04","29.031521","-82.823055","Citrus Co."
"245085","Alismataceae","Sagittaria","kurziana","Sagittaria kurziana",1983-04-14,"1983","04","28.35","-81.8167","Citrus Co."
"178108","Alismataceae","Sagittaria","latifolia","Sagittaria latifolia",1995-11-05,"1995","11","28.835818","-82.330372","Citrus Co."
"226986","Salicaceae","Salix","caroliniana","Salix caroliniana",1962-06-19,"1962","06","28.865264","-82.038974","Sumter Co."
"226982","Lamiaceae","Salvia","coccinea","Salvia coccinea",1963-06-03,"1963","06","28.865264","-82.038974","Sumter Co."
"229267","Lamiaceae","Salvia","lyrata","Salvia lyrata",2008-04-15,"2008","04","28.80472222","-82.4025","Citrus Co."
"104800","Lamiaceae","Salvia","lyrata","Salvia lyrata",1980-04-03,"1980","04","28.35","-81.8167","Hernando Co."
"104729","Lamiaceae","Salvia","serotina","Salvia serotina",1960-04-21,"1960","04","28.587772","-82.227588","Hernando Co."
"192403","Salviniaceae","Salvinia","minima","Salvinia minima",1989-01-18,"1989","01","28.8667","-82.45","Citrus Co."
"104805","Samolaceae","Samolus","valerandi","Samolus valerandi",1963-05-25,"1963","05","28.5","-82.1","Hernando Co."
"229152","Samolaceae","Samolus","valerandi","Samolus valerandi",1961-04-05,"1961","04","28.45805556","-82.06111111","Pasco Co."
"229159","Samolaceae","Samolus","valerandi","Samolus valerandi",1958-03-25,"1958","03","28.45305556","-82.14583333","Pasco Co."
"210642","Samolaceae","Samolus","valerandi","Samolus valerandi",1973-03-08,"1973","03","28.50638889","-82.13472222","Hernando Co."
"206521","Samolaceae","Samolus","valerandi","Samolus valerandi",2008-04-15,"2008","04","28.555272","-82.387871","Hernando Co."
"206468","Samolaceae","Samolus","valerandi","Samolus valerandi",1963-05-06,"1963","05","28.6333","-82.25","Sumter Co."
"228025","Apiaceae","Sanicula","canadensis","Sanicula canadensis",1963-05-09,"1963","05","28.45305556","-82.14583333","Pasco Co."
"197805","Sapindaceae","Sapindus","marginatus","Sapindus marginatus",1959-05-04,"1959","05","28.35","-81.8167","Hernando Co."
"55941","Sapindaceae","Sapindus","marginatus","Sapindus marginatus",2026-06-03,"2026","06","28.35","-81.8167","Sumter Co."
"27381","Saururaceae","Saururus","cernuus","Saururus cernuus",1961-04-05,"1961","04","28.35","-81.8167","Sumter Co."
"27772","Melanthiaceae","Schoenocaulon","dubium","Schoenocaulon dubium",2000-05-22,"2000","05","28.35","-81.8167","Sumter Co."
"104730","Cyperaceae","Scirpus","lineatus","Scirpus lineatus",1993-05-08,"1993","05","28.35","-81.8167","Hernando Co."
"104813","Cyperaceae","Scirpus","lineatus","Scirpus lineatus",2009-03-21,"2009","03","28.5","-82.1","Hernando Co."
"294333","Cyperaceae","Scleria","ciliata","Scleria ciliata",1992-07-07,"1992","07","28.465832","-82.172029","Pasco Co."
"211042","Cyperaceae","Scleria","oligantha","Scleria oligantha",1961-05-01,"1961","05","28.35","-81.8167","Citrus Co."
"227083","Cyperaceae","Scleria","reticularis","Scleria reticularis",2008-09-26,"2008","09","28.865264","-82.038974","Sumter Co."
"227294","Cyperaceae","Scleria","verticillata","Scleria verticillata",2008-09-03,"2008","09","28.35","-81.8167","Hernando Co."
"160877","Polygalaceae","Senega","balduini","Senega balduini",1980-04-24,"1980","04","28.35","-81.8167","Hernando Co."
"55508","Polygalaceae","Senega","lutea","Senega lutea",2008-04-03,"2008","04","28.35","-81.8167","Citrus Co."
"56821","Polygalaceae","Senega","nana","Senega nana",1961-04-07,"1961","04","28.6833","-82.2667","Citrus Co."
"127811","Fabaceae","Senna","ligustrina","Senna ligustrina",1959-09-16,"1959","09","28.55","-82.05","Sumter Co."
"104622","Fabaceae","Senna","obtusifolia","Senna obtusifolia",1981-09-29,"1981","09","28.35","-81.8167","Citrus Co."
"154603","Fabaceae","Senna","obtusifolia","Senna obtusifolia",2008-09-26,"2008","09","28.35","-81.8167","Sumter Co."
"198578","Fabaceae","Senna","occidentalis","Senna occidentalis",2008-09-03,"2008","09","28.8667","-82.45","Citrus Co."
"260709","Arecaceae","Serenoa","repens","Serenoa repens",2008-04-15,"2008","04","28.835818","-82.330372","Citrus Co."
"260772","Arecaceae","Serenoa","repens","Serenoa repens",2008-04-15,"2008","04","28.55","-82.05","Sumter Co."
"299477","Asteraceae","Sericocarpus","tortifolius","Sericocarpus tortifolius",2008-09-26,"2008","09","null","null","Sumter Co."
"204911","Fabaceae","Sesbania","herbacea","Sesbania herbacea",1981-09-09,"1981","09","28.35","-81.8167","Lake Co."
"216745","Poaceae","Setaria","macrosperma","Setaria macrosperma",1959-09-16,"1959","09","28.35","-81.8167","Hernando Co."
"161599","Malvaceae","Sida","rhombifolia","Sida rhombifolia",1962-06-29,"1962","06","28.554997","-82.054526","Sumter Co."
"27780","Iridaceae","Sisyrinchium","angustifolium","Sisyrinchium angustifolium",1960-04-21,"1960","04","28.35","-81.8167","Sumter Co."
"27376","Iridaceae","Sisyrinchium","angustifolium","Sisyrinchium angustifolium",1958-03-25,"1958","03","28.35","-81.8167","Sumter Co."
"27380","Iridaceae","Sisyrinchium","angustifolium","Sisyrinchium angustifolium",2009-02-19,"2009","02","28.35","-81.8167","Sumter Co."
"6502","Iridaceae","Sisyrinchium","angustifolium","Sisyrinchium angustifolium",1963-05-06,"1963","05","28.35","-81.8167","Sumter Co."
"227166","Iridaceae","Sisyrinchium","nashii","Sisyrinchium nashii",1985-04-02,"1985","04","28.55","-82.05","Sumter Co."
"122568","Iridaceae","Sisyrinchium","nashii","Sisyrinchium nashii",1963-06-03,"1963","06","28.4667","-82.0667","Pasco Co."
"104833","Iridaceae","Sisyrinchium","nashii","Sisyrinchium nashii",1973-05-06,"1973","05","28.35","-81.8167","Sumter Co."
"104194","Iridaceae","Sisyrinchium","rosulatum","Sisyrinchium rosulatum",2008-04-03,"2008","04","28.587772","-82.227588","Hernando Co."
"239344","Asteraceae","Smallanthus","uvedalia","Smallanthus uvedalia",1959-09-16,"1959","09","28.45833333","-82.03611111","Sumter Co."
"104842","Asteraceae","Smallanthus","uvedalia","Smallanthus uvedalia",1963-09-21,"1963","09","28.35","-81.8167","Sumter Co."
"55471","Smilacaceae","Smilax","auriculata","Smilax auriculata",2008-06-13,"2008","06","28.688879","-82.272868","Citrus Co."
"197806","Smilacaceae","Smilax","auriculata","Smilax auriculata",2008-04-15,"2008","04","28.35","-81.8167","Hernando Co."
"104637","Smilacaceae","Smilax","bona-nox","Smilax bona-nox",1962-06-19,"1962","06","28.35","-81.8167","Citrus Co."
"161168","Smilacaceae","Smilax","bona-nox","Smilax bona-nox",1963-06-03,"1963","06","null","null","Sumter Co."
"161616","Smilacaceae","Smilax","glauca","Smilax glauca",2008-06-13,"2008","06","null","null","Sumter Co."
"195891","Smilacaceae","Smilax","glauca","Smilax glauca",2008-09-26,"2008","09","null","null","Sumter Co."
"55972","Smilacaceae","Smilax","tamnoides","Smilax tamnoides",1960-04-21,"1960","04","null","null","Sumter Co."
"204623","Smilacaceae","Smilax","tamnoides","Smilax tamnoides",2008-04-15,"2008","04","28.6333","-82.25","Sumter Co."
"55405","Solanaceae","Solanum","capsicoides","Solanum capsicoides",1960-01-06,"1960","01","28.688879","-82.272868","Citrus Co."
"104628","Solanaceae","Solanum","capsicoides","Solanum capsicoides",1962-10-21,"1962","10","30.2333","-84.6667","Citrus Co."
"264083","Solanaceae","Solanum","capsicoides","Solanum capsicoides",1980-08-21,"1980","08","28.55","-82.05","Sumter Co."
"172104","Solanaceae","Solanum","viarum","Solanum viarum",2008-04-15,"2008","04","28.835818","-82.330372","Citrus Co."
"104840","Asteraceae","Solidago","canadensis","Solidago canadensis",2008-11-26,"2008","11","28.35","-81.8167","Sumter Co."
"227681","Asteraceae","Solidago","odora","Solidago odora",2008-09-26,"2008","09","28.45805556","-82.06111111","Pasco Co."
"105083","Asteraceae","Solidago","tortifolia","Solidago tortifolia",2008-09-19,"2008","09","28.5","-82.1","Hernando Co."
"122562","Asteraceae","Soliva","anthemifolia","Soliva anthemifolia",2008-04-03,"2008","04","28.35","-81.8167","Sumter Co."
"160753","Asteraceae","Sonchus","oleraceus","Sonchus oleraceus",1962-08-07,"1962","08","28.55","-82.05","Sumter Co."
"214546","Asteraceae","Sonchus","oleraceus","Sonchus oleraceus",2008-04-15,"2008","04","28.55","-82.05","Sumter Co."
"227236","Plantaginaceae","Sophronanthe","hispida","Sophronanthe hispida",1992-06-29,"1992","06","28.35","-81.8167","Hernando Co."
"27792","Plantaginaceae","Sophronanthe","pilosa","Sophronanthe pilosa",1992-06-29,"1992","06","28.35","-81.8167","Sumter Co."
"161169","Plantaginaceae","Sophronanthe","pilosa","Sophronanthe pilosa",1992-06-29,"1992","06","28.55","-82.05","Sumter Co."
"227304","Poaceae","Sorghastrum","secundum","Sorghastrum secundum",2008-09-26,"2008","09","28.35","-81.8167","Hernando Co."
"122561","Typhaceae","Sparganium","americanum","Sparganium americanum",1962-06-19,"1962","06","28.35","-81.8167","Sumter Co."
"210539","Orchidaceae","Spiranthes","lacera","Spiranthes lacera",1961-04-07,"1961","04","28.50638889","-82.13472222","Hernando Co."
"240529","Orchidaceae","Spiranthes","praecox","Spiranthes praecox",1961-04-07,"1961","04","28.45305556","-82.14583333","Pasco Co."
"227043","Orchidaceae","Spiranthes","praecox","Spiranthes praecox",2025-04-18,"2025","04","28.35","-81.8167","Hernando Co."
"227188","Araceae","Spirodela","polyrhiza","Spirodela polyrhiza",1963-05-06,"1963","05","28.865264","-82.038974","Sumter Co."
"104735","Poaceae","Sporobolus","indicus","Sporobolus indicus",1981-09-29,"1981","09","28.587772","-82.227588","Hernando Co."
"10289","Caryophyllaceae","Stellaria","media","Stellaria media",1985-04-02,"1985","04","28.659991","-82.27759","Hernando Co."
"161166","Caryophyllaceae","Stellaria","media","Stellaria media",2008-04-15,"2008","04","28.55","-82.05","Sumter Co."
"108379","Caryophyllaceae","Stellaria","parva","Stellaria parva",2008-04-15,"2008","04","28.5","-82.1","Hernando Co."
"105113","Caryophyllaceae","Stellaria","parva","Stellaria parva",2008-04-15,"2008","04","28.8667","-82.45","Citrus Co."
"204575","Euphorbiaceae","Stillingia","sylvatica","Stillingia sylvatica",2008-04-03,"2008","04","28.6333","-82.25","Sumter Co."
"245507","Convolvulaceae","Stylisma","patens","Stylisma patens",2000-05-22,"2000","05","28.42694444","-82.05138889","Sumter Co."
"302841","Styracaceae","Styrax","americanus","Styrax americanus",1962-07-20,"1962","07","28.5858","-82.3004","Hernando Co."
"185055","Asteraceae","Symphyotrichum","adnatum","Symphyotrichum adnatum",2008-11-26,"2008","11","28.6833","-82.1833","Sumter Co."
"227243","Asteraceae","Symphyotrichum","bahamense","Symphyotrichum bahamense",1981-09-29,"1981","09","28.5333","-82.45","Hernando Co."
"306180","Asteraceae","Symphyotrichum","bahamense","Symphyotrichum bahamense",1975-11-02,"1975","11","null","null","Pasco Co."
"167222","Asteraceae","Symphyotrichum","bahamense","Symphyotrichum bahamense",1962-10-21,"1962","10","28.35","-81.8167","Hernando Co."
"120371","Asteraceae","Symphyotrichum","bahamense","Symphyotrichum bahamense",1963-09-17,"1963","09","28.465832","-82.172029","Pasco Co."
"229056","Asteraceae","Symphyotrichum","carolinianum","Symphyotrichum carolinianum",1981-11-12,"1981","11","28.45833333","-82.03611111","Sumter Co."
"27777","Asteraceae","Symphyotrichum","carolinianum","Symphyotrichum carolinianum",2008-11-26,"2008","11","28.35","-81.8167","Sumter Co."
"227171","Asteraceae","Symphyotrichum","carolinianum","Symphyotrichum carolinianum",1976-11-08,"1976","11","28.55","-82.05","Sumter Co."
"122564","Asteraceae","Symphyotrichum","carolinianum","Symphyotrichum carolinianum",1978-11-30,"1978","11","28.35","-81.8167","Sumter Co."
"228886","Asteraceae","Symphyotrichum","concolor","Symphyotrichum concolor",1991-10-19,"1991","10","28.45833333","-82.03611111","Sumter Co."
"228866","Asteraceae","Symphyotrichum","dumosum","Symphyotrichum dumosum",1981-11-12,"1981","11","28.45805556","-82.06111111","Pasco Co."
"3617","Asteraceae","Symphyotrichum","dumosum","Symphyotrichum dumosum",2008-11-26,"2008","11","28.35","-81.8167","Sumter Co."
"227226","Asteraceae","Symphyotrichum","dumosum","Symphyotrichum dumosum",1975-11-23,"1975","11","28.35","-81.8167","Hernando Co."
"306739","Asteraceae","Symphyotrichum","dumosum","Symphyotrichum dumosum",1976-11-08,"1976","11","28.5935","-82.224","Hernando Co."
"48040","Asteraceae","Symphyotrichum","dumosum","Symphyotrichum dumosum",1980-11-04,"1980","11","28.688879","-82.272868","Citrus Co."
"56008","Asteraceae","Symphyotrichum","elliottii","Symphyotrichum elliottii",1964-11-08,"1964","11","28.35","-81.8167","Sumter Co."
"104837","Eriocaulaceae","Syngonanthus","flavidulus","Syngonanthus flavidulus",2008-04-03,"2008","04","28.35","-81.8167","Sumter Co."
"104755","Cupressaceae","Taxodium","ascendens","Taxodium ascendens",2008-04-03,"2008","04","28.587772","-82.227588","Hernando Co."
"104640","Cupressaceae","Taxodium","distichum","Taxodium distichum",1962-06-19,"1962","06","28.35","-81.8167","Citrus Co."
"56017","Cupressaceae","Taxodium","distichum","Taxodium distichum",1961-05-01,"1961","05","28.35","-81.8167","Sumter Co."
"48016","Dryopteridaceae","Tectaria","heracleifolia","Tectaria heracleifolia",1962-10-21,"1962","10","28.6833","-82.2667","Citrus Co."
"55397","Fabaceae","Tephrosia","spicata","Tephrosia spicata",1962-06-19,"1962","06","28.688879","-82.272868","Citrus Co."
"104741","Fabaceae","Tephrosia","spicata","Tephrosia spicata",2008-09-26,"2008","09","28.587772","-82.227588","Hernando Co."
"214551","Lamiaceae","Teucrium","canadense","Teucrium canadense",1962-06-19,"1962","06","28.55","-82.05","Sumter Co."
"206457","Marantaceae","Thalia","geniculata","Thalia geniculata",1981-09-09,"1981","09","28.5","-82.1","Hernando Co."
"161039","Thelypteridaceae","Thelypteris","hispidula","Thelypteris hispidula",1966-10-03,"1966","10","28.55","-82.05","Sumter Co."
"227254","Thelypteridaceae","Thelypteris","kunthii","Thelypteris kunthii",1981-09-09,"1981","09","28.5333","-82.45","Hernando Co."
"7608","Thelypteridaceae","Thelypteris","kunthii","Thelypteris kunthii",2008-09-26,"2008","09","28.6833","-82.2667","Citrus Co."
"302467","Thelypteridaceae","Thelypteris","kunthii","Thelypteris kunthii",1973-03-22,"1973","03","null","null","Hernando Co."
"131714","Thelypteridaceae","Thelypteris","kunthii","Thelypteris kunthii",1980-10-14,"1980","10","null","null","Citrus Co."
"206081","Thelypteridaceae","Thelypteris","kunthii","Thelypteris kunthii",1978-11-13,"1978","11","28.35","-81.8167","Sumter Co."
"104814","Thelypteridaceae","Thelypteris","reptans","Thelypteris reptans",1962-10-21,"1962","10","28.5","-82.1","Hernando Co."
"185046","Thelypteridaceae","Thelypteris","reptans","Thelypteris reptans",1963-05-06,"1963","05","28.733383","-82.225673","Sumter Co."
"27793","Thelypteridaceae","Thelypteris","tetragona","Thelypteris tetragona",1962-10-21,"1962","10","28.35","-81.8167","Sumter Co."
"162076","Thelypteridaceae","Thelypteris","tetragona","Thelypteris tetragona",1962-10-21,"1962","10","28.35","-82.0333","Sumter Co."
"55409","Bromeliaceae","Tillandsia","bartramii","Tillandsia bartramii",1985-04-02,"1985","04","28.6833","-82.2667","Citrus Co."
"120890","Bromeliaceae","Tillandsia","bartramii","Tillandsia bartramii",1981-09-29,"1981","09","28.465832","-82.172029","Pasco Co."
"229945","Bromeliaceae","Tillandsia","bartramii","Tillandsia bartramii",2008-09-03,"2008","09","28.45833333","-82.03611111","Sumter Co."
"287667","Bromeliaceae","Tillandsia","recurvata","Tillandsia recurvata",1959-09-16,"1959","09","28.465832","-82.172029","Pasco Co."
"56015","Bromeliaceae","Tillandsia","setacea","Tillandsia setacea",1961-05-01,"1961","05","28.35","-81.8167","Sumter Co."
"127264","Bromeliaceae","Tillandsia","setacea","Tillandsia setacea",2008-09-03,"2008","09","null","null","Hernando Co."
"185954","Bromeliaceae","Tillandsia","simulata","Tillandsia simulata",2008-09-26,"2008","09","null","null","Hernando Co."
"127263","Bromeliaceae","Tillandsia","utriculata","Tillandsia utriculata",2008-09-03,"2008","09","null","null","Hernando Co."
"161003","Anacardiaceae","Toxicodendron","radicans","Toxicodendron radicans",1985-04-02,"1985","04","28.4667","-82.0667","Pasco Co."
"27747","Anacardiaceae","Toxicodendron","radicans","Toxicodendron radicans",1961-04-07,"1961","04","28.35","-81.8167","Sumter Co."
"9457","Commelinaceae","Tradescantia","ohiensis","Tradescantia ohiensis",1963-04-13,"1963","04","28.35","-81.8167","Citrus Co."
"55398","Hymenophyllaceae","Trichomanes","punctatum","Trichomanes punctatum",1963-09-21,"1963","09","28.688879","-82.272868","Citrus Co."
"190413","Lamiaceae","Trichostema","dichotomum","Trichostema dichotomum",1959-09-16,"1959","09","28.555272","-82.387871","Hernando Co."
"202153","Lamiaceae","Trichostema","dichotomum","Trichostema dichotomum",2008-09-26,"2008","09","28.35","-81.8167","Hernando Co."
"214550","Fabaceae","Trifolium","repens","Trifolium repens",2009-02-19,"2009","02","28.55","-82.05","Sumter Co."
"245261","Poaceae","Tripsacum","dactyloides","Tripsacum dactyloides",1984-08-01,"1984","08","28.52527778","-82.20527778","Hernando Co."
"148729","Ulmaceae","Ulmus","americana","Ulmus americana",1985-04-02,"1985","04","28.465832","-82.172029","Pasco Co."
"302722","Ulmaceae","Ulmus","americana","Ulmus americana",1960-01-06,"1960","01","28.68694444","-82.46722222","Hernando Co."
"305110","Malvaceae","Urena","lobata","Urena lobata",1981-09-09,"1981","09","null","null","Sumter Co."
"243953","Malvaceae","Urena","lobata","Urena lobata",2008-09-26,"2008","09","28.30944444","-81.98305556","Sumter Co."
"2649","Poaceae","Urochloa","ramosa","Urochloa ramosa",2008-09-19,"2008","09","28.664992","-82.112863","Sumter Co."
"297157","Urticaceae","Urtica","chamaedryoides","Urtica chamaedryoides",1962-10-21,"1962","10","28.465832","-82.172029","Pasco Co."
"172103","Lentibulariaceae","Utricularia","foliosa","Utricularia foliosa",1981-11-08,"1981","11","28.835818","-82.330372","Citrus Co."
"120354","Lentibulariaceae","Utricularia","inflata","Utricularia inflata",1961-04-06,"1961","04","28.465832","-82.172029","Pasco Co."
"265215","Ericaceae","Vaccinium","corymbosum","Vaccinium corymbosum",1980-03-12,"1980","03","28.66888889","-82.40222222","Citrus Co."
"122799","Ericaceae","Vaccinium","darrowii","Vaccinium darrowii",1961-04-06,"1961","04","28.35","-81.8167","Citrus Co."
"292352","Ericaceae","Vaccinium","myrsinites","Vaccinium myrsinites",1961-04-07,"1961","04","28.465832","-82.172029","Pasco Co."
"206072","Caprifoliaceae","Valeriana","scandens","Valeriana scandens",1963-05-06,"1963","05","28.35","-81.8167","Sumter Co."
"55380","Verbenaceae","Verbena","montevidensis","Verbena montevidensis",2008-09-03,"2008","09","28.688879","-82.272868","Citrus Co."
"27744","Verbenaceae","Verbena","scabra","Verbena scabra",1959-09-16,"1959","09","28.35","-81.8167","Sumter Co."
"258595","Verbenaceae","Verbena","scabra","Verbena scabra",2008-04-03,"2008","04","28.55","-82.05","Sumter Co."
"258593","Asteraceae","Verbesina","virginica","Verbesina virginica",2008-09-26,"2008","09","28.5","-82.1","Hernando Co."
"232061","Asteraceae","Verbesina","virginica","Verbesina virginica",1963-09-21,"1963","09","28.5","-82.1","Hernando Co."
"104825","Asteraceae","Vernonia","gigantea","Vernonia gigantea",1959-09-16,"1959","09","28.35","-81.8167","Sumter Co."
"295289","Asteraceae","Vernonia","gigantea","Vernonia gigantea",1958-08-13,"1958","08","28.51583333","-82.10888889","Hernando Co."
"104734","Plantaginaceae","Veronica","peregrina","Veronica peregrina",2008-04-03,"2008","04","28.587772","-82.227588","Hernando Co."
"104737","Fabaceae","Vicia","acutifolia","Vicia acutifolia",2009-02-19,"2009","02","28.587772","-82.227588","Hernando Co."
"104623","Fabaceae","Vicia","floridana","Vicia floridana",1985-04-02,"1985","04","28.35","-81.8167","Citrus Co."
"104817","Fabaceae","Vicia","floridana","Vicia floridana",1961-04-05,"1961","04","28.5","-82.1","Hernando Co."
"8176","Violaceae","Viola","lanceolata","Viola lanceolata",1961-04-05,"1961","04","28.35","-81.8167","Sumter Co."
"48093","Violaceae","Viola","lanceolata","Viola lanceolata",2008-04-03,"2008","04","28.688879","-82.272868","Citrus Co."
"104679","Violaceae","Viola","palmata","Viola palmata",2008-04-03,"2008","04","28.35","-81.8167","Citrus Co."
"302529","Violaceae","Viola","primulifolia","Viola primulifolia",1961-05-01,"1961","05","28.7335","-82.4927","Citrus Co."
"202276","Violaceae","Viola","sororia","Viola sororia",1961-04-05,"1961","04","30.2333","-84.6667","Hernando Co."
"83021","Violaceae","Viola","sororia","Viola sororia",1961-04-05,"1961","04","29.031521","-82.823055","Citrus Co."
"187500","Violaceae","Viola","sororia","Viola sororia",2009-02-19,"2009","02","null","null","Hernando Co."
"55411","Vitaceae","Vitis","rotundifolia","Vitis rotundifolia",2008-06-13,"2008","06","30.2333","-84.6667","Citrus Co."
"185037","Vitaceae","Vitis","rotundifolia","Vitis rotundifolia",1962-06-16,"1962","06","28.6833","-82.1833","Sumter Co."
"144337","Vitaceae","Vitis","rotundifolia","Vitis rotundifolia",1959-04-22,"1959","04","28.35","-81.8167","Hernando Co."
"292320","Campanulaceae","Wahlenbergia","marginata","Wahlenbergia marginata",1983-04-26,"1983","04","28.465832","-82.172029","Pasco Co."
"204178","Blechnaceae","Woodwardia","areolata","Woodwardia areolata",1981-09-09,"1981","09","28.6333","-82.25","Sumter Co."
"104648","Blechnaceae","Woodwardia","areolata","Woodwardia areolata",1981-09-29,"1981","09","28.35","-81.8167","Citrus Co."
"122554","Blechnaceae","Woodwardia","virginica","Woodwardia virginica",1981-09-29,"1981","09","28.4667","-82.0667","Pasco Co."
"104752","Ximeniaceae","Ximenia","americana","Ximenia americana",1980-10-13,"1980","10","28.587772","-82.227588","Hernando Co."
"184983","Xyridaceae","Xyris","brevifolia","Xyris brevifolia",1961-04-06,"1961","04","28.6833","-82.1833","Sumter Co."
"172842","Xyridaceae","Xyris","caroliniana","Xyris caroliniana",2008-09-03,"2008","09","28.35","-81.8167","Sumter Co."
"299449","Xyridaceae","Xyris","fimbriata","Xyris fimbriata",2008-09-03,"2008","09","28.35","-81.8167","Sumter Co."
"204692","Xyridaceae","Xyris","fimbriata","Xyris fimbriata",2008-09-26,"2008","09","28.6333","-82.25","Sumter Co."
"1997","Agavaceae","Yucca","aloifolia","Yucca aloifolia",1959-05-04,"1959","05","28.35","-81.8167","Sumter Co."
"8494","Agavaceae","Yucca","aloifolia","Yucca aloifolia",1959-09-16,"1959","09","28.35","-81.8167","Sumter Co."
"185042","Agavaceae","Yucca","filamentosa","Yucca filamentosa",2008-06-13,"2008","06","28.6833","-82.1833","Sumter Co."
"55424","Zamiaceae","Zamia","integrifolia","Zamia integrifolia",1959-09-16,"1959","09","28.688879","-82.272868","Citrus Co."
"161059","Rutaceae","Zanthoxylum","fagara","Zanthoxylum fagara",1963-09-21,"1963","09","28.55","-82.05","Sumter Co."
"242389","Rutaceae","Zanthoxylum","fagara","Zanthoxylum fagara",1980-10-13,"1980","10","28.664992","-82.112863","Sumter Co."
"227087","Amaryllidaceae","Zephyranthes","atamasca","Zephyranthes atamasca",1991-03-21,"1991","03","28.865264","-82.038974","Sumter Co."
"281528","Amaryllidaceae","Zephyranthes","simpsonii","Zephyranthes simpsonii",2008-04-15,"2008","04","28.465832","-82.172029","Pasco Co."
"160876","Poaceae","Zizania","aquatica","Zizania aquatica",1959-09-16,"1959","09","28.35","-81.8167","Hernando Co."
"120698","Poaceae","Zizania","aquatica","Zizania aquatica",1959-09-16,"1959","09","28.465832","-82.172029","Pasco Co."
"55402",NA,NA,NA,"NA NA",NA,NA,NA,"28.688879","-82.272868","Citrus Co."
"161073",NA,NA,NA,"NA NA",NA,NA,NA,"28.55","-82.05","Sumter Co."
"60628",NA,NA,NA,"NA NA",NA,NA,NA,"28.35","-81.8167","Sumter Co."
"60627",NA,NA,NA,"NA NA",NA,NA,NA,"28.6833","-82.2667","Citrus Co."
"208232",NA,NA,NA,"NA NA",NA,NA,NA,"28.35","-81.8167","Citrus Co."
"199396",NA,NA,NA,"NA NA",NA,NA,NA,"28.35","-81.8167","Hernando Co."
"216357",NA,NA,NA,"NA NA",NA,NA,NA,"28.45833333","-82.03611111","Sumter Co."
"240270",NA,NA,NA,"NA NA",NA,NA,NA,"28.35","-81.8167","Citrus Co."
"216366",NA,NA,NA,"NA NA",NA,NA,NA,"28.45833333","-82.03611111","Sumter Co."
"199136",NA,NA,NA,"NA NA",NA,NA,NA,"28.35","-81.8167","Lake Co."
"161044",NA,NA,NA,"NA NA",NA,NA,NA,"28.55","-82.05","Sumter Co."
"7609",NA,NA,NA,"NA NA",NA,NA,NA,"28.6833","-82.2667","Citrus Co."
"206160",NA,NA,NA,"NA NA",NA,NA,NA,"28.6333","-82.25","Sumter Co."
"299453",NA,NA,NA,"NA NA",NA,NA,NA,"28.587772","-82.227588","Hernando Co."
"245078",NA,NA,NA,"NA NA",NA,NA,NA,"28.664992","-82.112863","Sumter Co."
"245080",NA,NA,NA,"NA NA",NA,NA,NA,"28.664992","-82.112863","Sumter Co."
"222888",NA,NA,NA,"NA NA",NA,NA,NA,"28.80472222","-82.4025","Citrus Co."
"227186",NA,NA,NA,"NA NA",NA,NA,NA,"28.865264","-82.038974","Sumter Co."
"48092",NA,NA,NA,"NA NA",NA,NA,NA,"28.688879","-82.272868","Citrus Co."
"48091",NA,NA,NA,"NA NA",NA,NA,NA,"28.688879","-82.272868","Citrus Co."
"199439",NA,NA,NA,"NA NA",NA,NA,NA,"28.35","-81.8167","Citrus Co."
"228353",NA,NA,NA,"NA NA",NA,NA,NA,"null","null","Sumter Co."
"55964",NA,NA,NA,"NA NA",NA,NA,NA,"null","null","Sumter Co."
"48047",NA,NA,NA,"NA NA",NA,NA,NA,"null","null","Citrus Co."
"120700",NA,NA,NA,"NA NA",NA,NA,NA,"null","null","Pasco Co."
"43148",NA,NA,NA,"NA NA",NA,NA,NA,"null","null","Hernando Co."
"162072",NA,NA,NA,"NA NA",NA,NA,NA,"null","null","Sumter Co."
"55967",NA,NA,NA,"NA NA",NA,NA,NA,"null","null","Sumter Co."
"227189",NA,NA,NA,"NA NA",NA,NA,NA,"28.865264","-82.038974","Sumter Co."
"283970",NA,NA,NA,"NA NA",NA,NA,NA,"28.46472222","-82.13638889","Sumter Co."
"55377",NA,NA,NA,"NA NA",NA,NA,NA,"28.35","-81.8167","Citrus Co."
"232023",NA,NA,NA,"NA NA",NA,NA,NA,"28.7167","-82.3","Citrus Co."
"105110",NA,NA,NA,"NA NA",NA,NA,NA,"28.8667","-82.45","Citrus Co."
"239120",NA,NA,NA,"NA NA",NA,NA,NA,"28.80472222","-82.4025","Citrus Co."
"120710",NA,NA,NA,"NA NA",NA,NA,NA,"28.465832","-82.172029","Pasco Co."
"7641",NA,NA,NA,"NA NA",NA,NA,NA,"28.35","-81.8167","Sumter Co."
"214543",NA,NA,NA,"NA NA",NA,NA,NA,"null","null","Sumter Co."
"59905",NA,NA,NA,"NA NA",NA,NA,NA,"null","null","Citrus Co."
"48017",NA,NA,NA,"NA NA",NA,NA,NA,"null","null","Citrus Co."
"241873",NA,NA,NA,"NA NA",NA,NA,NA,"28.5833","-82.2167","Sumter Co."
"55419",NA,NA,NA,"NA NA",NA,NA,NA,"28.35","-81.8167","Citrus Co."
"27391",NA,NA,NA,"NA NA",NA,NA,NA,"28.35","-81.8167","Sumter Co."
"105097",NA,NA,NA,"NA NA",NA,NA,NA,"28.35","-81.8167","Hernando Co."
"167164",NA,NA,NA,"NA NA",NA,NA,NA,"28.35","-81.8167","Hernando Co."
"263784",NA,NA,NA,"NA NA",NA,NA,NA,"28.465832","-82.172029","Pasco Co."
"8369",NA,NA,NA,"NA NA",NA,NA,NA,"28.35","-81.8167","Sumter Co."
"259770",NA,NA,NA,"NA NA",NA,NA,NA,"28.6833","-82.2667","Citrus Co."
"48087",NA,NA,NA,"NA NA",NA,NA,NA,"28.6833","-82.2667","Citrus Co."
"161037",NA,NA,NA,"NA NA",NA,NA,NA,"28.55","-82.05","Sumter Co."
"255502",NA,NA,NA,"NA NA",NA,NA,NA,"null","null","Sumter Co."
"205365",NA,NA,NA,"NA NA",NA,NA,NA,"28.587772","-82.227588","Hernando Co."
"10294",NA,NA,NA,"NA NA",NA,NA,NA,"28.659991","-82.27759","Hernando Co."
"161624",NA,NA,NA,"NA NA",NA,NA,NA,"28.554997","-82.054526","Sumter Co."
"120699",NA,NA,NA,"NA NA",NA,NA,NA,"28.465832","-82.172029","Pasco Co."
"104650",NA,NA,NA,"NA NA",NA,NA,NA,"28.35","-81.8167","Citrus Co."
"104731",NA,NA,NA,"NA NA",NA,NA,NA,"28.587772","-82.227588","Hernando Co."
"231463",NA,NA,NA,"NA NA",NA,NA,NA,"28.7167","-82.3","Citrus Co."
"120510",NA,NA,NA,"NA NA",NA,NA,NA,"28.35","-81.8167","Sumter Co."
"228776",NA,NA,NA,"NA NA",NA,NA,NA,"28.80472222","-82.4025","Citrus Co."
"228158",NA,NA,NA,"NA NA",NA,NA,NA,"28.45833333","-82.03611111","Sumter Co."
"105078",NA,NA,NA,"NA NA",NA,NA,NA,"28.5","-82.1","Hernando Co."
"8408",NA,NA,NA,"NA NA",NA,NA,NA,"28.35","-81.8167","Sumter Co."
"211090",NA,NA,NA,"NA NA",NA,NA,NA,"28.8667","-82.45","Citrus Co."
"161062",NA,NA,NA,"NA NA",NA,NA,NA,"28.55","-82.05","Sumter Co."
"154584",NA,NA,NA,"NA NA",NA,NA,NA,"28.35","-81.8167","Sumter Co."
"105090",NA,NA,NA,"NA NA",NA,NA,NA,"28.35","-81.8167","Hernando Co."
"172388",NA,NA,NA,"NA NA",NA,NA,NA,"28.835818","-82.330372","Citrus Co."
"27770",NA,NA,NA,"NA NA",NA,NA,NA,"null","null","Sumter Co."
"27775",NA,NA,NA,"NA NA",NA,NA,NA,"null","null","Sumter Co."
"27384",NA,NA,NA,"NA NA",NA,NA,NA,"28.35","-81.8167","Sumter Co."
"104829",NA,NA,NA,"NA NA",NA,NA,NA,"28.35","-81.8167","Sumter Co."
"216389",NA,NA,NA,"NA NA",NA,NA,NA,"28.45833333","-82.03611111","Sumter Co."
"104749",NA,NA,NA,"NA NA",NA,NA,NA,"28.587772","-82.227588","Hernando Co."
"125787",NA,NA,NA,"NA NA",NA,NA,NA,"28.35","-81.8167","Hernando Co."
"104641",NA,NA,NA,"NA NA",NA,NA,NA,"30.2333","-84.6667","Citrus Co."
"104807",NA,NA,NA,"NA NA",NA,NA,NA,"28.5","-82.1","Hernando Co."
"27748",NA,NA,NA,"NA NA",NA,NA,NA,"28.35","-81.8167","Sumter Co."
"191629",NA,NA,NA,"NA NA",NA,NA,NA,"28.8667","-82.45","Citrus Co."
"204181",NA,NA,NA,"NA NA",NA,NA,NA,"28.5833","-82.2167","Sumter Co."
"105077",NA,NA,NA,"NA NA",NA,NA,NA,"28.5","-82.1","Hernando Co."
"104841",NA,NA,NA,"NA NA",NA,NA,NA,"28.35","-81.8167","Sumter Co."
"210672",NA,NA,NA,"NA NA",NA,NA,NA,"28.50638889","-82.13472222","Hernando Co."
"258600",NA,NA,NA,"NA NA",NA,NA,NA,"28.835818","-82.330372","Citrus Co."
"27816",NA,NA,NA,"NA NA",NA,NA,NA,"28.35","-81.8167","Sumter Co."
"104644",NA,NA,NA,"NA NA",NA,NA,NA,"28.35","-81.8167","Citrus Co."
"204587",NA,NA,NA,"NA NA",NA,NA,NA,"28.35","-81.8167","Citrus Co."
"43149",NA,NA,NA,"NA NA",NA,NA,NA,"null","null","Hernando Co."
"306729",NA,NA,NA,"NA NA",NA,NA,NA,"null","null","Citrus Co."
"226891",NA,NA,NA,"NA NA",NA,NA,NA,"null","null","Sumter Co."
"185063",NA,NA,NA,"NA NA",NA,NA,NA,"28.6833","-82.1833","Sumter Co."
"104197",NA,NA,NA,"NA NA",NA,NA,NA,"28.587772","-82.227588","Hernando Co."
"105167",NA,NA,NA,"NA NA",NA,NA,NA,"28.8667","-82.45","Citrus Co."
"161057",NA,NA,NA,"NA NA",NA,NA,NA,"28.55","-82.05","Sumter Co."
"105104",NA,NA,NA,"NA NA",NA,NA,NA,"28.5","-82.1","Hernando Co."
"122572",NA,NA,NA,"NA NA",NA,NA,NA,"28.35","-81.8167","Sumter Co."
"228163",NA,NA,NA,"NA NA",NA,NA,NA,"28.45833333","-82.03611111","Sumter Co."
"298436",NA,NA,NA,"NA NA",NA,NA,NA,"28.465832","-82.172029","Pasco Co."
"56023",NA,NA,NA,"NA NA",NA,NA,NA,"28.35","-81.8167","Sumter Co."
"228885",NA,NA,NA,"NA NA",NA,NA,NA,"28.80472222","-82.4025","Citrus Co."
"206456",NA,NA,NA,"NA NA",NA,NA,NA,"28.6333","-82.25","Sumter Co."
"264381",NA,NA,NA,"NA NA",NA,NA,NA,"28.835818","-82.330372","Citrus Co."
"208192",NA,NA,NA,"NA NA",NA,NA,NA,"28.35","-81.8167","Citrus Co."
"162070",NA,NA,NA,"NA NA",NA,NA,NA,"28.35","-82.0333","Sumter Co."
"122565",NA,NA,NA,"NA NA",NA,NA,NA,"28.4667","-82.0667","Pasco Co."
"297207",NA,NA,NA,"NA NA",NA,NA,NA,"28.5","-82.1","Hernando Co."
"161046",NA,NA,NA,"NA NA",NA,NA,NA,"28.55","-82.05","Sumter Co."
"105091",NA,NA,NA,"NA NA",NA,NA,NA,"28.35","-81.8167","Hernando Co."
"214199",NA,NA,NA,"NA NA",NA,NA,NA,"28.555272","-82.387871","Hernando Co."
"301209",NA,NA,NA,"NA NA",NA,NA,NA,"28.8667","-82.45","Citrus Co."
"286550",NA,NA,NA,"NA NA",NA,NA,NA,"28.59388889","-82.27833333","Hernando Co."
"7591",NA,NA,NA,"NA NA",NA,NA,NA,"28.6833","-82.2667","Citrus Co."
"27760",NA,NA,NA,"NA NA",NA,NA,NA,"28.35","-81.8167","Sumter Co."
"178411",NA,NA,NA,"NA NA",NA,NA,NA,"28.465832","-82.172029","Pasco Co."
"151470",NA,NA,NA,"NA NA",NA,NA,NA,"28.35","-81.8167","Sumter Co."
"255495",NA,NA,NA,"NA NA",NA,NA,NA,"28.64111111","-82.33805556","Hernando Co."
"55429",NA,NA,NA,"NA NA",NA,NA,NA,"28.688879","-82.272868","Citrus Co."
"162073",NA,NA,NA,"NA NA",NA,NA,NA,"28.35","-82.0333","Sumter Co."
"48050",NA,NA,NA,"NA NA",NA,NA,NA,"28.688879","-82.272868","Citrus Co."
"104803",NA,NA,NA,"NA NA",NA,NA,NA,"28.35","-81.8167","Hernando Co."
"229445",NA,NA,NA,"NA NA",NA,NA,NA,"28.80472222","-82.4025","Citrus Co."
"105079",NA,NA,NA,"NA NA",NA,NA,NA,"28.5","-82.1","Hernando Co."
"185043",NA,NA,NA,"NA NA",NA,NA,NA,"28.6833","-82.1833","Sumter Co."
"104647",NA,NA,NA,"NA NA",NA,NA,NA,"28.35","-81.8167","Citrus Co."
"104810",NA,NA,NA,"NA NA",NA,NA,NA,"28.5","-82.1","Hernando Co."
"104736",NA,NA,NA,"NA NA",NA,NA,NA,"28.587772","-82.227588","Hernando Co."
"55396",NA,NA,NA,"NA NA",NA,NA,NA,"28.6833","-82.2667","Citrus Co."
"208182",NA,NA,NA,"NA NA",NA,NA,NA,"28.8667","-82.45","Citrus Co."
"227207",NA,NA,NA,"NA NA",NA,NA,NA,"28.865264","-82.038974","Sumter Co."
"301026",NA,NA,NA,"NA NA",NA,NA,NA,"28.5333","-82.6333","Hernando Co."
"104631",NA,NA,NA,"NA NA",NA,NA,NA,"30.2333","-84.6667","Citrus Co."
"241982",NA,NA,NA,"NA NA",NA,NA,NA,"28.5833","-82.2167","Sumter Co."
"104632",NA,NA,NA,"NA NA",NA,NA,NA,"30.2333","-84.6667","Citrus Co."
"104642",NA,NA,NA,"NA NA",NA,NA,NA,"30.2333","-84.6667","Citrus Co."
"48117",NA,NA,NA,"NA NA",NA,NA,NA,"28.688879","-82.272868","Citrus Co."
"55393",NA,NA,NA,"NA NA",NA,NA,NA,"28.688879","-82.272868","Citrus Co."
"105169",NA,NA,NA,"NA NA",NA,NA,NA,"28.8667","-82.45","Citrus Co."
"27776",NA,NA,NA,"NA NA",NA,NA,NA,"28.35","-81.8167","Sumter Co."
"227181",NA,NA,NA,"NA NA",NA,NA,NA,"28.865264","-82.038974","Sumter Co."
"104823",NA,NA,NA,"NA NA",NA,NA,NA,"28.5","-82.1","Hernando Co."
"55392",NA,NA,NA,"NA NA",NA,NA,NA,"28.688879","-82.272868","Citrus Co."
"59767",NA,NA,NA,"NA NA",NA,NA,NA,"28.688879","-82.272868","Citrus Co."
"48118",NA,NA,NA,"NA NA",NA,NA,NA,"28.688879","-82.272868","Citrus Co."
"210538",NA,NA,NA,"NA NA",NA,NA,NA,"28.50638889","-82.13472222","Hernando Co."
"27771",NA,NA,NA,"NA NA",NA,NA,NA,"28.35","-81.8167","Sumter Co."
"55399",NA,NA,NA,"NA NA",NA,NA,NA,"28.688879","-82.272868","Citrus Co."
"120850",NA,NA,NA,"NA NA",NA,NA,NA,"28.465832","-82.172029","Pasco Co."
"104795",NA,NA,NA,"NA NA",NA,NA,NA,"28.35","-81.8167","Hernando Co."
"120851",NA,NA,NA,"NA NA",NA,NA,NA,"28.465832","-82.172029","Pasco Co."
"9618",NA,NA,NA,"NA NA",NA,NA,NA,"28.35","-81.8167","Citrus Co."
"120347",NA,NA,NA,"NA NA",NA,NA,NA,"28.465832","-82.172029","Pasco Co."
"120715",NA,NA,NA,"NA NA",NA,NA,NA,"28.465832","-82.172029","Pasco Co."
"226197",NA,NA,NA,"NA NA",NA,NA,NA,"28.80472222","-82.4025","Citrus Co."
"223878",NA,NA,NA,"NA NA",NA,NA,NA,"28.45833333","-82.03611111","Sumter Co."
"241037",NA,NA,NA,"NA NA",NA,NA,NA,"28.45833333","-82.03611111","Sumter Co."
"6503",NA,NA,NA,"NA NA",NA,NA,NA,"28.35","-81.8167","Sumter Co."
"104818",NA,NA,NA,"NA NA",NA,NA,NA,"28.35","-81.8167","Hernando Co."
"120713",NA,NA,NA,"NA NA",NA,NA,NA,"28.465832","-82.172029","Pasco Co."
"161146",NA,NA,NA,"NA NA",NA,NA,NA,"28.55","-82.05","Sumter Co."
"227229",NA,NA,NA,"NA NA",NA,NA,NA,"28.5333","-82.45","Hernando Co."
"229847",NA,NA,NA,"NA NA",NA,NA,NA,"28.45305556","-82.14583333","Pasco Co."
"226849",NA,NA,NA,"NA NA",NA,NA,NA,"28.53416667","-82.14555556","Hernando Co."
"226504",NA,NA,NA,"NA NA",NA,NA,NA,"28.45833333","-82.03611111","Sumter Co."
"227230",NA,NA,NA,"NA NA",NA,NA,NA,"28.5333","-82.45","Hernando Co."
"228817",NA,NA,NA,"NA NA",NA,NA,NA,"28.80472222","-82.4025","Citrus Co."
"214537",NA,NA,NA,"NA NA",NA,NA,NA,"28.50638889","-82.13472222","Hernando Co."
"204579",NA,NA,NA,"NA NA",NA,NA,NA,"28.6333","-82.25","Sumter Co."
"242342",NA,NA,NA,"NA NA",NA,NA,NA,"28.664992","-82.112863","Sumter Co."
"263558",NA,NA,NA,"NA NA",NA,NA,NA,"28.45305556","-82.14583333","Pasco Co."
"227295",NA,NA,NA,"NA NA",NA,NA,NA,"28.35","-81.8167","Hernando Co."
"238795",NA,NA,NA,"NA NA",NA,NA,NA,"28.835818","-82.330372","Citrus Co."
"120823",NA,NA,NA,"NA NA",NA,NA,NA,"28.35","-81.8167","Sumter Co."
"210875",NA,NA,NA,"NA NA",NA,NA,NA,"28.53416667","-82.14555556","Hernando Co."
"298818",NA,NA,NA,"NA NA",NA,NA,NA,"28.465832","-82.172029","Pasco Co."
"214168",NA,NA,NA,"NA NA",NA,NA,NA,"28.5","-82.1","Hernando Co."
"223850",NA,NA,NA,"NA NA",NA,NA,NA,"28.45805556","-82.06111111","Pasco Co."
"298819",NA,NA,NA,"NA NA",NA,NA,NA,"28.465832","-82.172029","Pasco Co."
"298820",NA,NA,NA,"NA NA",NA,NA,NA,"28.465832","-82.172029","Pasco Co."
"162069",NA,NA,NA,"NA NA",NA,NA,NA,"28.35","-82.0333","Sumter Co."
"237437",NA,NA,NA,"NA NA",NA,NA,NA,"28.835818","-82.330372","Citrus Co."
"210810",NA,NA,NA,"NA NA",NA,NA,NA,"28.50638889","-82.13472222","Hernando Co."
"227227",NA,NA,NA,"NA NA",NA,NA,NA,"28.35","-81.8167","Hernando Co."
"225257",NA,NA,NA,"NA NA",NA,NA,NA,"28.45833333","-82.03611111","Sumter Co."
"228096",NA,NA,NA,"NA NA",NA,NA,NA,"28.45305556","-82.14583333","Pasco Co."
"210804",NA,NA,NA,"NA NA",NA,NA,NA,"28.50638889","-82.13472222","Hernando Co."
"237436",NA,NA,NA,"NA NA",NA,NA,NA,"28.835818","-82.330372","Citrus Co."
"161060",NA,NA,NA,"NA NA",NA,NA,NA,"28.55","-82.05","Sumter Co."
"55974",NA,NA,NA,"NA NA",NA,NA,NA,"28.35","-81.8167","Sumter Co."
"55389",NA,NA,NA,"NA NA",NA,NA,NA,"28.6833","-82.2667","Citrus Co."
"122551",NA,NA,NA,"NA NA",NA,NA,NA,"28.465832","-82.172029","Pasco Co."
"105107",NA,NA,NA,"NA NA",NA,NA,NA,"28.35","-81.8167","Hernando Co."
"104824",NA,NA,NA,"NA NA",NA,NA,NA,"28.35","-81.8167","Sumter Co."
"141199",NA,NA,NA,"NA NA",NA,NA,NA,"28.465832","-82.172029","Pasco Co."
"154583",NA,NA,NA,"NA NA",NA,NA,NA,"28.35","-81.8167","Sumter Co."
"27750",NA,NA,NA,"NA NA",NA,NA,NA,"28.35","-81.8167","Sumter Co."
"104625",NA,NA,NA,"NA NA",NA,NA,NA,"28.35","-81.8167","Citrus Co."
"104798",NA,NA,NA,"NA NA",NA,NA,NA,"28.35","-81.8167","Hernando Co."
"105125",NA,NA,NA,"NA NA",NA,NA,NA,"28.8667","-82.45","Citrus Co."
"104820",NA,NA,NA,"NA NA",NA,NA,NA,"28.5","-82.1","Hernando Co."
"185056",NA,NA,NA,"NA NA",NA,NA,NA,"28.6833","-82.1833","Sumter Co."
"161067",NA,NA,NA,"NA NA",NA,NA,NA,"28.55","-82.05","Sumter Co."
"55385",NA,NA,NA,"NA NA",NA,NA,NA,"28.851649","-82.487598","Citrus Co."
"104811",NA,NA,NA,"NA NA",NA,NA,NA,"28.35","-81.8167","Hernando Co."
"104627",NA,NA,NA,"NA NA",NA,NA,NA,"28.35","-81.8167","Citrus Co."
"104723",NA,NA,NA,"NA NA",NA,NA,NA,"28.587772","-82.227588","Hernando Co."
"60912",NA,NA,NA,"NA NA",NA,NA,NA,"28.851649","-82.487598","Citrus Co."
"185045",NA,NA,NA,"NA NA",NA,NA,NA,"28.6833","-82.1833","Sumter Co."
"104645",NA,NA,NA,"NA NA",NA,NA,NA,"28.35","-81.8167","Citrus Co."
"104739",NA,NA,NA,"NA NA",NA,NA,NA,"28.587772","-82.227588","Hernando Co."
"184982",NA,NA,NA,"NA NA",NA,NA,NA,"28.6833","-82.1833","Sumter Co."
"55736",NA,NA,NA,"NA NA",NA,NA,NA,"28.35","-81.8167","Citrus Co."
"55866",NA,NA,NA,"NA NA",NA,NA,NA,"28.35","-81.8167","Sumter Co."
"55865",NA,NA,NA,"NA NA",NA,NA,NA,"28.35","-81.8167","Sumter Co."
"55875",NA,NA,NA,"NA NA",NA,NA,NA,"28.35","-81.8167","Sumter Co."
"55428",NA,NA,NA,"NA NA",NA,NA,NA,"28.35","-81.8167","Citrus Co."
"120709",NA,NA,NA,"NA NA",NA,NA,NA,"28.465832","-82.172029","Pasco Co."
"122545",NA,NA,NA,"NA NA",NA,NA,NA,"28.465832","-82.172029","Pasco Co."
"105170",NA,NA,NA,"NA NA",NA,NA,NA,"28.8667","-82.45","Citrus Co."
"108171",NA,NA,NA,"NA NA",NA,NA,NA,"28.5","-82.1","Hernando Co."
"120591",NA,NA,NA,"NA NA",NA,NA,NA,"28.465832","-82.172029","Pasco Co."
"264116",NA,NA,NA,"NA NA",NA,NA,NA,"28.3514","-82.1253","Pasco Co."
"214443",NA,NA,NA,"NA NA",NA,NA,NA,"28.45833333","-82.03611111","Sumter Co."
"120507",NA,NA,NA,"NA NA",NA,NA,NA,"28.35","-81.8167","Sumter Co."
"240468",NA,NA,NA,"NA NA",NA,NA,NA,"28.45833333","-82.03611111","Sumter Co."
"120508",NA,NA,NA,"NA NA",NA,NA,NA,"28.35","-81.8167","Sumter Co."
"193373",NA,NA,NA,"NA NA",NA,NA,NA,"28.465832","-82.172029","Pasco Co."
"208661",NA,NA,NA,"NA NA",NA,NA,NA,"28.35","-81.8167","Hernando Co."
"161053",NA,NA,NA,"NA NA",NA,NA,NA,"28.55","-82.05","Sumter Co."
"161038",NA,NA,NA,"NA NA",NA,NA,NA,"28.55","-82.05","Sumter Co."
"208163",NA,NA,NA,"NA NA",NA,NA,NA,"null","null","Citrus Co."
"55475",NA,NA,NA,"NA NA",NA,NA,NA,"28.688879","-82.272868","Citrus Co."
"236981",NA,NA,NA,"NA NA",NA,NA,NA,"28.5833","-82.2167","Sumter Co."
"185038",NA,NA,NA,"NA NA",NA,NA,NA,"28.6833","-82.1833","Sumter Co."
"27754",NA,NA,NA,"NA NA",NA,NA,NA,"28.35","-81.8167","Sumter Co."
"105087",NA,NA,NA,"NA NA",NA,NA,NA,"28.35","-81.8167","Hernando Co."
"122544",NA,NA,NA,"NA NA",NA,NA,NA,"28.35","-81.8167","Sumter Co."
"105102",NA,NA,NA,"NA NA",NA,NA,NA,"28.5","-82.1","Hernando Co."
"171762",NA,NA,NA,"NA NA",NA,NA,NA,"28.35","-81.8167","Citrus Co."
"105092",NA,NA,NA,"NA NA",NA,NA,NA,"28.35","-81.8167","Hernando Co."
"216743",NA,NA,NA,"NA NA",NA,NA,NA,"28.35","-81.8167","Hernando Co."
"55474",NA,NA,NA,"NA NA",NA,NA,NA,"28.6833","-82.2667","Citrus Co."
"104725",NA,NA,NA,"NA NA",NA,NA,NA,"28.587772","-82.227588","Hernando Co."
"154602",NA,NA,NA,"NA NA",NA,NA,NA,"28.35","-81.8167","Sumter Co."
"17349",NA,NA,NA,"NA NA",NA,NA,NA,"28.35","-81.8167","Hernando Co."
"228524",NA,NA,NA,"NA NA",NA,NA,NA,"28.35","-81.8167","Sumter Co."
"55507",NA,NA,NA,"NA NA",NA,NA,NA,"28.35","-81.8167","Citrus Co."
"104758",NA,NA,NA,"NA NA",NA,NA,NA,"28.35","-81.8167","Hernando Co."
"104821",NA,NA,NA,"NA NA",NA,NA,NA,"28.5","-82.1","Hernando Co."
"292383",NA,NA,NA,"NA NA",NA,NA,NA,"28.465832","-82.172029","Pasco Co."
"27392",NA,NA,NA,"NA NA",NA,NA,NA,"28.35","-81.8167","Sumter Co."
"3620",NA,NA,NA,"NA NA",NA,NA,NA,"28.35","-81.8167","Sumter Co."
"300109",NA,NA,NA,"NA NA",NA,NA,NA,"28.35","-81.8167","Sumter Co."
"55404",NA,NA,NA,"NA NA",NA,NA,NA,"28.6833","-82.2667","Citrus Co."
"104828",NA,NA,NA,"NA NA",NA,NA,NA,"28.35","-81.8167","Sumter Co."
"55423",NA,NA,NA,"NA NA",NA,NA,NA,"28.6833","-82.2667","Citrus Co."
"214504",NA,NA,NA,"NA NA",NA,NA,NA,"28.45833333","-82.03611111","Sumter Co."
"55269",NA,NA,NA,"NA NA",NA,NA,NA,"28.6833","-82.2667","Citrus Co."
"55270",NA,NA,NA,"NA NA",NA,NA,NA,"28.688879","-82.272868","Citrus Co."
"189174",NA,NA,NA,"NA NA",NA,NA,NA,"28.587772","-82.227588","Hernando Co."
"27817",NA,NA,NA,"NA NA",NA,NA,NA,"28.35","-81.8167","Sumter Co."
"104819",NA,NA,NA,"NA NA",NA,NA,NA,"28.5","-82.1","Hernando Co."
"221088",NA,NA,NA,"NA NA",NA,NA,NA,"28.8667","-82.45","Citrus Co."
"234784",NA,NA,NA,"NA NA",NA,NA,NA,"28.587772","-82.227588","Hernando Co."
"227239",NA,NA,NA,"NA NA",NA,NA,NA,"28.865264","-82.038974","Sumter Co."
"227077",NA,NA,NA,"NA NA",NA,NA,NA,"28.80472222","-82.4025","Citrus Co."
"208187",NA,NA,NA,"NA NA",NA,NA,NA,"28.835818","-82.330372","Citrus Co."
"226184",NA,NA,NA,"NA NA",NA,NA,NA,"28.45833333","-82.03611111","Sumter Co."
"228858",NA,NA,NA,"NA NA",NA,NA,NA,"28.80472222","-82.4025","Citrus Co."
"43151",NA,NA,NA,"NA NA",NA,NA,NA,"28.35","-81.8167","Hernando Co."
"234034",NA,NA,NA,"NA NA",NA,NA,NA,"28.45833333","-82.03611111","Sumter Co."
"242344",NA,NA,NA,"NA NA",NA,NA,NA,"28.664992","-82.112863","Sumter Co."
"204576",NA,NA,NA,"NA NA",NA,NA,NA,"28.6333","-82.25","Sumter Co."
"153770",NA,NA,NA,"NA NA",NA,NA,NA,"28.35","-81.8167","Lake Co."
"226406",NA,NA,NA,"NA NA",NA,NA,NA,"28.45833333","-82.03611111","Sumter Co."
"242384",NA,NA,NA,"NA NA",NA,NA,NA,"28.664992","-82.112863","Sumter Co."
"229353",NA,NA,NA,"NA NA",NA,NA,NA,"28.80472222","-82.4025","Citrus Co."
"259029",NA,NA,NA,"NA NA",NA,NA,NA,"28.66444444","-82.45388889","Hernando Co."
"189172",NA,NA,NA,"NA NA",NA,NA,NA,"28.587772","-82.227588","Hernando Co."
"120547",NA,NA,NA,"NA NA",NA,NA,NA,"28.35","-81.8167","Sumter Co."
"105100",NA,NA,NA,"NA NA",NA,NA,NA,"28.5","-82.1","Hernando Co."
"122557",NA,NA,NA,"NA NA",NA,NA,NA,"28.35","-81.8167","Sumter Co."
"241066",NA,NA,NA,"NA NA",NA,NA,NA,"28.45833333","-82.03611111","Sumter Co."
"27768",NA,NA,NA,"NA NA",NA,NA,NA,"28.35","-81.8167","Sumter Co."
"104835",NA,NA,NA,"NA NA",NA,NA,NA,"28.35","-81.8167","Sumter Co."
"122556",NA,NA,NA,"NA NA",NA,NA,NA,"28.35","-81.8167","Sumter Co."
"27398",NA,NA,NA,"NA NA",NA,NA,NA,"28.35","-81.8167","Sumter Co."
"122555",NA,NA,NA,"NA NA",NA,NA,NA,"28.35","-81.8167","Sumter Co."
"214441",NA,NA,NA,"NA NA",NA,NA,NA,"28.45833333","-82.03611111","Sumter Co."
"105082",NA,NA,NA,"NA NA",NA,NA,NA,"28.5","-82.1","Hernando Co."
"241044",NA,NA,NA,"NA NA",NA,NA,NA,"28.45833333","-82.03611111","Sumter Co."
"120618",NA,NA,NA,"NA NA",NA,NA,NA,"28.35","-81.8167","Citrus Co."
"161165",NA,NA,NA,"NA NA",NA,NA,NA,"28.55","-82.05","Sumter Co."
"120687",NA,NA,NA,"NA NA",NA,NA,NA,"28.35","-81.8167","Citrus Co."
"120892",NA,NA,NA,"NA NA",NA,NA,NA,"28.465832","-82.172029","Pasco Co."
"241931",NA,NA,NA,"NA NA",NA,NA,NA,"28.5833","-82.2167","Sumter Co."
"214547",NA,NA,NA,"NA NA",NA,NA,NA,"28.55","-82.05","Sumter Co."
"48083",NA,NA,NA,"NA NA",NA,NA,NA,"28.6833","-82.2667","Citrus Co."
"27745",NA,NA,NA,"NA NA",NA,NA,NA,"28.35","-81.8167","Sumter Co."
"27746",NA,NA,NA,"NA NA",NA,NA,NA,"28.35","-81.8167","Sumter Co."
"161621",NA,NA,NA,"NA NA",NA,NA,NA,"28.554997","-82.054526","Sumter Co."
"120983",NA,NA,NA,"NA NA",NA,NA,NA,"28.465832","-82.172029","Pasco Co."
"208244",NA,NA,NA,"NA NA",NA,NA,NA,"28.5833","-82.2167","Sumter Co."
"208230",NA,NA,NA,"NA NA",NA,NA,NA,"28.35","-81.8167","Citrus Co."
"105168",NA,NA,NA,"NA NA",NA,NA,NA,"28.8667","-82.45","Citrus Co."
"144335",NA,NA,NA,"NA NA",NA,NA,NA,"28.35","-81.8167","Hernando Co."
"27815",NA,NA,NA,"NA NA",NA,NA,NA,"28.35","-81.8167","Sumter Co."
"46352",NA,NA,NA,"NA NA",NA,NA,NA,"28.659991","-82.27759","Hernando Co."
"2471",NA,NA,NA,"NA NA",NA,NA,NA,"28.35","-81.8167","Sumter Co."
"14151",NA,NA,NA,"NA NA",NA,NA,NA,"28.664992","-82.112863","Sumter Co."
"55422",NA,NA,NA,"NA NA",NA,NA,NA,"28.688879","-82.272868","Citrus Co."
"185044",NA,NA,NA,"NA NA",NA,NA,NA,"28.6833","-82.1833","Sumter Co."
"55431",NA,NA,NA,"NA NA",NA,NA,NA,"28.688879","-82.272868","Citrus Co."
"104836",NA,NA,NA,"NA NA",NA,NA,NA,"28.35","-81.8167","Sumter Co."
"56012",NA,NA,NA,"NA NA",NA,NA,NA,"28.35","-81.8167","Sumter Co."
"27759",NA,NA,NA,"NA NA",NA,NA,NA,"28.35","-81.8167","Sumter Co."
"55469",NA,NA,NA,"NA NA",NA,NA,NA,"28.688879","-82.272868","Citrus Co."
"104760",NA,NA,NA,"NA NA",NA,NA,NA,"28.35","-81.8167","Hernando Co."
"120707",NA,NA,NA,"NA NA",NA,NA,NA,"28.4667","-82.0667","Pasco Co."
"204252",NA,NA,NA,"NA NA",NA,NA,NA,"28.6333","-82.25","Sumter Co."
"35403",NA,NA,NA,"NA NA",NA,NA,NA,"28.659991","-82.27759","Hernando Co."
"19826",NA,NA,NA,"NA NA",NA,NA,NA,"28.659991","-82.27759","Hernando Co."
"256068",NA,NA,NA,"NA NA",NA,NA,NA,"28.659991","-82.27759","Hernando Co."
"48085",NA,NA,NA,"NA NA",NA,NA,NA,"28.6833","-82.2667","Citrus Co."
"305097",NA,NA,NA,"NA NA",NA,NA,NA,"null","null","Sumter Co."
"209391",NA,NA,NA,"NA NA",NA,NA,NA,"28.35","-81.8167","Citrus Co."
"120509",NA,NA,NA,"NA NA",NA,NA,NA,"28.35","-81.8167","Sumter Co."
"303788",NA,NA,NA,"NA NA",NA,NA,NA,"null","null","Pasco Co."
"172105",NA,NA,NA,"NA NA",NA,NA,NA,"null","null","Citrus Co."
"104796",NA,NA,NA,"NA NA",NA,NA,NA,"null","null","Hernando Co."
"240424",NA,NA,NA,"NA NA",NA,NA,NA,"28.45305556","-82.14583333","Pasco Co."
"239372",NA,NA,NA,"NA NA",NA,NA,NA,"28.45833333","-82.03611111","Sumter Co."
"239354",NA,NA,NA,"NA NA",NA,NA,NA,"28.45805556","-82.06111111","Pasco Co."
"104646",NA,NA,NA,"NA NA",NA,NA,NA,"28.35","-81.8167","Citrus Co."
"208200",NA,NA,NA,"NA NA",NA,NA,NA,"28.8667","-82.45","Citrus Co."
"27766",NA,NA,NA,"NA NA",NA,NA,NA,"28.35","-81.8167","Sumter Co."
"227992",NA,NA,NA,"NA NA",NA,NA,NA,"null","null","Sumter Co."
"108170",NA,NA,NA,"NA NA",NA,NA,NA,"28.5","-82.1","Hernando Co."
"27773",NA,NA,NA,"NA NA",NA,NA,NA,"28.35","-81.8167","Sumter Co."
"306728",NA,NA,NA,"NA NA",NA,NA,NA,"null","null","Citrus Co."
"208162",NA,NA,NA,"NA NA",NA,NA,NA,"null","null","Citrus Co."
"197897",NA,NA,NA,"NA NA",NA,NA,NA,"null","null","Hernando Co."
"227056",NA,NA,NA,"NA NA",NA,NA,NA,"null","null","Citrus Co."
"202258",NA,NA,NA,"NA NA",NA,NA,NA,"null","null","Hernando Co."
"55506",NA,NA,NA,"NA NA",NA,NA,NA,"28.35","-81.8167","Citrus Co."
"161068",NA,NA,NA,"NA NA",NA,NA,NA,"28.55","-82.05","Sumter Co."
"189421",NA,NA,NA,"NA NA",NA,NA,NA,"28.8667","-82.45","Citrus Co."
"227238",NA,NA,NA,"NA NA",NA,NA,NA,"28.865264","-82.038974","Sumter Co."
"185034",NA,NA,NA,"NA NA",NA,NA,NA,"28.733383","-82.225673","Sumter Co."
"227202",NA,NA,NA,"NA NA",NA,NA,NA,"28.5333","-82.45","Hernando Co."
"105127",NA,NA,NA,"NA NA",NA,NA,NA,"28.8667","-82.45","Citrus Co."
"229055",NA,NA,NA,"NA NA",NA,NA,NA,"28.80472222","-82.4025","Citrus Co."
"227416",NA,NA,NA,"NA NA",NA,NA,NA,"28.45305556","-82.14583333","Pasco Co."
"227240",NA,NA,NA,"NA NA",NA,NA,NA,"28.865264","-82.038974","Sumter Co."
"105117",NA,NA,NA,"NA NA",NA,NA,NA,"28.8667","-82.45","Citrus Co."
"239079",NA,NA,NA,"NA NA",NA,NA,NA,"28.80472222","-82.4025","Citrus Co."
"305955",NA,NA,NA,"NA NA",NA,NA,NA,"null","null","Pasco Co."
"258606",NA,NA,NA,"NA NA",NA,NA,NA,"28.55","-82.05","Sumter Co."
"161058",NA,NA,NA,"NA NA",NA,NA,NA,"28.55","-82.05","Sumter Co."
"262646",NA,NA,NA,"NA NA",NA,NA,NA,"28.465832","-82.172029","Pasco Co."
"48084",NA,NA,NA,"NA NA",NA,NA,NA,"28.688879","-82.272868","Citrus Co."
"55808",NA,NA,NA,"NA NA",NA,NA,NA,"28.688879","-82.272868","Citrus Co."
"162103",NA,NA,NA,"NA NA",NA,NA,NA,"28.35","-82.0333","Sumter Co."
"108380",NA,NA,NA,"NA NA",NA,NA,NA,"28.5","-82.1","Hernando Co."
"141166",NA,NA,NA,"NA NA",NA,NA,NA,"28.465832","-82.172029","Pasco Co."
"241957",NA,NA,NA,"NA NA",NA,NA,NA,"28.5833","-82.2167","Sumter Co."
"253646",NA,NA,NA,"NA NA",NA,NA,NA,"28.72666667","-82.40194444","Citrus Co."
"162102",NA,NA,NA,"NA NA",NA,NA,NA,"28.35","-82.0333","Sumter Co."
"120841",NA,NA,NA,"NA NA",NA,NA,NA,"28.35","-81.8167","Citrus Co."
"264140",NA,NA,NA,"NA NA",NA,NA,NA,"28.85","-82.2","Sumter Co."
"263756",NA,NA,NA,"NA NA",NA,NA,NA,"28.35","-81.8167","Citrus Co."
"108378",NA,NA,NA,"NA NA",NA,NA,NA,"28.5","-82.1","Hernando Co."
"108377",NA,NA,NA,"NA NA",NA,NA,NA,"28.5","-82.1","Hernando Co."
"79781",NA,NA,NA,"NA NA",NA,NA,NA,"29.0167","-82.6667","Citrus Co."
"108381",NA,NA,NA,"NA NA",NA,NA,NA,"28.5","-82.1","Hernando Co."
"237438",NA,NA,NA,"NA NA",NA,NA,NA,"28.85","-82.2","Sumter Co."
"236974",NA,NA,NA,"NA NA",NA,NA,NA,"28.5833","-82.2167","Sumter Co."
"27387",NA,NA,NA,"NA NA",NA,NA,NA,"28.35","-81.8167","Sumter Co."
"105081",NA,NA,NA,"NA NA",NA,NA,NA,"28.5","-82.1","Hernando Co."
"299939",NA,NA,NA,"NA NA",NA,NA,NA,"28.465832","-82.172029","Pasco Co."
"299938",NA,NA,NA,"NA NA",NA,NA,NA,"28.465832","-82.172029","Pasco Co."
"299941",NA,NA,NA,"NA NA",NA,NA,NA,"28.465832","-82.172029","Pasco Co."
"299942",NA,NA,NA,"NA NA",NA,NA,NA,"28.465832","-82.172029","Pasco Co."
"43551",NA,NA,NA,"NA NA",NA,NA,NA,"30.2333","-84.6667","Sumter Co."
"104745",NA,NA,NA,"NA NA",NA,NA,NA,"28.587772","-82.227588","Hernando Co."
"48038",NA,NA,NA,"NA NA",NA,NA,NA,"null","null","Citrus Co."
"208166",NA,NA,NA,"NA NA",NA,NA,NA,"28.8667","-82.45","Citrus Co."
"160754",NA,NA,NA,"NA NA",NA,NA,NA,"28.55","-82.05","Sumter Co."
"161623",NA,NA,NA,"NA NA",NA,NA,NA,"28.554997","-82.054526","Sumter Co."
"204180",NA,NA,NA,"NA NA",NA,NA,NA,"28.5833","-82.2167","Sumter Co."
"48044",NA,NA,NA,"NA NA",NA,NA,NA,"28.688879","-82.272868","Citrus Co."
"48048",NA,NA,NA,"NA NA",NA,NA,NA,"28.688879","-82.272868","Citrus Co."
"225619",NA,NA,NA,"NA NA",NA,NA,NA,"28.35","-81.8167","Sumter Co."
"214280",NA,NA,NA,"NA NA",NA,NA,NA,"28.8667","-82.45","Citrus Co."
"306746",NA,NA,NA,"NA NA",NA,NA,NA,"28.668","-82.448","Hernando Co."
"161588",NA,NA,NA,"NA NA",NA,NA,NA,"28.554997","-82.054526","Sumter Co."
"48045",NA,NA,NA,"NA NA",NA,NA,NA,"28.6833","-82.2667","Citrus Co."
"108165",NA,NA,NA,"NA NA",NA,NA,NA,"28.5","-82.1","Hernando Co."
"138011",NA,NA,NA,"NA NA",NA,NA,NA,"28.5","-82.1","Hernando Co."
"108375",NA,NA,NA,"NA NA",NA,NA,NA,"28.5","-82.1","Hernando Co."
"104014",NA,NA,NA,"NA NA",NA,NA,NA,"28.35","-81.8167","Hernando Co."
"109211",NA,NA,NA,"NA NA",NA,NA,NA,"28.587772","-82.227588","Hernando Co."
"143536",NA,NA,NA,"NA NA",NA,NA,NA,"28.465832","-82.172029","Pasco Co."
"214271",NA,NA,NA,"NA NA",NA,NA,NA,"28.8667","-82.45","Citrus Co."
"53159",NA,NA,NA,"NA NA",NA,NA,NA,"28.6833","-82.2667","Citrus Co."
"100614",NA,NA,NA,"NA NA",NA,NA,NA,"28.6833","-82.2667","Citrus Co."
"204621",NA,NA,NA,"NA NA",NA,NA,NA,"28.6333","-82.25","Sumter Co."
"48039",NA,NA,NA,"NA NA",NA,NA,NA,"null","null","Citrus Co."
"55412",NA,NA,NA,"NA NA",NA,NA,NA,"null","null","Citrus Co."
"48049",NA,NA,NA,"NA NA",NA,NA,NA,"28.688879","-82.272868","Citrus Co."
"53158",NA,NA,NA,"NA NA",NA,NA,NA,"28.688879","-82.272868","Citrus Co."
"228883",NA,NA,NA,"NA NA",NA,NA,NA,"28.45833333","-82.03611111","Sumter Co."
"185064",NA,NA,NA,"NA NA",NA,NA,NA,"28.6833","-82.1833","Sumter Co."
"9560",NA,NA,NA,"NA NA",NA,NA,NA,"28.35","-81.8167","Citrus Co."
"161040",NA,NA,NA,"NA NA",NA,NA,NA,"28.55","-82.05","Sumter Co."
"55430",NA,NA,NA,"NA NA",NA,NA,NA,"28.688879","-82.272868","Citrus Co."
"104205",NA,NA,NA,"NA NA",NA,NA,NA,"28.587772","-82.227588","Hernando Co."
"105085",NA,NA,NA,"NA NA",NA,NA,NA,"28.35","-81.8167","Hernando Co."
"122549",NA,NA,NA,"NA NA",NA,NA,NA,"28.465832","-82.172029","Pasco Co."
"43138",NA,NA,NA,"NA NA",NA,NA,NA,"28.35","-81.8167","Hernando Co."
"108168",NA,NA,NA,"NA NA",NA,NA,NA,"28.5","-82.1","Hernando Co."
"185031",NA,NA,NA,"NA NA",NA,NA,NA,"28.6833","-82.1833","Sumter Co."
"27811",NA,NA,NA,"NA NA",NA,NA,NA,"28.35","-81.8167","Sumter Co."
"55234",NA,NA,NA,"NA NA",NA,NA,NA,"28.35","-81.8167","Citrus Co."
"227180",NA,NA,NA,"NA NA",NA,NA,NA,"28.865264","-82.038974","Sumter Co."
"227667",NA,NA,NA,"NA NA",NA,NA,NA,"28.80472222","-82.4025","Citrus Co."
"210255",NA,NA,NA,"NA NA",NA,NA,NA,"28.35","-81.8167","Hernando Co."
"210267",NA,NA,NA,"NA NA",NA,NA,NA,"28.8667","-82.45","Citrus Co."
"56011",NA,NA,NA,"NA NA",NA,NA,NA,"null","null","Sumter Co."
"245082",NA,NA,NA,"NA NA",NA,NA,NA,"28.664992","-82.112863","Sumter Co."
"120708",NA,NA,NA,"NA NA",NA,NA,NA,"28.465832","-82.172029","Pasco Co."
"208658",NA,NA,NA,"NA NA",NA,NA,NA,"28.9667","-82.4167","Citrus Co."
"206464",NA,NA,NA,"NA NA",NA,NA,NA,"28.5833","-82.2167","Sumter Co."
"104651",NA,NA,NA,"NA NA",NA,NA,NA,"28.35","-81.8167","Citrus Co."
"104750",NA,NA,NA,"NA NA",NA,NA,NA,"28.587772","-82.227588","Hernando Co."
"193037",NA,NA,NA,"NA NA",NA,NA,NA,"28.465832","-82.172029","Pasco Co."
"206458",NA,NA,NA,"NA NA",NA,NA,NA,"28.6333","-82.25","Sumter Co."
"208660",NA,NA,NA,"NA NA",NA,NA,NA,"28.9667","-82.4167","Citrus Co."
"210858",NA,NA,NA,"NA NA",NA,NA,NA,"28.835818","-82.330372","Citrus Co."
"183656",NA,NA,NA,"NA NA",NA,NA,NA,"30.2333","-84.6667","Sumter Co."
"185059",NA,NA,NA,"NA NA",NA,NA,NA,"28.6833","-82.1833","Sumter Co."
"10286",NA,NA,NA,"NA NA",NA,NA,NA,"28.35","-81.8167","Hernando Co."
"161587",NA,NA,NA,"NA NA",NA,NA,NA,"28.554997","-82.054526","Sumter Co."
"48086",NA,NA,NA,"NA NA",NA,NA,NA,"28.688879","-82.272868","Citrus Co."
"55410",NA,NA,NA,"NA NA",NA,NA,NA,"28.688879","-82.272868","Citrus Co."
"264144",NA,NA,NA,"NA NA",NA,NA,NA,"28.35","-81.8167","Hernando Co."
"27388",NA,NA,NA,"NA NA",NA,NA,NA,"28.35","-81.8167","Sumter Co."
"105093",NA,NA,NA,"NA NA",NA,NA,NA,"28.35","-81.8167","Hernando Co."
"108297",NA,NA,NA,"NA NA",NA,NA,NA,"28.5","-82.1","Hernando Co."
"27813",NA,NA,NA,"NA NA",NA,NA,NA,"28.35","-81.8167","Sumter Co."
"245081",NA,NA,NA,"NA NA",NA,NA,NA,"28.664992","-82.112863","Sumter Co."
"55472",NA,NA,NA,"NA NA",NA,NA,NA,"28.688879","-82.272868","Citrus Co."
"104634",NA,NA,NA,"NA NA",NA,NA,NA,"28.35","-81.8167","Citrus Co."
"104743",NA,NA,NA,"NA NA",NA,NA,NA,"28.587772","-82.227588","Hernando Co."
"105089",NA,NA,NA,"NA NA",NA,NA,NA,"28.35","-81.8167","Hernando Co."
"154600",NA,NA,NA,"NA NA",NA,NA,NA,"28.35","-81.8167","Sumter Co."
"27396",NA,NA,NA,"NA NA",NA,NA,NA,"28.35","-81.8167","Sumter Co."
"27399",NA,NA,NA,"NA NA",NA,NA,NA,"28.35","-81.8167","Sumter Co."
"104831",NA,NA,NA,"NA NA",NA,NA,NA,"28.35","-81.8167","Sumter Co."
"227766",NA,NA,NA,"NA NA",NA,NA,NA,"28.45833333","-82.03611111","Sumter Co."
"48119",NA,NA,NA,"NA NA",NA,NA,NA,"28.688879","-82.272868","Citrus Co."
"55388",NA,NA,NA,"NA NA",NA,NA,NA,"28.688879","-82.272868","Citrus Co."
"104722",NA,NA,NA,"NA NA",NA,NA,NA,"28.587772","-82.227588","Hernando Co."
"104639",NA,NA,NA,"NA NA",NA,NA,NA,"28.35","-81.8167","Citrus Co."
"55971",NA,NA,NA,"NA NA",NA,NA,NA,"28.35","-81.8167","Sumter Co."
"232028",NA,NA,NA,"NA NA",NA,NA,NA,"28.7167","-82.3","Citrus Co."
"2502",NA,NA,NA,"NA NA",NA,NA,NA,"28.664992","-82.112863","Sumter Co."
"120368",NA,NA,NA,"NA NA",NA,NA,NA,"28.465832","-82.172029","Pasco Co."
"227792",NA,NA,NA,"NA NA",NA,NA,NA,"28.45833333","-82.03611111","Sumter Co."
"27826",NA,NA,NA,"NA NA",NA,NA,NA,"28.35","-81.8167","Sumter Co."
"104844",NA,NA,NA,"NA NA",NA,NA,NA,"28.35","-81.8167","Sumter Co."
"185054",NA,NA,NA,"NA NA",NA,NA,NA,"28.6833","-82.1833","Sumter Co."
"27814",NA,NA,NA,"NA NA",NA,NA,NA,"28.35","-81.8167","Sumter Co."
"27828",NA,NA,NA,"NA NA",NA,NA,NA,"28.35","-81.8167","Sumter Co."
"239017",NA,NA,NA,"NA NA",NA,NA,NA,"28.45833333","-82.03611111","Sumter Co."
"43550",NA,NA,NA,"NA NA",NA,NA,NA,"30.2333","-84.6667","Sumter Co."
"203722",NA,NA,NA,"NA NA",NA,NA,NA,"28.5833","-82.2167","Sumter Co."
"27738",NA,NA,NA,"NA NA",NA,NA,NA,"28.35","-81.8167","Sumter Co."
"27389",NA,NA,NA,"NA NA",NA,NA,NA,"28.35","-81.8167","Sumter Co."
"104201",NA,NA,NA,"NA NA",NA,NA,NA,"28.35","-81.8167","Hernando Co."
"203799",NA,NA,NA,"NA NA",NA,NA,NA,"28.555272","-82.387871","Hernando Co."
"202269",NA,NA,NA,"NA NA",NA,NA,NA,"28.555272","-82.387871","Hernando Co."
"161061",NA,NA,NA,"NA NA",NA,NA,NA,"28.55","-82.05","Sumter Co."
"305901",NA,NA,NA,"NA NA",NA,NA,NA,"null","null","Pasco Co."
"9461",NA,NA,NA,"NA NA",NA,NA,NA,"30.2333","-84.6667","Citrus Co."
"179885",NA,NA,NA,"NA NA",NA,NA,NA,"28.35","-81.8167","Citrus Co."
"57317",NA,NA,NA,"NA NA",NA,NA,NA,"28.35","-81.8167","Citrus Co."
"161625",NA,NA,NA,"NA NA",NA,NA,NA,"28.554997","-82.054526","Sumter Co."
"161047",NA,NA,NA,"NA NA",NA,NA,NA,"28.55","-82.05","Sumter Co."
"122542",NA,NA,NA,"NA NA",NA,NA,NA,"28.35","-81.8167","Sumter Co."
"161042",NA,NA,NA,"NA NA",NA,NA,NA,"28.55","-82.05","Sumter Co."
"104199",NA,NA,NA,"NA NA",NA,NA,NA,"28.587772","-82.227588","Hernando Co."
"120548",NA,NA,NA,"NA NA",NA,NA,NA,"28.35","-81.8167","Sumter Co."
"283781",NA,NA,NA,"NA NA",NA,NA,NA,"28.64305556","-82.33361111","Hernando Co."
"283782",NA,NA,NA,"NA NA",NA,NA,NA,"28.64305556","-82.33361111","Hernando Co."
"27379",NA,NA,NA,"NA NA",NA,NA,NA,"28.35","-81.8167","Sumter Co."
"227204",NA,NA,NA,"NA NA",NA,NA,NA,"28.5333","-82.45","Hernando Co."
"120845",NA,NA,NA,"NA NA",NA,NA,NA,"28.35","-81.8167","Sumter Co."
"227950",NA,NA,NA,"NA NA",NA,NA,NA,"28.45833333","-82.03611111","Sumter Co."
"122482",NA,NA,NA,"NA NA",NA,NA,NA,"28.465832","-82.172029","Pasco Co."
"104806",NA,NA,NA,"NA NA",NA,NA,NA,"28.5","-82.1","Hernando Co."
"222864",NA,NA,NA,"NA NA",NA,NA,NA,"28.45305556","-82.14583333","Pasco Co."
"210988",NA,NA,NA,"NA NA",NA,NA,NA,"28.53416667","-82.14555556","Hernando Co."
"104680",NA,NA,NA,"NA NA",NA,NA,NA,"28.35","-81.8167","Citrus Co."
"105166",NA,NA,NA,"NA NA",NA,NA,NA,"28.35","-81.8167","Citrus Co."
"55969",NA,NA,NA,"NA NA",NA,NA,NA,"28.35","-81.8167","Sumter Co."
"104203",NA,NA,NA,"NA NA",NA,NA,NA,"28.587772","-82.227588","Hernando Co."
