barcode,collNo_Text,collector_Text,collrTeam_Text,county,family,genus,herbariumCode,herbariumDetailsUrl,collectionID,infraspecies,infraspecies_Author1_Text,infraspecies_Author2_Text,photoExists,plantID,rank,species,species_Author1_Text,species_Author2_Text,Collection Date,Locality,DetDate_Text,Habitat,RepState1,RepState2,RepState3,RepState4,Type,PlDescr,Frequency,elevL,ElevH,ElevUnits,Endangered,Named_Place,LongDecL,LatDecL
306738,s.n.,C. Werner,R. Mears,Hernando Co.,Fabaceae,Acaciella,null,null,253650,null,null,null,FALSE,2125,null,angustissima,Mill.,Britton & Rose,07/05/2023,Annuteliga Unit.,null,"Sunny location on dirt forest road, with Glandularia canadensis, Sagretia minutiflora, and Ilex vomitoria.  Exposed limestone present.",Flower,null,null,null,null,Less than 1 m tall.,null,null,null,null,FALSE,Withlacoochee State Forest,null,null
205417,292,C. vanHoek,S. Petty,Sumter Co.,Euphorbiaceae,Acalypha,null,null,56150,null,null,null,TRUE,3571,null,gracilens,A. Gray,null,07/10/1992,"Withlacoochee State Forest; bordering Withlacoochee River at Hog Island Recreation Area, ca. 2.5 mi. SE of Nobleton. T21S, R21E, Sec. 31.",1996,Edge of woods bordering river.,Fertile,null,null,null,null,null,null,null,null,null,FALSE,Croom Widlife Management Area,-82.25,28.6333
253279,2683,J. M. Kunzer,,Polk Co.,Euphorbiaceae,Acalypha,null,null,56074,null,null,null,TRUE,3571,null,gracilens,A. Gray,null,11/26/2008,"Ca. 2 km SSE of FL 471 bridge over the Withlacoochee River, ca. 5.2 km NNE of the junction FL 471 and US 98.",null,Exsiccated floodplain forest.,Fertile,null,null,null,null,null,null,null,null,null,FALSE,Colt Creek State Park,-82.04916667,28.295
48090,25449,O. K. Lakela,"J.S. Allen, G.R. Cooley, R. Lassiter, J.A. Lassiter",Citrus Co.,Euphorbiaceae,Acalypha,null,null,56033,null,null,null,TRUE,3571,null,gracilens,A. Gray,null,10/21/1962,"Withlacoochee River, E of Pineola.",1996,"Grassy area; limestone formations, remnants of ancient fern grottoes and primary hammock association of notably large trees, Quercus, Ulmus and Carya spp. over outcrops; Distichum in marshy borders.",Fertile,null,null,null,null,Few.,null,null,null,null,FALSE,null,-82.2667,28.6833
120369,2182,P. Genelle,G. Fleming,Pasco Co.,Euphorbiaceae,Acalypha,null,null,56067,null,null,null,TRUE,3571,null,gracilens,A. Gray,null,08/09/1975,May Place Road.,1996,"White sand; shaded, damp soil.",Fertile,null,null,null,null,null,null,null,null,null,FALSE,Withlacoochee State Forest,-82.172029,28.465832
55378,25916,O. K. Lakela,"R. Lassiter, J.A. Lassiter",Citrus Co.,Sapindaceae,Acer,null,null,17166,null,null,null,TRUE,3408,null,negundo,L.,null,05/06/1963,"Withlacoochee River, E of Pineola.",null,Limestone formations. Remnants of ancient fern grottoes and associations of notably large trees.,null,null,null,null,null,"Trees to 20 ft, tall, ca. 24 in. diameter; frequent, over rocks.",null,null,null,null,FALSE,null,-82.272868,28.688879
55470,26046,O. K. Lakela,"R. Lassiter, J.A. Lassiter",Citrus Co.,Sapindaceae,Acer,null,null,17171,null,null,null,TRUE,3408,null,negundo,L.,null,06/03/1963,"Withlacoochee River, E of Pineola.",null,Limestone formations. Remnants of ancient fern grottoes and associations of notably large trees.,Fruit,null,null,null,null,Large trees with dense foliage and full crowns. Fruits from fallen branch.,null,null,null,null,FALSE,null,-82.272868,28.688879
300778,442,C. F. Caudle,"M.L. Gilbert, M.S. Tisdale",Polk Co.,Sapindaceae,Acer,null,null,238191,null,null,null,TRUE,2120,null,rubrum,L.,null,06/19/1962,Withlacoochee River.,2020,Woods.,null,null,null,null,null,null,null,null,null,null,FALSE,null,-81.8167,28.35
300773,515,C. F. Caudle,"M.L. Gilbert, M.S. Tisdale",Polk Co.,Sapindaceae,Acer,null,null,238192,null,null,null,TRUE,2120,null,rubrum,L.,null,06/19/1962,Withlacoochee River.,2020,Woods.,null,null,null,null,null,null,null,null,null,null,FALSE,null,-81.8167,28.35
104196,1704Cr,P. Genelle,G. Fleming,Hernando Co.,Sapindaceae,Acer,null,null,7039,null,null,null,TRUE,2120,null,rubrum,L.,null,01/08/1973,Croom area.,1973,"River edge, low water, sand, Quercus, Juglans [?; not possible], Taxodium, Serenoa.",Flower,null,null,null,null,null,null,null,null,null,FALSE,Withlacoochee State Forest,-82.227588,28.587772
161055,374,G. Robinson,null,Sumter Co.,Asteraceae,Acmella,null,null,31973,null,null,null,TRUE,3354,null,repens,Walter,Pers.,09/29/1981,"Along the Little Withlacoochee River, ca. 5 mi. SE of Tarrytown.  T23S< R23E, Sec. 9, NW¼.",Jan 2025,Cypress [Taxodium] slough.,Fertile,null,null,null,null,null,null,null,null,null,FALSE,null,-82.05,28.55
247504,2528,J. M. Kunzer,"G. Dauphin, C. Eckert",Polk Co.,Asteraceae,Acmella,null,null,31960,null,null,null,TRUE,3354,null,repens,Walter,Pers.,09/26/2008,"Ca. 2.5 km SSE of FL 471 bridge over the Withlacoochee River, ca. 5.1 km NNE of the junction of FL 471 and US 98.  `",Jan 2025,"Damp, disturbed area in flatwoods.",Fertile,null,null,null,null,null,null,null,null,null,FALSE,Colt Creek State Park,-82.04527778,28.29388889
108169,1911,P. Genelle,G. Fleming,Hernando Co.,Asteraceae,Acmella,null,null,32125,null,null,null,TRUE,3354,null,repens,Walter,Pers.,11/18/1973,"Richloam section; Fire Tower Road, side road.",May 2025,"Damp, sunny.",Fertile,null,null,null,null,null,null,null,null,null,FALSE,Withlacoochee State Forest,-82.1,28.5
302370,s.n.,C. Werner,,Sumter Co.,Adiantaceae,Adiantum,null,null,244073,null,null,null,TRUE,null,null,hispdulum,Sw.,null,12/10/2019,"Richloam Tract, Baird Unit.",null,Mesic hammock with mature live oaks [Quercus virginiana] and rock ourcrop.,null,null,null,null,null,null,null,null,null,null,FALSE,Withlacoochee State Forest,-81.9998,28.5687
48037,25462,O. K. Lakela,"J.S. Allen, G.R. Cooley, R. Lassiter, J.A. Lassiter",Citrus Co.,Pteridaceae,Adiantum,null,null,20858,null,null,null,TRUE,2812,null,tenerum,Sw.,null,10/21/1962,Contact USF Herbarium if additional information is required,Oct 1986,"Limestone formations; remnants of ancient fern grottoes and primary hammock association of notably large trees; Quercus, Ulmus, and Carya spp. over outcrops, Distichum [Taxodium distichum?] in marshy borders.",null,null,null,null,null,null,Occasional,null,null,null,TRUE,null,null,null
108376,1896,P. Genelle,G. Fleming,Hernando Co.,Fabaceae,Aeschynomene,null,null,147,null,null,null,TRUE,2805,null,americana,L.,null,11/18/1973,Fire Tower Road.,1973,Roadside; rich loam section.,Flower,Fruit,null,null,null,Erect.,Very dense stand,null,null,null,FALSE,Withlacoochee State Forest,-81.8167,28.35
264332,10912,L. Baltzell,,Citrus Co.,Orobanchaceae,Agalinis,null,null,100468,null,null,null,TRUE,2452,null,divaricata,,Pennell,09/24/1979,"S of FL 44, 7.5 mi. W of Inverness.",21 Jul 2011,null,Fertile,null,null,null,null,Many scattered plants; flowers pink.,null,null,null,null,FALSE,Withlacoochee State Forest,-82.330372,28.835818
150745,s.n.,T. F. Rochow,,Sumter Co.,Orobanchaceae,Agalinis,null,null,108714,null,null,null,TRUE,3224,null,fasciculata,Elliott,Raf.,09/09/1980,"Green Swamp, near Little Withlacoochee River.",1998,Recently burned over pine flatwoods.,Flower,null,null,null,null,null,null,null,null,null,FALSE,null,-81.8167,28.35
221090,970,C. vanHoek,S. Petty,Citrus Co.,Orobanchaceae,Agalinis,null,null,109061,null,null,null,TRUE,4211,null,plukenetii,Elliott,Raf.,09/20/1997,"Citrus Wildlife Management area of the Withlacoochee State Forest; along TR [Forest Road] 14, between TRS 5 and 9.",1998,Disturbed sandhills.,Fertile,null,null,null,null,null,null,null,null,null,FALSE,null,-82.45,28.8667
206520,s.n.,S. Petty,,Hernando Co.,Agavaceae,Agave,null,null,44719,null,null,null,TRUE,3375,null,virginica,L.,null,09/16/1992,"N of Old State Road 50. T23S, R22E, Sec. 8, NE¼.",22-Oct-2017,"Moist, open rocky woods.",null,null,null,null,null,null,null,null,null,null,FALSE,Withlacoochee State Forest,-81.8167,28.35
162068,458,G. Robinson,,Sumter Co.,Asteraceae,Ageratina,null,null,32303,null,null,null,TRUE,2516,null,jucunda,Greene,Clewell & Wooten,11/12/1981,"Along Withlacoochee River, ca. 2.75 mi. SE of Cumpressco.  T25S, R23E, Sec. 9, SW¼.",null,Low hardwood forest.,Flower,null,null,null,null,null,null,null,null,null,FALSE,null,-82.0333,28.35
253280,2684,J. M. Kunzer,,Polk Co.,Asteraceae,Ageratina,null,null,46221,null,null,null,TRUE,2516,null,jucunda,Greene,Clewell & Wooten,11/26/2008,"Ca. 2 km SSE of FL 471 bridge over the Withlacoochee River, ca. 5.2 km NNE of the junction of FL 471 and US 98.",null,"Dry, open edge of floodplain forest.",Flower,Fruit,null,null,null,null,null,null,null,null,FALSE,Colt Creek State Park,-82.04805556,28.29444444
258845,9035,L. Baltzell,null,Levy Co.,Asteraceae,Ageratina,null,null,60789,null,null,null,TRUE,2516,null,jucunda,Greene,Clewell & Wooten,11/08/1976,"Yankeetown, at the Withlacoochee River.",null,Swampy roadside.,Flower,Fruit,null,null,null,Several plants; flowers white.,null,null,null,null,FALSE,null,-82.823055,29.031521
48020,25448,O. K. Lakela,"J.S. Allen, G.R. Cooley, R. Lassiter, J.A. Lassiter",Citrus Co.,Asteraceae,Ageratina,null,null,32307,null,null,null,TRUE,2516,null,jucunda,Greene,Clewell & Wooten,10/21/1962,"Withlacoochee River, E of Pineola.",Jan 1980,"Limestone formations, remnants of ancient fern grottoes and primary hammock association of notably large trees; Quercus, Ulmus, and Carya spp. over outcrops, Distichum [Taxodium distichum?] in marshy borders.",Flower,null,null,null,null,null,null,null,null,null,FALSE,null,-82.272868,28.688879
192369,1,S. Petty,,Citrus Co.,Rosaceae,Agrimonia,null,null,20788,null,null,null,TRUE,3895,null,incisa,Torr. & A. Gray,null,09/19/1987,Contact USF Herbarium if additional information is required,null,null,Flower,Fruit,null,null,null,null,null,null,null,null,TRUE,null,null,null
413,53951,R. K. Godfrey,"R. Kral, J. Gillespie",null,Poaceae,Agrostis,null,null,42969,null,null,null,TRUE,3099,null,perennans,Walter,Tuck.,10/01/1955,"Hamilton - Madison County: Shores of the Withlacoochee River, above Ellaville.",1982,Limestone ledges.,Fertile,null,null,null,null,null,null,null,null,null,FALSE,null,-84.6667,30.2333
246541,2322,J. M. Kunzer,"A. Bard, S. Spaulding",Polk Co.,Amaranthaceae,Alternanthera,null,null,30557,null,null,null,TRUE,1343,null,philoxeroides,Mart. ex J. C. Gomes f.,Griseb.,04/03/2008,"C. 4.8 km SE of FL 471 bridge over the Withlacoochee River, ca. 1.5 km NNE of the junction of FL 471 and US 98.",null,Marshy area adjacent to Taxodium dome.,Fertile,null,null,null,null,null,null,null,null,null,FALSE,Colt Creek State Park,-82.0425,28.26777778
241847,13082,B. F. Hansen,,Sumter Co.,Asteraceae,Ambrosia,null,null,7075,null,null,null,TRUE,3025,null,artemisiifolia,L.,null,11/09/2005,"Ca. 1.5 mi. N of Croom.  T22S, R21E, Sec. 5, NE¼.",2005,Sandhill.,Flower,null,null,null,null,null,null,null,null,null,FALSE,Withlacoochee State Forest,-82.2167,28.5833
15844,6999,G. R. Cooley,"R.J. Eaton, D.B. Ward",Levy Co.,Asteraceae,Ambrosia,null,null,7051,null,null,null,TRUE,3025,null,artemisiifolia,L.,null,09/16/1959,Second island off the mouth of the Withlacoochee River.,1990,null,Flower,null,null,null,null,null,null,null,null,null,FALSE,null,-81.8167,28.35
216388,16436,S. L. Orzell,E.L. Bridges,Sumter Co.,Lythraceae,Ammannia,null,null,85189,null,null,null,TRUE,3617,null,latifolia,L.,null,04/29/1991,"N side of Center Grade Road, ca. 1.3 mi. E of junction FL 471, near Weeks Pond and N of Gator Hole Slough, ca. 7.7 mi. S of junction FL 50 at Tarrytown. T23S, R23E, Sec. 29, NW¼.",null,Wet marly pnie flatwoods and cypress [Taxodium] pond edges. Soils - Vero (Alfic Haplaquods).,Fertile,null,null,null,null,null,null,90,92,ft,FALSE,Withlacoochee State Forest,-82.03611111,28.45833333
300032,9205,"C. E. Wood, Jr.","K.A. Wilson, G.R. Cooley",Levy Co.,Fabaceae,Amorpha,null,null,233802,null,null,null,TRUE,2056,null,fruticosa,L.,null,05/04/1959,"Jones Creek, Withlacoochee Bay, WNW of Yankeetown.  T16S, R16E, Sec. 31, NW¼.",20-Mar-2006,"Low limestone ""island"" in salt marsh; with Sabal, Juniperus, Persea, and Yucca.",Flower,null,null,null,null,"Shrub 6-8 ft. tall; petals very dark violet, anthers orange.",null,null,null,null,FALSE,null,-82.823055,29.031521
109321,61902,R. K. Godfrey,,Levy Co.,Fabaceae,Amorpha,null,null,394,null,null,null,TRUE,2056,null,fruticosa,L.,null,04/11/1962,"At the mouth of the Withlacoochee River, near Yankeetown.",1974,Palmetto hammock at river mouth.,Flower,null,null,null,null,Shrub ca. 3 m high.,null,null,null,null,FALSE,null,-82.823055,29.031521
105126,1887,P. Genelle,G. Fleming,Citrus Co.,Fabaceae,Amorpha,null,null,420,herbacea,null,null,TRUE,3173,var.,herbacea,Walter,null,05/27/1973,"Citrus section TR22, Dames Cave area.",1973,Shaded sandy.,Flower,null,null,null,null,null,null,null,null,null,FALSE,Withlacoochee State Forest,-82.45,28.8667
253078,2533,J. M. Kunzer,"G. Dauphin, C. Eckert",Polk Co.,Poaceae,Amphicarpum,null,null,45664,null,null,null,TRUE,3772,null,muehlenbergianum,Schult.,Hitchc.,09/26/2008,"Ca. 2.5 km SSE of FL 471 bridge over the Withlacoochee River, ca. 5.1 km NNE of the junction of FL 471 and US 98.",null,Transition zone between flatwoods and cypress [Taxodium] swamp.,Fertile,null,null,null,null,null,null,null,null,null,FALSE,Colt Creek State Park,-82.04527778,28.29388889
227194,2338,M. T. Strong,,Sumter Co.,Apocynaceae,Amsonia,null,null,140039,null,null,null,TRUE,3882,null,ciliata,Walter,null,05/22/2000,"NW side of FL 44, 1.6 km W of junction with FL 475, ca. 9 km ENE of the Withlacoochee River (where FL 44 crosses it), and 9.6 km W of Wildwood.",null,Longleaf pine - turkey oak sandhills.,Fertile,null,null,null,null,null,null,null,null,null,FALSE,null,-82.038974,28.865264
104633,1750,P. Genelle,G. Fleming,Citrus Co.,Apocynaceae,Amsonia,null,null,140022,null,null,null,TRUE,3882,null,ciliata,Walter,null,04/15/1973,"Withlacoochee State Forest, FL 480.",null,"Edge of forest, sandy, full sun.",Flower,null,null,null,null,null,null,null,null,null,FALSE,null,-84.6667,30.2333
104728,1755,P. Genelle,G. Fleming,Hernando Co.,Apocynaceae,Amsonia,null,null,140034,null,null,null,TRUE,3882,null,ciliata,Walter,null,04/22/1973,"Withlacoochee State Forest, Croom Road; road shoulder.",null,"Dry, sandy in full sun.",Flower,null,null,null,null,null,null,null,null,null,FALSE,null,-82.227588,28.587772
190416,35,C. vanHoek,,Hernando Co.,Poaceae,Andropogon,null,null,43564,null,null,null,TRUE,2415,null,brachystachyus,Chapm.,null,10/13/1986,"Croom Hiking Trail, loop B, S of Croom Road, 5 mi. E of Brooksville.  T22S, R20E, Sec. 12.",null,Sandhills.,Fertile,null,null,null,null,null,null,null,null,null,FALSE,Withlacoochee State Forest,-82.387871,28.555272
304366,s.n.,C. Werner,,Citrus Co.,Poaceae,Andropogon,null,null,250277,null,null,null,TRUE,668,null,gerardi,Vitman,null,10/29/2021,Citrus Tract.,null,"Sandhill, close to ecotone with mesic hammock; under Pinus palustris, with Setaria parviflorz and Ageratina jucunda.",Fertile,null,null,null,null,null,null,null,null,null,FALSE,Withlacoochee State Forest,-82.4269,28.7999
57408,26797,O. K. Lakela,,Citrus Co.,Schizaeaceae,Anemia,null,null,18430,null,null,null,TRUE,2718,null,adiantifolia,L.,Sw.,01/26/1964,Withlacoochee River State Forest.,null,"Low vertical outcrop of limestone, ""pink"" limestone grotto.",Fertile,null,null,null,null,Most fruiting plants withered.,null,null,null,null,FALSE,null,-81.8167,28.35
55289,25787,O. K. Lakela,,Citrus Co.,Schizaeaceae,Anemia,null,null,18463,null,null,null,TRUE,2718,null,adiantifolia,L.,Sw.,04/13/1963,"Off FL 491, S of Lecanto.",null,In crevices of pink limestone outcrop.,null,null,null,null,null,null,Rare,null,null,null,FALSE,Withlacoochee State Forest,-82.487598,28.851649
192495,82,C. vanHoek,,Citrus Co.,Poaceae,Anthenantia,null,null,45267,null,null,null,TRUE,2074,null,villosa,Michx.,P. Beauv.,09/26/1987,"Along the Florida Trail in the Citrus Wildlife Management Area.  T20S, R18E, Sec. 20.",null,Dry sandhill.,Flower,null,null,null,null,null,null,null,null,null,FALSE,Withlacoochee State Forest,-82.45,28.8667
190494,30,C. vanHoek,,Hernando Co.,Poaceae,Anthenantia,null,null,45291,null,null,null,TRUE,2074,null,villosa,Michx.,P. Beauv.,09/15/1986,"Croom Hiking Trail, Loop C, between powerline route and Smith Prairie.  T22S, R20E, Sec. 11.",null,Sandhill.,Fertile,null,null,null,null,null,null,null,null,null,FALSE,Withlacoochee State Forest,-82.227588,28.587772
306743,10912,L. Baltzell,null,Citrus Co.,Poaceae,Anthenantia,null,null,253514,null,null,null,TRUE,2074,null,villosa,Michx.,P. Beauv.,09/24/1979,"S of FL 44, 7.3 mi. W of Inverness.",null,null,Fertile,null,null,null,null,Several scattered plants; flowers reddish.,null,null,null,null,FALSE,Withlacoochee State Forest.,null,null
205371,290,C. vanHoek,S. Petty,Hernando Co.,Apocynaceae,Apocynum,null,null,69780,null,null,null,TRUE,3896,null,cannabinum,L.,null,07/17/1992,"Croom Wildlife Management Area, ca. 4 mi. SW of Nobleton.  T22S, R20E, Sec. 3.",null,"Open, moist area.",null,null,null,null,null,null,null,null,null,null,FALSE,Withlacoochee State Forest,-82.263978,28.645547
48089,25474,O. K. Lakela,"J.S. Allen, G.R. Cooley, R. Lassiter, J.A. Lassiter",Citrus Co.,Caryophyllaceae,Arenaria,null,null,68296,null,null,null,TRUE,3819,null,lanuginosa,Michx.,Rohrb.,10/21/1962,"Limestone formations, Withlacoochee River, E of Pineola.",1985,"Remnants of ancient fern grottoes and primary hammock association of notably large trees, Quercus, Ulmus and Carya spp. Over [limestone] outcrops; [Taxodium?] Distichum",Fertile,null,null,null,null,"Repent, rooting at nodes.",null,null,null,null,FALSE,null,-82.2667,28.6833
55421,25930,O. K. Lakela,"R. Lassiter, J.A. Lassiter",Citrus Co.,Caryophyllaceae,Arenaria,null,null,68300,null,null,null,TRUE,3819,null,lanuginosa,Michx.,Rohrb.,05/06/1963,"Limestone formations, Withlacoochee River, E of Pineola.",1985,Remnants of ancient fern grottoes and associations of notably large trees.,Fertile,null,null,null,null,Plants prostrate to trailing.,null,null,null,null,FALSE,null,-82.2667,28.6833
6500,6076,G. R. Cooley,"C.E. Wood, Jr., K.A. Wilson",Sumter Co.,Papaveraceae,Argemone,null,null,79481,null,null,null,TRUE,2278,null,albiflora,Hornem.,null,04/29/1958,"On FL 48, to approach to bridge across Withlacoochee River.",null,Along road fill.,Flower,Bud,null,null,null,Scattered; petals white; filaments yellow; stigma red.,null,null,null,null,FALSE,null,-81.8167,28.35
104672,1740,P. Genelle,G. Fleming,Citrus Co.,Papaveraceae,Argemone,null,null,79480,null,null,null,TRUE,2278,null,albiflora,Hornem.,null,04/15/1973,"FL 480, 0.5 mi. W of FL 491.",null,"Roadside, sandy, full sun.",Flower,Immature Fruit,null,null,null,null,null,null,null,null,FALSE,Withlacoochee State Forest,-81.8167,28.35
185057,10372,B. F. Hansen,"R.P. Wunderlin, N. Mawhinney",Sumter Co.,Araceae,Arisaema,null,null,101652,null,null,null,TRUE,912,null,dracontium,L.,Schott,04/02/1985,"1 mi. NE of FL 48, ca. 1 mi. E of Withlacoochee River; 3 mi. NW of Wahoo. T20S, R21E, Sec. 20, SE¼ of SE¼.",null,Along dirt road.,Flower,null,null,null,null,null,null,null,null,null,FALSE,null,-82.1833,28.6833
301059,944,C. F. Caudle,"M.L. Gilbert, M.S. Tisdale",Pasco Co.,Araceae,Arisaema,null,null,238628,null,null,null,TRUE,594,null,triphyllum,L.,Schott,06/29/1962,Withlacoochee River.,2020,null,Fruit,null,null,null,null,null,null,null,null,null,FALSE,null,-82.172029,28.465832
301063,415,C. F. Caudle,"M.L. Gilbert, M.S. Tisdale",Pasco Co.,Araceae,Arisaema,null,null,238629,null,null,null,TRUE,594,null,triphyllum,L.,Schott,06/19/1962,Withlacoochee River.,2020,null,null,null,null,null,null,null,null,null,null,null,FALSE,null,-82.172029,28.465832
253256,2726,J. M. Kunzer,,Polk Co.,Araceae,Arisaema,null,null,101721,null,null,null,TRUE,594,null,triphyllum,L.,Schott,02/19/2009,"Ca. 4.4 km SE of FL 471 bridge over the Withlacoochee River, ca. 4 km NE of junction FL 471 and US 98.",null,"Mature, disturbed hammock.",Flower,null,null,null,null,null,null,null,null,null,FALSE,Colt Creek State Park,-82.03277778,28.27777778
216517,16124,S. L. Orzell,E.L. Bridges,Hamilton Co.,Araceae,Arisaema,null,null,101677,null,null,null,TRUE,594,null,triphyllum,L.,Schott,03/21/1991,"Ca. 1 air mi. NW of junction FL 143 and FL 146, ca. 1.6 air mi. S of Octahatchee. T2N, R11E, Sec. 23, NE¼ of NW¼ of SW¼.",null,"Mesic hardwood slope forest, adjacent to elongate sinkholes in tributary; community dominated by Fagus grandifolia - Magnolia grandiflora - Carya spp.",Flower,null,null,null,null,null,null,90,110,ft,FALSE,Withlacoochee River,-83.19694444,30.55833333
228596,19110,S. L. Orzell,E.L. Bridges,Sumter Co.,Araceae,Arisaema,null,null,101739,null,null,null,TRUE,594,null,triphyllum,L.,Schott,03/02/1992,"Edges on N side of Center Grade Road ca. 1.3 mi. E of junction FL 471, near Weeks Pond and N of Gator Hole Slough, ca. 7.7 mi. S of junction FL 50 at Tarrytown. T23S, R23E, Sec. 29, NW¼.",null,Hydric hammock.,Flower,null,null,null,null,null,null,90,92,ft,FALSE,Withlacoochee State Forest,-82.03611111,28.45833333
223437,1163,C. vanHoek,"V. Morris, J. Buckner",Hernando Co.,Poaceae,Aristida,null,null,45792,null,null,null,TRUE,2137,null,mohrii,Nash,null,09/18/1998,"Croom Wildlife Management Area.  T22S, R20E, Sec. 1, S½.",null,"Sandhills; in association with Quercus laevis, Pinus palustris, and Aristida beyrichiana [A. stricta var. beyrichiana].",Fertile,null,null,null,null,null,null,null,null,null,FALSE,Withlacoochee State Forest,-82.227588,28.587772
247450,2546,J. M. Kunzer,"G. Dauphin, C. Eckert",Polk Co.,Poaceae,Aristida,null,null,45912,null,null,null,TRUE,2441,null,patula,Chapm. ex Nash,null,09/26/2008,"Ca. 2.5 km SSE of FL 471 bridge over the Withlacoochee River, ca. 5.1 km NNE of the junction of FL 471 and US 98.",null,Mesic flatwoods.,Fertile,null,null,null,null,"Culms erect, to ca. 2 m tall.",null,null,null,null,FALSE,Colt Creek State Park,-82.04361111,18.46055556
231260,s.n.,S. Taylor,,Hernando Co.,Poaceae,Aristida,null,null,46138,purpurascens,null,null,TRUE,832,var.,purpurascens,Poir.,null,10/22/2001,"Clayridge.  T21S, R19E, Sec. 28.",null,null,Fertile,null,null,null,null,null,null,null,null,null,FALSE,Withlacoochee State Forest,-81.8167,28.35
234764,s.n.,S. Taylor,,Hernando Co.,Poaceae,Aristida,null,null,46469,tenuispica,Hitchc.,Allred,TRUE,2473,var.,purpurascens,Poir.,null,10/27/2002,"Citrus Tract.  T20S, R19E, Sec. 23.",null,null,Fertile,null,null,null,null,null,null,null,null,null,FALSE,Withlacoochee State Forest,-81.8167,28.35
299451,s.n.,C. Werner,,Hernando Co.,Poaceae,Aristida,null,null,226976,virgata,Trin.,Allred,TRUE,3052,var.,purpurascens,Poir.,null,09/18/2018,"Croom Tract; W side of marsh, ca. 0.15 mi. S of State Forest Road 8.",null,Edge of basin marsh adjacent to sandhill.,Fertile,null,null,null,null,null,null,null,null,null,FALSE,Withlacoochee State Forest,-82.227588,28.587772
247500,2553,J. M. Kunzer,"G. Dauphin, C. Eckert",Polk Co.,Poaceae,Aristida,null,null,46668,virgata,Trin.,Allred,TRUE,3052,var.,purpurascens,Poir.,null,09/26/2008,"Ca. 2.5 km SSE of FL 471 bridge over the Withlacoochee River, ca. 5.1 km NNE of the junction of FL 471 and US 98.",null,Mesic flatwoods.,Fertile,null,null,null,null,null,null,null,null,null,FALSE,Colt Creek State Park,-82.04388889,28.29388889
228019,19733,S. L. Orzell,E.L. Bridges,Citrus Co.,Poaceae,Aristida,null,null,47576,null,null,null,TRUE,698,null,stricta,Michx.,null,06/29/1992,"Just E of section line road, ca. 1.4 mi. W of Fivemile Pond, ca. 3.5 air mi. S of FL 44, ca. 10 air mi. E of Homosassa Springs.  T19S, R19E, Sec. 27, SW¼.",23-Oct-2015,Mature burned longleaf pine [Pinus palustris] sandhill.  Soils - Lakeland (Typic Quartzipsamments).,Fertile,null,null,null,null,null,null,100,130,ft,FALSE,Withlacoochee State Forest,-82.4025,28.80472222
227195,2347,M. T. Strong,,Sumter Co.,Asteraceae,Arnoglossum,null,null,32512,null,null,null,TRUE,2312,null,floridanum,A. Gray,H. Rob.,22-23 May 2000,"NW side of FL 44, 1.6 km W of its junction with FL 475, ca. 9 km ENE of the Withlacoochee River (where FL 44 crosses it) and 9.6 km W of Wildwood.",null,Longleaf pine [Pinus palustris] - turkey oak [Quercus laevis] sandhills.,Flower,null,null,null,null,null,null,null,null,null,FALSE,null,-82.038974,28.865264
105111,1873,P. Genelle,G. Fleming,Citrus Co.,Asteraceae,Arnoglossum,null,null,32417,null,null,null,TRUE,2312,null,floridanum,A. Gray,H. Rob.,05/27/1973,"Citrus Section, TR 20.",Jun 1978,"Sandy open area, with pine and oak.",Flower,null,null,null,null,null,null,null,null,null,FALSE,Withlacoochee State Forest,-82.45,28.8667
229587,19750,S. L. Orzell,E.L. Bridges,Citrus Co.,Asteraceae,Arnoglossum,null,null,32413,null,null,null,TRUE,2312,null,floridanum,A. Gray,H. Rob.,06/29/1992,"Just E of section line road, ca. 1.4 mi. S of Fivemile Pond, ca. 3.5 air mi. S of FL 44, ca. 10 air mi. E of Homosassa Springs.  T19S, R19E, Sec. 27, SW¼.",null,Mature burned longleaf pine [Pinus palustris] sandhill savanna.  Soils - Lakeland (Typic Quartzipsamments).,Flower,Fruit,null,null,null,null,null,100,130,ft,FALSE,Withlacoochee State Forest,-82.4025,28.80472222
229607,20065,S. L. Orzell,E.L. Bridges,Hamilton Co.,Asteraceae,Arnoglossum,null,null,32509,null,null,null,TRUE,2312,null,floridanum,A. Gray,H. Rob.,07/07/1992,"Ca. 0.8 mi. N of FL 6 at a point ca. 0.5 mi. E of its junction with FL 143 at Blue Springs, ca. 2 mi. E of Withlacoochee River, ca. 7 air mi. SSW of Jennings; Blue Springs Longleaf.  T1N, R11E, Sec. 10, SW¼.",null,Typic dry upland burned longleaf pine [Pinus palustris] savanna.,Flower,null,null,null,null,null,null,89,90,ft,FALSE,null,-83.2125,30.49722222
232063,2685,M. T. Strong,,Polk Co.,Asteraceae,Arnoglossum,null,null,32540,null,null,null,TRUE,3089,null,ovatum,Walter,H. Rob.,05/10/2001,"3 side of FL 471, 2.7 km S of Withlacoochee River (tri-county lline of Sumter, Polk, and Pasoc Counties), ca. 11 km W of Rock Ridge.",null,Meadow.,Bud,null,null,null,null,null,null,null,null,null,FALSE,null,-81.8167,28.35
214274,s.n.,C. Strohmenger,,Pasco Co.,Apocynaceae,Asclepias,null,null,92132,null,null,null,TRUE,11,null,feayi,Chapm. ex A. Gray,null,07/08/1995,"Green Swamp West; 0.8 mi. W of FL 471 on McNeill Road, then 0.2 mi. N; ca. 0.5 mi. N of the Withlacoochee River; ca. 3.5 mi. N of Polk County line; ca. 4 mi. NNW of Branchborough. T25S, R22E, Sec. 13.",Jun 2018,null,Flower,null,null,null,null,null,null,null,null,null,FALSE,Southwest Florida Water Management District property,-82.089248,28.259176
105118,1880,P. Genelle,G. Fleming,Citrus Co.,Apocynaceae,Asclepias,null,null,92048,null,null,null,TRUE,3177,null,humistrata,Walter,null,05/27/1973,"Citrus area, TR 15.",null,"Pinelands, sand, dry.",Fruit,null,null,null,null,null,null,null,null,null,FALSE,Withlacoochee State Forest,-82.45,28.8667
104681,1744,P. Genelle,G. Fleming,Citrus Co.,Apocynaceae,Asclepias,null,null,92061,null,null,null,TRUE,3177,null,humistrata,Walter,null,04/15/1973,FL 480.,null,"Roadside, edge of forest area, sandy full sun.",Flower,null,null,null,null,null,null,null,null,null,FALSE,Withlacoochee State Forest,-81.8167,28.35
105106,1790,P. Genelle,G. Fleming,Hernando Co.,Apocynaceae,Asclepias,null,null,91846,null,null,null,TRUE,3161,null,lanceolata,Walter,null,05/20/1973,Tower Road.,Dec 1995,"Road, dry sand, partial shade on side road.",Flower,null,null,null,null,null,null,null,null,null,FALSE,Withlacoochee State Forest,-81.8167,28.35
153768,s.n.,T. F. Rochow,,Polk Co.,Apocynaceae,Asclepias,null,null,91771,null,null,null,TRUE,2611,null,longifolia,Michx.,null,04/24/1980,"Green Swamp, ca. 2 mi. S of Withlacoochee River and 2 mi. N of Gator Creek. T25S, R23E, Sec. 21.",Dec 1995,Roadway in pine flatwoods.,Flower,null,null,null,null,null,null,null,null,null,FALSE,null,-81.8167,28.35
104832,1828,P. Genelle,G. Fleming,Sumter Co.,Apocynaceae,Asclepias,null,null,91461,null,null,null,TRUE,3188,null,pedicellata,Walter,null,05/05/1973,River Road.,Dec 1995,"Full sun, sandy pinelands.",Flower,null,null,null,null,null,null,null,null,null,FALSE,Withlacoochee State Forest,-81.8167,28.35
227196,2346,M. T. Strong,,Sumter Co.,Apocynaceae,Asclepias,null,null,91144,null,null,null,TRUE,2635,null,tomentosa,Elliott,null,22-23 May 2000,"NW side of FL 44, 1.6 km W of junction with FL 475, ca. 9 km ENE of the Withlacoochee River (where FL 44 crosses it), and 9.6 km W of Wildwood.",null,Longleaf pine [Pinus palustris] - turkey oak [Quercus laevis] sandhills.,Flower,null,null,null,null,null,null,null,null,null,FALSE,null,-82.038974,28.865264
122566,2134,P. Genelle,G. Fleming,Pasco Co.,Apocynaceae,Asclepias,null,null,91159,null,null,null,TRUE,2635,null,tomentosa,Elliott,null,06/14/1975,"FL 575, near Withlacoochee River.",Dec 1995,Roadside.,Flower,null,null,null,null,null,null,null,null,null,FALSE,null,-82.172029,28.465832
105121,1882,P. Genelle,G. Fleming,Citrus Co.,Apocynaceae,Asclepias,null,null,91035,null,null,null,TRUE,3627,null,tuberosa,L.,null,05/27/1973,"Citrus section, TR 15.",13-Jun-2013,"Pinelands, sand, dry.",Flower,null,null,null,null,null,null,null,null,null,FALSE,Withlacoochee State Forest,-82.45,28.8667
227771,20048,S. L. Orzell,E.L. Bridges,Hamilton Co.,Apocynaceae,Asclepias,null,null,91028,null,null,null,TRUE,3627,null,tuberosa,L.,null,07/07/1992,"Ca. 0.8 mi. N of FL 6 at a point ca. 0.5 mi. E of its junction with FL 143 at Blue Springs, ca. 2 mi. E of Withlacoochee River, ca. 7 air mi. SSW of Jennings; Blue Springs Longleaf. T1N, R11E, Sec. 10, SW¼.",13-Jun-2013,Typic dry upland burned longleaf pine [Pinus palustris] savanna.,Flower,null,null,null,null,null,null,80,90,ft,FALSE,null,-83.2125,30.49722222
229230,19725,S. L. Orzell,E.L. Bridges,Citrus Co.,Apocynaceae,Asclepias,null,null,91040,null,null,null,TRUE,3627,null,tuberosa,L.,null,06/29/1992,"ust E of section line road, ca. 1.4 mi. S of Fivemile Pond, ca. 3.5 air mi. S of FL 44, ca. 10 air mi. E of Homosassa Springs. Lecanto 7.5' Quad. T19S, R19E, Sec. 27, SW¼.",13-Jun-2013,Mature burned longleaf pine [Pinus palustris] sandhill. Soils - Lakeland (Typic Quartzipsamments).,Flower,null,null,null,null,null,null,100,130,ft,FALSE,Withlacoochee State Forest,-82.4025,28.80472222
238581,3133,M. T. Strong,,Sumter Co.,Apocynaceae,Asclepias,null,null,90870,null,null,null,TRUE,3470,null,verticillata,L.,null,07/26/2003,"Croom management area, SE of I-75, ca. 2-3 km SE of Croom.",null,Damp pineland-scrub bordering sand road.,Flower,null,null,null,null,Corollas white.,null,null,null,null,FALSE,Withlacoochee State Forest,-82.2167,28.5833
229012,19726,S. L. Orzell,E.L. Bridges,Citrus Co.,Apocynaceae,Asclepias,null,null,90845,null,null,null,TRUE,3470,null,verticillata,L.,null,06/29/1992,"Just E of section line road, ca. 1.4 mi. W of Fivemile Pond, ca. 3.5 air mi. S of FL 44, ca. 10 air mi. E of Homosassa Springs. T19S, R19E, Sec. 27, SW¼.",null,Mature burned longleaf pine [Pinus palustris] sandhill. Soils - Lakeland (Typic Quartzipsamments).,Flower,null,null,null,null,null,null,100,130,ft,FALSE,Withlacoochee State Forest,-82.4025,28.80472222
253019,2375,J. M. Kunzer,B.F. Hansen,Polk Co.,Polygalaceae,Asemeia,null,null,89221,null,null,null,TRUE,3191,null,violacea,Aubl.,J.F.B. Pastore & J.R. Abbott,04/15/2008,"Ca. 2.6 km SE of the FL 471 bridge over Withlacoochee River, ca. 5.3 km NNE of the junction of FL 471 and US 98.",Dec 2013,Pasture edge adjacent to hydric hammock.,Flower,Fruit,null,null,null,null,null,null,null,null,FALSE,Colt Creek State Park,-82.03972222,28.29388889
104834,1830,P. Genelle,G. Fleming,Sumter Co.,Polygalaceae,Asemeia,null,null,89571,null,null,null,TRUE,3191,null,violacea,Aubl.,J.F.B. Pastore & J.R. Abbott,05/05/1973,River Road.,Dec 2013,"Sandy pinelands, full sun.",Flower,Fruit,null,null,null,null,null,null,null,null,FALSE,Withlacoochee State Forest,-81.8167,28.35
240458,20051,S. L. Orzell,E.L. Bridges,Hamilton Co.,Polygalaceae,Asemeia,null,null,88754,null,null,null,TRUE,3191,null,violacea,Aubl.,J.F.B. Pastore & J.R. Abbott,07/07/1992,"Ca. 0.8 mi. N of FL 6 at a point Ca. 0.5 mi. E of the junction with FL 143 at Blue Springs, ca. 2 mi. E of Withlacoochee River, ca. 7 air mi. SSW of Jennings; Blue Springs Longleaf.  T1N, R11E, Sec. 10, SW¼.",Dec 2013,Typic dry upland burned longleaf pine [Pinus palustris] savanna.,Flower,Fruit,null,null,null,null,null,80,90,ft,FALSE,null,-83.2125,30.49722222
240237,19727,S. L. Orzell,E.L. Bridges,Citrus Co.,Polygalaceae,Asemeia,null,null,88761,null,null,null,TRUE,3191,null,violacea,Aubl.,J.F.B. Pastore & J.R. Abbott,06/20/1992,"Just E of section line road, ca. 1.4 mi. S of Fivemile Pond, ca. 3.5 air mi. S of FL 44, ca. 10 air mi. E of Homosassa Springs.  T19S, R19E, Sec. 27, SW¼.",Dec 2013,Mature burned longleaf pine [Pinus palustris] sandhill savanna.  Soils - Lakeland (Typic Quartzipsamments).,Flower,null,null,null,null,null,null,100,130,ft,FALSE,Withlacoochee State Forest,-82.4025,28.80472222
238849,22602,S. L. Orzell,E.L. Bridges,Sumter Co.,Polygalaceae,Asemeia,null,null,88956,null,null,null,TRUE,3191,null,violacea,Aubl.,J.F.B. Pastore & J.R. Abbott,03/29/1994,"N side of Center Grade Road, ca. 1.3 mi. E of its junction with FL 471, near Weeks Pond and N of Gator Hole Slough, ca. 7.7 mi. S of the junction with FL 50 at Tarrytown.  T23S, R23E, Sec. 29, NW¼.",Dec 2013,Wet marly pine flatwoods and cypress [Taxodium] pond edges.  Soils - Vero (Alfic Haplaquods).,Flower,null,null,null,null,null,null,null,null,null,FALSE,Withlacoochee State Forest,-82.03611111,28.45833333
151467,s.n.,T. F. Rochow,,Sumter Co.,Polygalaceae,Asemeia,null,null,89277,null,null,null,TRUE,3191,null,violacea,Aubl.,J.F.B. Pastore & J.R. Abbott,04/23/1980,"Green Swamp, ca. 1 mi. N of Withlacoochee River.",Dec 2013,Roadside in pine flatwoods.,Flower,null,null,null,null,null,null,null,null,null,FALSE,null,-81.8167,28.35
227190,2352,M. T. Strong,,Sumter Co.,Annonaceae,Asimina,null,null,108190,null,null,null,TRUE,1270,null,obovata,Willd.,Nash,05/23/2000,"NW side of FL 44, 1.6 km W of junction with C-475, ca. 9 km ENE of the Withlacoochee River (where FL 44 crosses it), and 9.6 km W of Wildwood.",Jan 2001,Longleaf pine [Pinus palustris] - turkey oak [Quercus laevis] sandhills.,Fruit,null,null,null,null,null,null,null,null,null,FALSE,null,-82.038974,28.865264
185079,10355,B. F. Hansen,"R.P. Wunderlin, N. Mawhinney",Sumter Co.,Annonaceae,Asimina,null,null,108345,null,null,null,TRUE,529,null,parviflora,Michx.,Dunal,04/02/1985,"1 mi. NE of FL 48, ca. 1 mi. E of Withlacoochee River; 3 mi. NW of Wahoo. T20S, R21E, Sec. 20, SE¼ of SE¼.",null,Dirt road.,null,null,null,null,null,null,null,null,null,null,FALSE,null,-82.1833,28.6833
252974,2387,J. M. Kunzer,B.F. Hansen,Polk Co.,Annonaceae,Asimina,null,null,108477,null,null,null,TRUE,1258,null,reticulata,Shuttlew. ex Chapm.,null,04/15/2008,"Ca. 2.6 km SE of FL 471 bridge over the Withlacoochee River, ca. 5.3 km NNE of junction FL 471 and US 98.",null,Mesic flatwoods.,Flower,null,null,null,null,null,null,null,null,null,FALSE,Colt Creek State Park,-82.03972222,28.29388889
104636,1746,P. Genelle,G. Fleming,Citrus Co.,Annonaceae,Asimina,null,null,108408,null,null,null,TRUE,1258,null,reticulata,Shuttlew. ex Chapm.,null,04/15/1973,"Withlacoochee State Forest, State Forest Road R13.",null,Sandy.,Flower,null,null,null,null,null,null,null,null,null,FALSE,null,-81.8167,28.35
55976,26468,O. K. Lakela,,Sumter Co.,Aspleniaceae,Asplenium,null,null,84569,null,null,null,TRUE,3381,null,abscissum,Willd.,null,09/21/1963,"Indian Field Ledges, W of Withlacoochee River off FL 48.",Aug 1989,Hammock of interspersed flat limestone outcrops with overhead of magnificent oak association; ferns frequent in understory.,Fertile,null,null,null,null,null,null,null,null,null,FALSE,null,-81.8167,28.35
48043,25468,O. K. Lakela,"J.S. Allen, G.R. Cooley, R. Lassiter, J.A. Lassiter",Citrus Co.,Aspleniaceae,Asplenium,null,null,84558,null,null,null,TRUE,3381,null,abscissum,Willd.,null,10/21/1962,"Withlacoochee River, E of Pineola.",Aug 1989,"Rock crevices, low ledges; limestone formations; remnants of ancient fern grottoes and primary hammock association of notably large trees, Quercus, Ulmus and Carya spp. over outcrops; Distichum in marshy borders.",Fertile,null,null,null,null,Rare.,null,null,null,null,FALSE,null,-82.272868,28.688879
202273,224,C. vanHoek,S. Petty,Hernando Co.,Aspleniaceae,Asplenium,null,null,84613,null,null,null,TRUE,988,null,heterochroum,Kunze,null,03/15/1991,"Headquarters Tract; E side of US 41 N, 0.25 mi. N of FL 476, ca. 8 mi. N of Brooksville. T21S, R20E, Sec. 20.",null,On limestone rocks and limestone cutbanks.,Fertile,null,null,null,null,null,null,null,null,null,FALSE,Withlacoochee State Forest,-82.387871,28.555272
48042,25468,O. K. Lakela,"J.S. Allen, G.R. Cooley, R. Lassiter, J.A. Lassiter",Citrus Co.,Aspleniaceae,Asplenium,null,null,84606,null,null,null,TRUE,988,null,heterochroum,Kunze,null,10/21/1962,"Withlacoochee River, E of Pineola.",Jan 1990,"Shady crevices; limestone formations; remnants of ancient fern grottoes and primary hammock association of notably large trees, Quercus, Ulmus and Carya spp. over outcrops; Distichum in marshy borders.",Fertile,null,null,null,null,Rare.,null,null,null,null,FALSE,null,-82.272868,28.688879
57486,26800,O. K. Lakela,,Citrus Co.,Aspleniaceae,Asplenium,null,null,84677,null,null,null,TRUE,3599,null,platyneuron,L.,Britton et al.,01/26/1964,Near Boy Scout Camp.,Aug 1989,Rim of cave opening; in limestone.,Fertile,null,null,null,null,Few tufts noted.,null,null,null,null,FALSE,Withlacoochee State Forest,-81.8167,28.35
55975,26469,O. K. Lakela,,Sumter Co.,Aspleniaceae,Asplenium,null,null,84679,null,null,null,TRUE,3599,null,platyneuron,L.,Britton et al.,09/21/1963,"Indian Field Ledges, E of Withlacoochee River off FL 48.",Aug 1989,Soil of hammock; hammock of interspersed flat limestone outcrops with overhead of magnificent oak association.,Fertile,null,null,null,null,Abundant.,null,null,null,null,FALSE,null,-81.8167,28.35
185061,10363,B. F. Hansen,"R.P. Wunderlin, N. Mawhinney",Sumter Co.,Aspleniaceae,Asplenium,null,null,84635,,null,null,TRUE,3599,,platyneuron,L.,Britton et al.,04/02/1985,"Along dirt road 1 mi. NE of FL 48, ca. 1 mi. E of Withlacoochee River; 3 mi. NW of Wahoo. T20S, R21E, Sec. 20, SE¼ of SE¼.",Aug 1989,null,Fertile,null,null,null,null,null,null,null,null,null,FALSE,null,-82.1833,28.6833
120616,1506,A. G. Shuey,,Citrus Co.,Aspleniaceae,Asplenium,null,null,21317,null,null,null,TRUE,2482,null,verecundum,Chapm. ex  Underw.,null,11/08/1975,Contact USF Herbarium if additional information is required,Aug 1989,"From small, round, chimney-shaped cave. On limestone side with mossed and liverworts below zone of Thelypteris kunthii and T. torresiana [Macrothelypteris torresiana].",Fertile,null,null,null,null,null,null,null,null,null,TRUE,Withlacoochee State Forest,null,null
191628,s.n.,C. vanHoek,,Citrus Co.,Aspleniaceae,Asplenium,null,null,21322,null,null,null,TRUE,2482,null,verecundum,Chapm. ex  Underw.,null,04/11/1987,Contact USF Herbarium if additional information is required,Aug 1989,On limestone rocks.,Fertile,null,null,null,null,null,null,null,null,null,TRUE,Withlacoochee State Forest,null,null
56014,27466,O. K. Lakela,,Sumter Co.,Aspleniaceae,Asplenium,null,null,21305,null,null,null,TRUE,2482,null,verecundum,Chapm. ex  Underw.,null,09/21/1963,Contact USF Herbarium if additional information is required,Aug 1989,Hammock of interspersed flat limestone outcrops with overhead of magnificent oak association. Ferns frequent in understory.,Fertile,null,null,null,null,null,null,null,null,null,TRUE,null,null,null
55754,25786,O. K. Lakela,,Citrus Co.,Aspleniaceae,Asplenium,null,null,21311,null,null,null,TRUE,2482,null,verecundum,Chapm. ex  Underw.,null,04/13/1963,Contact USF Herbarium if additional information is required,Aug 1989,Open oak forest with Juniperus and Ilex. Ferns in rock cavities [that are?] open at top. Holes dry.,Fertile,null,null,null,null,null,null,null,null,null,TRUE,Withlacoochee State Forest,null,null
48046,25477,O. K. Lakela,"J.S. Allen, G.R. Cooley, R. Lassiter, J.A. Lassiter",Citrus Co.,Aspleniaceae,Asplenium,null,null,21314,null,null,null,TRUE,2482,null,verecundum,Chapm. ex  Underw.,null,10/21/1962,Contact USF Herbarium if additional information is required,Aug 1989,"Limestone formations. Remnants of ancient fern grottoes and primary hammock association of notably large trees, Quercus, Ulmus, and Carya spp. Over outcrops; Distichum [? Taxodium distichum ?] in marshy borders. Crevices of limestone, low ledges.",Fertile,null,null,null,null,null,null,null,null,null,TRUE,null,null,null
55473,26021,O. K. Lakela,"R. Lassiter, J.A. Lassiter",Citrus Co.,Aspleniaceae,Asplenium,null,null,21315,null,null,null,TRUE,2482,null,verecundum,Chapm. ex  Underw.,null,06/03/1963,Contact USF Herbarium if additional information is required,Aug 1989,Limestone formations. Remnants of ancient fern grottoes and associations of notably large trees. Vertical face of limestone outcrop.,Fertile,null,null,null,null,Occasional.,null,null,null,null,TRUE,null,null,null
191611,s.n.,C. vanHoek,,Citrus Co.,Aspleniaceae,Asplenium,null,null,84544,null,null,null,TRUE,1091,null,x curtissii,Underw.,null,04/11/1987,"Dames Caves, Citrus Wildlife Management Area. T20S, R18E, Sec. 31.",Aug 1989,Embedded in Marchantia on soft limestone walls of sinkhole.,null,null,null,null,null,null,null,null,null,null,FALSE,Withlacoochee State Forest,-82.45,28.8667
48041,25470,O. K. Lakela,"J.S. Allen, G.R. Cooley, R. Lassiter, J.A. Lassiter",Citrus Co.,Aspleniaceae,Asplenium,null,null,84545,null,null,null,TRUE,1091,null,x curtissii,Underw.,null,10/21/1962,"Withlacoochee River, E of Pineola.",Aug 1989,"Crevices of low ledges; limestone formations; remnants of ancient fern grottoes and primary hammock association of notably large trees, Quercus, Ulmus and Carya spp. over outcrops; Distichum in marshy borders.",Fertile,null,null,null,null,Rare.,null,null,null,null,FALSE,null,-82.272868,28.688879
56013,26467,O. K. Lakela,,Sumter Co.,Aspleniaceae,Asplenium,null,null,84579,null,null,null,TRUE,1092,null,x plenum,E.P. St. John ex Small,null,09/21/1963,"Indian Field Ledges, W of Withlacoochee River off FL 48.",Aug 1989,With A. abscissum in chinks of limestone ledges; hammock of interspersed flat limestone outcrops with overhead of magnificent oak association; ferns frequent in understory.,Fertile,null,null,null,null,null,null,null,null,null,FALSE,null,-81.8167,28.35
207063,329,C. vanHoek,S. Petty,Hernando Co.,Rutaceae,Atalantia,null,null,32500,null,null,null,TRUE,444,null,buxifolia,Poir.,Oliv. ex Benth.,12/04/1992,"Headquarters Tract; corner of FL 476 and US 41.  T21S, R20E, Sec. 19, SW¼ of SE¼.",Feb 2014,Disturbed area at edge of oak hammock and along a stream bank.,Fruit,null,null,null,null,null,null,null,null,null,FALSE,Withlacoochee State Forest,-81.8167,28.35
211048,398,C. vanHoek,,Citrus Co.,Poaceae,Axonopus,null,null,10621,null,null,null,TRUE,2188,null,fissifolius,Raddi,Kuhlm.,08/19/1994,"Citrus Wildlife Management Area.  T19S, R19E, Sec. 6.",null,null,Immature Fruit,null,null,null,null,null,null,null,null,null,FALSE,Withlacoochee State Forest,-82.45,28.8667
252938,2340,J. M. Kunzer,,Polk Co.,Poaceae,Axonopus,null,null,45381,null,null,null,TRUE,2188,null,fissifolius,Raddi,Kuhlm.,04/03/2008,"Ca. 1.2 km SE of the FL 471 bridge over the Withlacoochee River, ca. 6 km NNE of the junction of FL 471 and US 98.",null,Poorly drained flatwoods.,Fertile,null,null,null,null,null,null,null,null,null,FALSE,Colt Creek State Park,-82.04944444,28.3025
238747,3074,M. T. Strong,,Sumter Co.,Poaceae,Axonopus,null,null,10615,null,null,null,TRUE,2188,null,fissifolius,Raddi,Kuhlm.,12/28/2002,"Along N side of FL 44, ca. 1.5 km E of Withlacoochee River and Rutland.",null,Marshy depression.,Fruit,null,null,null,null,null,null,null,null,null,FALSE,null,-82.2,28.85
10004,6975,G. R. Cooley,R.J. Eaton,Levy Co.,Poaceae,Axonopus,null,null,10784,null,null,null,TRUE,2068,null,furcatus,Flüggé,Hitchc.,09/16/1959,On banks of Withlacoochee River below Yankeetown.,null,null,Fruit,null,null,null,null,Repent.,null,null,null,null,FALSE,null,-82.823055,29.031521
162066,463,G. Robinson,,Sumter Co.,Poaceae,Axonopus,null,null,10797,null,null,null,TRUE,2068,null,furcatus,Flüggé,Hitchc.,11/12/1981,"Along the Withlacoochee River, ca. 2.75 mi. SE of Cumpressco.  T25S, R23E, Sec. 9, SW¼.",null,Low hardwood forest.,Flower,Immature Fruit,null,null,null,null,null,null,null,null,FALSE,null,-82.0333,28.35
238783,3062,M. T. Strong,,Citrus Co.,Poaceae,Axonopus,null,null,10762,null,null,null,TRUE,2068,null,furcatus,Flüggé,Hitchc.,12/28/2002,"S side of FL 44, Tsala Apopka Lake region, 4-5 km W of the Withlacoochee River, ca. 7 km E of Inverness.",null,Wet hammock forest.,Fruit,null,null,null,null,null,null,null,null,null,FALSE,null,-82.330372,28.835818
143387,s.n.,T. F. Rochow,,Pasco Co.,Poaceae,Axonopus,null,null,10743,null,null,null,TRUE,2068,null,furcatus,Flüggé,Hitchc.,11/30/1978,Withlacoochee River.,null,Low area along river.,Fruit,null,null,null,null,null,null,null,null,null,FALSE,null,-82.172029,28.465832
317,5791,G. R. Cooley,"J. Monachino, R.J. Eaton",Sumter Co.,Azollaceae,Azolla,null,null,31028,null,null,null,TRUE,2220,null,filiculoides,Lam.,null,03/25/1958,Floodwaters of the Withlacoochee River.,Mar 2008,null,null,null,null,null,null,Forming dense mats on water.,null,null,null,null,FALSE,null,-81.8167,28.35
228447,608,J. H. Scudder,,Sumter Co.,Azollaceae,Azolla,null,null,31068,null,null,null,TRUE,2220,null,filiculoides,Lam.,null,02/09/1987,E side of FL 471 immediately N of and adjacent to the bridge over the Little Withlacoochee River.,Mar 2008,Growing in water.,null,null,null,null,null,null,null,null,null,null,FALSE,null,-81.8167,28.35
57489,26807,O. K. Lakela,,Citrus Co.,Azollaceae,Azolla,null,null,31058,null,null,null,TRUE,2220,null,filiculoides,Lam.,null,02/25/1964,Near Mansfield Pond.,Mar 2008,"Upper terrace pond below outcrops, in area cleared for picnics.",null,null,null,null,null,"Red phase, covering entire surface.",null,null,null,null,FALSE,Withlacoochee State Forest,-84.6667,30.2333
253285,2689,J. M. Kunzer,,Polk Co.,Asteraceae,Baccharis,null,null,46224,null,null,null,TRUE,1033,null,glomeruliflora,Pers.,null,11/26/2008,"Ca. 2 km SSE of FL 471 bridge over the Withlacoochee River, ca. 5.2 km NNE of the junction of FL 471 and US 98.",null,Mesic flatwoods.,Bud,null,null,null,null,Shrub to ca. 2 m tall.,null,null,null,null,FALSE,Colt Creek State Park,-82.04805556,28.29444444
108167,1908,P. Genelle,G. Fleming,Hernando Co.,Asteraceae,Baccharis,null,null,11038,null,null,null,TRUE,1033,null,glomeruliflora,Pers.,null,11/18/1973,"Richloam section, Fire Tower Road.",null,"Pine, oak, open, sunny.",Fertile,null,null,null,null,Both staminate and pistillate specimens.,null,null,null,null,FALSE,Withlacoochee State Forest,-82.1,28.5
253275,2682,J. M. Kunzer,,Polk Co.,Asteraceae,Baccharis,null,null,46228,null,null,null,TRUE,3484,null,halimifolia,L.,null,11/26/2008,"Ca. 2 km SSE of FL 471 bridge over the Withlacoochee River, ca. 5.2 km NNE of the junction of FL 471 and US 98.",null,Open edge of floodplain forest.,Fruit,null,null,null,null,Shrub to ca. 2.5 m tall.,null,null,null,null,FALSE,Colt Creek State Park,-82.04916667,28.295
108164,1905,P. Genelle,G. Fleming,Hernando Co.,Asteraceae,Baccharis,null,null,13753,null,null,null,TRUE,3484,null,halimifolia,L.,null,11/18/1973,"Richloam section, Fire Tower Road.",null,null,Flower,Fruit,null,null,null,Both staminate and pistillate specimens.,null,null,null,null,FALSE,Withlacoochee State Forest,-82.1,28.5
161600,435,G. Robinson,,Sumter Co.,Plantaginaceae,Bacopa,null,null,14376,null,null,null,TRUE,3118,null,caroliniana,Walter,B. L. Rob.,09/09/1981,"Along Little Withlacoochee River ca. 5 mi. SE of Tarrytown and 2.25 mi. E of the Sumter County line.  T23S, R23E, Sec. 9, NW¼.",null,Cypress [Taxodium] slough.,Fruit,null,null,null,null,null,null,null,null,null,FALSE,null,-82.054526,28.554997
120844,2119,P. Genelle,G. Fleming,Pasco Co.,Plantaginaceae,Bacopa,null,null,14388,null,null,null,TRUE,3118,null,caroliniana,Walter,B. L. Rob.,06/14/1975,Richloam section.,null,Edge of small stream.,Flower,null,null,null,null,null,null,null,null,null,FALSE,Withlacoochee State Forest,-82.172029,28.465832
105098,1861,P. Genelle,G. Fleming,Hernando Co.,Plantaginaceae,Bacopa,null,null,14389,null,null,null,TRUE,3118,null,caroliniana,Walter,B. L. Rob.,05/20/1973,Richloam section. Yankee Swamp.,null,"Full sun, muck.",Flower,Fruit,null,null,null,null,null,null,null,null,FALSE,Withlacoochee State Forest,-82.1,28.5
206073,295,C. vanHoek,S. Petty,Sumter Co.,Asteraceae,Balduina,null,null,32953,null,null,null,TRUE,2093,null,angustifolia,Pursh,B. L. Rob.,08/28/1992,"Station #21, nature trail at Hog Island Recreation Area.",2002,"Dry, sandy area, in association with sand pine [Pinus clausa] and sand live oak [Quercus geminata].",Flower,null,null,null,null,null,null,null,null,null,FALSE,Withlacoochee State Forest,-81.8167,28.35
246324,13223,B. F. Hansen,J. Hansen,Hamilton Co.,Fabaceae,Baptisia,null,null,28500,null,null,null,TRUE,532,null,alba,L.,Vent.,06/13/2008,"Along the N side of FL 6, 0.25 mi. E of the Withlacoochee River bridge, ca. 1.5 mi. W of Blue Springs.  T1N, R11E, Sec. 17, SW¼.",null,Mixed deciduous forest and weedy edges.,Fruit,null,null,null,null,null,null,null,null,null,FALSE,null,-81.8167,28.35
208164,369,C. vanHoek,C. Strohmenger,Hernando Co.,Fabaceae,Baptisia,null,null,556,null,null,null,TRUE,3125,null,lanceolata,Walter,Elliott,07/11/1993,"Citrus Tract, ca. 0.25 mi. W of Forest Road 13, ca. 0.5 mi. S of FL 480. T20S, R19E, Sec. 5, NW¼.",1993,Dry oak/pine ridge.,Fruit,null,null,null,null,null,One solitary plant.,null,null,null,FALSE,Withlacoochee State Forest,-81.8167,28.35
105115,1877,P. Genelle,G. Fleming,Citrus Co.,Fabaceae,Baptisia,null,null,567,null,null,null,TRUE,2668,null,lecontei,Torr. & A. Gray,null,05/27/1973,"Citrus section, TR 20.",1973,"Sand pine, oak, open sun.",Flower,null,null,null,null,null,null,null,null,null,FALSE,Withlacoochee State Forest,-82.45,28.8667
306183,452,C. F. Caudle,"M.L. Gilbert, M.S. Tisdale",Polk Co.,Ericaceae,Bejaria,null,null,253075,null,null,null,TRUE,2335,null,racemosa,Vent.,null,06/19/1962,Withlacoochee River.,2018,Woods.,Flower,null,null,null,null,null,null,null,null,null,FALSE,null,null,null
306186,527,C. F. Caudle,"M.L. Gilbert, M.S. Tisdale",Polk Co.,Ericaceae,Bejaria,null,null,253080,null,null,null,TRUE,2335,null,racemosa,Vent.,null,06/19/1962,Withlacoochee River.,2018,Woods.,Flower,null,null,null,null,null,null,null,null,null,FALSE,null,null,null
227241,2542,M. T. Strong,,Hernando Co.,Ericaceae,Bejaria,null,null,79773,null,null,null,TRUE,2335,null,racemosa,Vent.,null,08/29/2000,"Just N and S of sand road W of FL 471 and fish hatchery, just N of Hernando and Polk County line, 8 km S of Tarrytown, and 9-11 km NE of Lacoochee.",null,Pine flatwoods.,Bud,null,null,null,null,Corolla white.,null,null,null,null,FALSE,Withlacoochee State Forest,-82.45,28.5333
120848,2105,P. Genelle,G. Fleming,Pasco Co.,Ericaceae,Bejaria,null,null,79821,null,null,null,TRUE,2335,null,racemosa,Vent.,null,06/14/1975,null,1981,"Rich loam section; white, sandy soil; pinelands.",Flower,Bud,Immature Fruit,null,null,null,null,null,null,null,FALSE,Withlacoochee State Forest,-82.172029,28.465832
120825,2171,P. Genelle,G. Fleming,Sumter Co.,Ericaceae,Bejaria,null,null,79765,null,null,null,TRUE,2335,null,racemosa,Vent.,null,06/28/1975,Forest road near Lake County border.,1981,Pinelands and roadside.,Flower,Fruit,null,null,null,null,null,null,null,null,FALSE,Withlacoochee State Forest,-81.8167,28.35
298519,1167,C. F. Caudle,"M.L. Gilbert, M.S. Tisdale",Polk Co.,Rhamnaceae,Berchemia,null,null,208446,null,null,null,TRUE,3800,null,scandens,Hill,K. Koch,05/25/1963,"2-Rivers Ranch, Withlacoochee River.",2018,null,null,null,null,null,null,null,null,null,null,null,FALSE,null,-81.8167,28.35
298514,541,C. F. Caudle,"M.L. Gilbert, M.S. Tisdale",Polk Co.,Rhamnaceae,Berchemia,null,null,208449,null,null,null,TRUE,3800,null,scandens,Hill,K. Koch,06/19/1962,Withlacoochee River.,2018,Woods.,null,null,null,null,null,null,null,null,null,null,FALSE,null,-81.8167,28.35
298511,1174,C. F. Caudle,"M.L. Gilbert, M.S. Tisdale",Polk Co.,Rhamnaceae,Berchemia,null,null,208452,null,null,null,TRUE,3800,null,scandens,Hill,K. Koch,05/25/1963,"2-Rivers Ranch, Withlacoochee River.",2018,null,null,null,null,null,null,null,null,null,null,null,FALSE,null,-81.8167,28.35
298536,522,C. F. Caudle,"M.L. Gilbert, M.S. Tisdale",Polk Co.,Rhamnaceae,Berchemia,null,null,208457,null,null,null,TRUE,3800,null,scandens,Hill,K. Koch,06/19/1962,Withlacoochee River.,2018,Woods.,null,null,null,null,null,null,null,null,null,null,FALSE,null,-81.8167,28.35
246536,2504,J. M. Kunzer,"A. Bard, J. Stout, A. Franck",Polk Co.,Rhamnaceae,Berchemia,null,null,28825,null,null,null,TRUE,3800,null,scandens,Hill,K. Koch,09/03/2008,"Ca. 4.4 km SE of FL 471 bridge over the Withlacoochee River, ca. 4 km NNE of the junction of FL 471 and US 98.",null,Mesic hammock.,null,null,null,null,null,null,null,null,null,null,FALSE,Colt Creek State Park,-82.0325,28.27666667
120356,2179,P. Genelle,G. Fleming,Pasco Co.,Rhamnaceae,Berchemia,null,null,13029,null,null,null,TRUE,3800,null,scandens,Hill,K. Koch,08/09/1975,May Place Road.,null,Roadside.,Flower,null,null,null,null,null,null,null,null,null,FALSE,Withlacoochee State Forest,-82.172029,28.465832
7583,57274,R. K. Godfrey,,Citrus Co.,Rhamnaceae,Berchemia,null,null,13052,null,null,null,TRUE,3800,null,scandens,Hill,K. Koch,07/16/1958,"Swamp along the Withlacoochee River, E of Pineola.",1981,null,Fruit,null,null,null,null,Woody vine overclimbing small trees.,null,null,null,null,FALSE,null,-82.2667,28.6833
238580,3135,M. T. Strong,,Sumter Co.,Asteraceae,Berlandiera,null,null,33486,null,null,null,TRUE,17,null,subacaulis,Nutt.,Nutt.,07/26/2003,"Croom management area, SE of I-75, ca. 2-3 km SE of Croom.",null,Damp pineland - scrub bordering sand road.,Flower,null,null,null,null,Rays yellow.,null,null,null,null,FALSE,Withlacoochee State Forest,-82.2167,28.5833
104630,1735,P. Genelle,G. Fleming,Citrus Co.,Asteraceae,Berlandiera,null,null,33574,null,null,null,TRUE,17,null,subacaulis,Nutt.,Nutt.,04/15/1973,Dames Cave area.,null,Partial shade.,Flower,null,null,null,null,null,null,null,null,null,FALSE,Withlacoochee State Forest,-84.6667,30.2333
104733,1760,P. Genelle,G. Fleming,Hernando Co.,Asteraceae,Berlandiera,null,null,33581,null,null,null,TRUE,17,null,subacaulis,Nutt.,Nutt.,04/22/1973,null,null,In partial shade at edge of road in dry sandy soil.,Flower,null,null,null,null,null,null,null,null,null,FALSE,Withlacoochee State Forest,-81.8167,28.35
104747,1773,P. Genelle,G. Fleming,Hernando Co.,Asteraceae,Bidens,null,null,33955,null,null,null,TRUE,3604,null,alba,L.,DC.,04/22/1973,"Croom Section, Silver Lake Recreation Area.",1982,"Damp, shaded.",Flower,Fruit,null,null,null,null,null,null,null,null,FALSE,Withlacoochee State Forest,-82.227588,28.587772
55970,26463,O. K. Lakela,,Sumter Co.,Asteraceae,Bidens,null,null,34023,null,null,null,TRUE,3425,null,bipinnata,L.,null,09/21/1963,"Indian Field Ledges, W of Withlacoochee River of FL 48.",null,"Hammock of interspersed flat limestone outcrops with overhead of magnificent oak association, ferns frequent in understory.",Fruit,null,null,null,null,null,Abundant,null,null,null,FALSE,null,-81.8167,28.35
55406,25921,O. K. Lakela,"R. Lassiter, J.A. Lassiter",Citrus Co.,Asteraceae,Bidens,null,null,34025,null,null,null,TRUE,3425,null,bipinnata,L.,null,05/06/1963,"Withlacoochee River, E of Pineola.",null,Limestone formations; remnants of ancient fern grottoes and associations of notably large trees.,Flower,null,null,null,null,null,Abundant,null,null,null,FALSE,null,-82.272868,28.688879
216744,12874,B. F. Hansen,"R.P. Wunderin, P. Dooris",Hernando Co.,Asteraceae,Bidens,null,null,34184,null,null,null,TRUE,4084,null,laevis,L.,Britton et al.,11/05/1995,"Cypress Lakes Preserve, ca. 0.75 mi. E of FL 50 bridge over the Withlacoochee River, ca. 1 mi. W of Ridge Manor.  T23S, R21E, Sec. 3, SE¼ of NW¼.",null,"Swamp lake with floating mats of vegetation, surrounded by cypress [Taxodium] trees.",Flower,null,null,null,null,null,null,null,null,null,FALSE,null,-81.8167,28.35
27784,8060,G. R. Cooley,"O. Lakela, A.S. Pease",Sumter Co.,Asteraceae,Bidens,null,null,34684,null,null,null,TRUE,3097,null,mitis,Michx.,Sherff,04/07/1961,Withlacoochee Development Project.,null,Bases of cypress [Taxodium] trees or in Sphagnum.,Flower,null,null,null,null,"Flowering stems from firm persistent bases; heads 30 mm broad, rays golden yellow; immature achenes 4-5 mm long, marginal teeth obtuse, to 1.5 mm long, awns wanting, two small teeth often present.",null,null,null,null,FALSE,null,-81.8167,28.35
161589,445,G. Robinson,,Sumter Co.,Asteraceae,Bidens,null,null,34626,null,null,null,TRUE,3097,null,mitis,Michx.,Sherff,09/09/1981,"Along Little Withlacoochee River, ca. 5 mi. SE of Tarrytown and 2.25 mi. E of the Hernando County line.  T23S, R23E, Sec. 9, NW¼.",null,Cypress [Taxodium] slough.,Flower,null,null,null,null,null,null,null,null,null,FALSE,null,-82.05,28.55
122569,2162,P. Genelle,G. Fleming,Sumter Co.,Asteraceae,Bidens,null,null,34659,null,null,null,TRUE,3097,null,mitis,Michx.,Sherff,06/28/1975,Cabbage Head Road.,null,Damp stream bed.,Flower,null,null,null,null,null,null,null,null,null,FALSE,Withlacoochee State Forest,-81.8167,28.35
9831,6979,G. R. Cooley,"R.J. Eaton, D.B. Ward",Levy Co.,Urticaceae,Boehmeria,null,null,109835,null,null,null,TRUE,3820,null,cylindrica,L.,Sw.,09/16/1959,"Yankeetown, on off-shore island at mouth of Withlacoochee River.",1983,null,Fertile,null,null,null,null,Petioles short; leaves scabrous above.,null,null,null,null,FALSE,null,-82.823055,29.031521
161054,336,G. Robinson,,Sumter Co.,Urticaceae,Boehmeria,null,null,109359,null,null,null,TRUE,3820,null,cylindrica,L.,Sw.,09/29/1981,"Little Withlacoochee River, ca. 5 mi. SE of Tarrytown. T23S, R23E, Sec. 9, NW¼.",1983,Cypress [Taxodium] slough along river.,Fertile,null,null,null,null,null,null,null,null,null,FALSE,null,-82.05,28.55
55408,25925,O. K. Lakela,"R. Lassiter, J.A. Lassiter",Citrus Co.,Urticaceae,Boehmeria,null,null,109353,null,null,null,TRUE,3820,null,cylindrica,L.,Sw.,05/06/1963,East of Pineola.,1983,Limestone formations; remnants of ancient fern grottoes and associations of notably large trees.,null,null,null,null,null,"Common, preanthesis.",null,null,null,null,FALSE,Withlacoochee River,-82.2667,28.6833
120749,2112,P. Genelle,G. Flemming,Pasco Co.,Urticaceae,Boehmeria,null,null,109556,null,null,null,TRUE,3820,null,cylindrica,L.,Sw.,06/14/1975,Richloam section.,1983,On cypress [Taxodium] stump.,Fertile,null,null,null,null,null,null,null,null,null,FALSE,Withlacoochee State Forest,-82.172029,28.465832
8406,57181,R. K. Godfrey,,Sumter Co.,Urticaceae,Boehmeria,null,null,109568,null,null,null,TRUE,3820,null,cylindrica,L.,Sw.,07/13/1958,E of Inverness.,1983,Swampy woodland along river.,Fertile,null,null,null,null,null,null,null,null,null,FALSE,Withlacoochee River,-81.8167,28.35
161072,366,G. Robinson,,Sumter Co.,Asteraceae,Boltonia,null,null,35555,null,null,null,TRUE,2616,null,diffusa,Elliott,null,09/29/1981,"Along theLittle Withlacoochee River, ca. 5 mi. SE of Tarrytown.  T23S, R23E, Sec. 9, NW¼.",1982,Cypress [Taxodium] slough.,Fertile,null,null,null,null,null,null,null,null,null,FALSE,null,-82.05,28.55
247535,2597,J. M. Kunzer,G. Dauphin,Polk Co.,Asteraceae,Boltonia,null,null,35551,null,null,null,TRUE,2616,null,diffusa,Elliott,null,09/26/2008,"Ca. 1 km SSE of FL 471 bridge over th Withlacoochee River, ca. 6.3 km NNE of the junction of FL 471 and US 98.",null,Hydric hammock downslope from mesic flatwoods.,Fertile,null,null,null,null,null,null,null,null,null,FALSE,Colt Creek State Park,-82.05333333,28.30611111
238555,3306,M. T. Strong,,Sumter Co.,Rubiaceae,Borreria,null,null,71346,null,null,null,TRUE,3078,null,remota,Lam.,Bacigalupo & E. L. Cabrál,01/03/2004,"River Junction Recreation Area (the entrance is at the junction of SW 120th Avenue and SW 50th Boulevard), N side of Withlacoochee River at its junction with Little Withlacoochee River, ca. 3 km SE of Croom.",Jan 2025,Dry clearing bordering swamp forest.,Fertile,null,null,null,null,Corollas white.,null,null,null,null,FALSE,null,-82.2167,28.5833
199013,s.n.,K. Holland,R. Mears,Hernando Co.,Poaceae,Bothriochloa,null,null,48168,songarica,Rupr. ex Fisch. & C. A. Mey.,Celarier & Harlan,TRUE,374,var.,ischaemum,L.,Keng,04/08/1989,Under I-75 overpass on road that leads to Silver Lake.,null,Dry roadside; disturbed site.,Fertile,null,null,null,null,null,null,null,null,null,FALSE,Withlacoochee State Forest,-81.8167,28.35
185060,10364,B. F. Hansen,"R.P. Wunderlin, N. Mawhinney",Sumter Co.,Ophioglossaceae,Botrychium,null,null,107782,null,null,null,TRUE,3305,null,biternatum,Savigny,Underw.,04/02/1985,"1 mi. of FL 48, ca. 1 mi. E of Withlacoochee River; 3 mi. NW of Wahoo. T20S, R21E, Sec. 20, SE¼ of SE¼.",2000,Along dirt road.,Fertile,null,null,null,null,null,null,null,null,null,FALSE,null,-82.1833,28.6833
55968,26448,O. K. Lakela,,Sumter Co.,Ophioglossaceae,Botrychium,null,null,107779,null,null,null,TRUE,3305,null,biternatum,Savigny,Underw.,09/21/1963,Indian Field Ledges W of Withlacoochee River off FL 48.,2000,Hammock of interspersed flat limestone outrops with overhead of magnificent oak association; ferns frequent in understory; moist trailside in hammock.,Fertile,null,null,null,null,Occasional in small colonies.,null,null,null,null,FALSE,null,-81.8167,28.35
27783,8064,G. R. Cooley,"A.S. Pease, O.K. Lakela",Sumter Co.,Orobanchaceae,Buchnera,null,null,22896,null,null,null,TRUE,3498,null,americana,L.,null,04/07/1961,Withlacoochee Development Project.,Oct 1980,In longleaf pine [Pinus palustris] forest.,Bud,Immature Fruit,null,null,null,Flowers white.,null,null,null,null,FALSE,null,-81.8167,28.35
253288,2692,J. M. Kunzer,,Polk Co.,Orobanchaceae,Buchnera,null,null,46238,null,null,null,TRUE,3498,null,americana,L.,null,11/26/2008,"Ca. 2.6 km SSE of FL 471 bridge over the Withlacoochee River, ca. 5.3 km NNE of the junction of FL 471 and US 98.",null,Disturbed edge of mesic flatwoods.,Flower,Fruit,null,null,null,null,null,null,null,null,FALSE,Colt Creek State Park,-82.04083333,28.29222222
253045,2353,J. M. Kunzer,,Polk Co.,Orobanchaceae,Buchnera,null,null,45648,null,null,null,TRUE,3498,null,americana,L.,null,04/03/2008,"Ca. 1.2 km SE of FL 471 bridge over the Withlacoochee River, ca. 6 km NNE of the junction of FL 471 and US 98.",null,Poorly drained flatwoods.,Flower,null,null,null,null,Corollas white.,null,null,null,null,FALSE,Colt Creek State Park,-82.05055556,28.3025
232065,2687,M. T. Strong,,Polk Co.,Orobanchaceae,Buchnera,null,null,22971,null,null,null,TRUE,3498,null,americana,L.,null,05/10/2001,"E side of FL 471, 2.7 km S of the Withlacoochee River (tri-county line of Sumter, Polk, and Pasco Counties), ca. 11 km W of Rock Ridge.",null,Meadow.,Fertile,Fruit,null,null,null,Corollas purple.,null,null,null,null,FALSE,null,-81.8167,28.35
172032,191,N. L. Mawhinney,,Citrus Co.,Orobanchaceae,Buchnera,null,null,22947,null,null,null,TRUE,3498,null,americana,L.,null,06/13/1983,"Near Floral City, C-48, 0.5 mi. NW of the Withlacoochee River.",null,null,Flower,Fruit,null,null,null,null,null,null,null,null,FALSE,null,-81.8167,28.35
104827,1823RI,P. Genelle,G. Fleming,Sumter Co.,Orobanchaceae,Buchnera,null,null,22887,null,null,null,TRUE,3498,null,americana,L.,null,05/05/1973,River Road.,Oct 1980,"Full sun, sandy pinelands.",Bud,Fruit,null,null,null,null,null,null,null,null,FALSE,Withlacoochee State Forest,-81.8167,28.35
223869,19734,S. L. Orzell,E.L. Bridges,Citrus Co.,Cyperaceae,Bulbostylis,null,null,69877,null,null,null,TRUE,3219,null,ciliatifolia,Elliott,Fernald,06/29/1992,"Just E of section line road, ca. 1.4 mi. S of Fivemile Pond, ca. 3.5 air mi. S of FL 44, ca. 10 air mi. E of Homosassa Springs. T19S, R19E, Sec. 27, SW¼.",null,Mature burned longleaf pine [Pinus palustris] / turkey oak [Quercus leavis] sandhill savanna; soils: Lakeland (Typic Quartzipsamments).,Fertile,null,null,null,null,null,null,100,130,ft,FALSE,Withlacoochee State Forest,-82.4025,28.80472222
227234,2536,M. T. Strong,,Hernando Co.,Cyperaceae,Bulbostylis,null,null,69956,null,null,null,TRUE,823,null,stenophylla,Elliott,C. B. Clarke,08/29/2000,"Just N and S of sand road W of FL 471 and fish hatchery, just N of the Hernando/Polk County line, 8 km S of Tarrytown, and 9-11 km NE of Lacoochee.",null,Cut-over border of pine flatwoods.,Fertile,null,null,null,null,null,null,null,null,null,FALSE,Withlacoochee State Forest,-82.45,28.5333
227164,2583,M. T. Strong,,Sumter Co.,Cyperaceae,Bulbostylis,null,null,69970,null,null,null,TRUE,823,null,stenophylla,Elliott,C. B. Clarke,09/02/2000,"0.5-1 km E of FL 471, ca. 16 km S of Tarrytown.",null,Pine flatwoods.,Fertile,null,null,null,null,null,null,null,null,null,FALSE,Withlacoochee State Forest,-82.05,28.55
192415,81,C. vanHoek,,Citrus Co.,Cyperaceae,Bulbostylis,null,null,69989,null,null,null,TRUE,649,null,warei,Torr.,C. B. Clarke,09/19/1987,"Citrus Wildlife Management Area, along the Florida Trail. T20S, R19E, Sec. 20.",null,Sandy pineland.,Fertile,null,null,null,null,null,null,null,null,null,FALSE,Withlacoochee State Forest,-82.45,28.8667
305638,229,F. I. X. Rugel,null,Marion Co.,Cyperaceae,Bulbostylis,null,null,252584,null,null,null,TRUE,649,null,warei,Torr.,C. B. Clarke,Jul 1848,Between Ocala and Whittlecouchy [Withlacoochee] River.,Oct 1977,null,Fertile,null,null,null,null,null,null,null,null,null,FALSE,null,null,null
227088,2496,M. T. Strong,,Sumter Co.,Cyperaceae,Bulbostylis,null,null,70076,null,null,null,TRUE,649,null,warei,Torr.,C. B. Clarke,08/28/2000,"NW side of FL 44, 1.6 km W of junction with FL 475, ca. 9 km ENE of the Withlacoochee River (where FL 44 crosses it) and 9.6 km W of Wildwood.",null,Longleaf pine [Pinus palustris] - turkey oak [Quercus laevis] sandhills.,Fertile,null,null,null,null,null,null,null,null,null,FALSE,null,-82.038974,28.865264
246320,13243,B. F. Hansen,J. Hansen,Hamilton Co.,Lamiaceae,Callicarpa,null,null,28464,null,null,null,TRUE,3546,null,americana,L.,null,06/13/2008,"Along thN side of FL 6, 0.25 mi. E of the Withlacoochee River bridge, ca. 1.5 mi. W of Blue Springs.  T1N, R11E, Sec. 17, SW¼.",null,Mixed deciduous forest and weedy edges.,Bud,null,null,null,null,null,null,null,null,null,FALSE,null,-81.8167,28.35
297120,1191,C. F. Caudle,"M.L. Gilbert, M.S. Tisdale",Polk Co.,Lamiaceae,Callicarpa,null,null,204833,null,null,null,TRUE,3546,null,americana,L.,null,05/25/1963,"Two Rivers Ranch, Withlacoochee River.",24-Jun-2016,null,Bud,null,null,null,null,null,null,null,null,null,FALSE,null,-81.8167,28.35
227250,2520,M. T. Strong,,Hernando Co.,Lamiaceae,Callicarpa,null,null,14678,null,null,null,TRUE,3546,null,americana,L.,null,08/29/2000,"Just N and S of sand road W of FL 471 and fish hatchery, just N of the Hernando/Polk County line, 8 km S of Tarrytown, and 9-11 km NE of Lacoochee.",null,Pine flatwoods.,Fruit,null,null,null,null,Fruits bright blue.,null,null,null,null,FALSE,Withlacoochee State Forest,-82.45,28.5333
55401,26025,O. K. Lakela,"R. Lassiter, J.A. Lassiter",Citrus Co.,Lamiaceae,Callicarpa,null,null,14790,null,null,null,TRUE,3546,null,americana,L.,null,06/03/1963,"Withlacoochee River, E of Pineola.",null,Limestone formations. Remnants of ancient fern grottoes and associations of notably large trees.,Bud,Flower,null,null,null,Straggly shrub over 2 m tall. Frequent.,null,null,null,null,FALSE,null,-82.272868,28.688879
120748,2113,P. Genelle,G. Fleming,Pasco Co.,Lamiaceae,Callicarpa,null,null,14425,null,null,null,TRUE,3546,null,americana,L.,null,06/14/1975,Richloam section.,null,"White sand, pinelands area.",Bud,Flower,null,null,null,null,null,null,null,null,FALSE,Withlacoochee State Forest,-82.172029,28.465832
203233,219,C. vanHoek,S. Petty,Hernando Co.,Commelinaceae,Callisia,null,null,67044,null,null,null,TRUE,2837,null,cordifolia,Sw.,E. S. Anderson & Woodson,12/21/1990,"Headquarters tract, E side of US 41, N of FL 476 between offices and McKethan Park entrance.",null,Rocky woods.,Fertile,null,null,null,null,null,null,null,null,null,FALSE,Withlacoochee State Forest,-81.8167,28.35
47181,25473,O. K. Lakela,"J.S. Allen, G.R. Cooley, R. Lassiter, J.A. Lassiter",Citrus Co.,Commelinaceae,Callisia,null,null,67055,null,null,null,TRUE,2837,null,cordifolia,Sw.,E. S. Anderson & Woodson,10/21/1962,"Withlacoochee River, E of Pineola.",null,"On low ledges; limestone formations; remnants of ancient fern grottoes and primary hammock association of notably large trees, Quercus, Ulmus and Carya spp. Over outcrops; Distichum in marshy borders.",Fertile,null,null,null,null,"Scattered, local.",null,null,null,null,FALSE,null,-82.2667,28.6833
227231,2330,M. T. Strong,,Sumter Co.,Commelinaceae,Callisia,null,null,67062,null,null,null,TRUE,2674,null,graminea,Small,G. C. Tucker,22-23 May 2000,"NW side of FL 44, 1.6 km W of junction with FL 475, ca. 9 km ENE of the Withlacoochee River (where FL 44 crosses it) and 9.6 km W of Wildwood.",May 2001,Longleaf pine [Pinus palustris] - turkey oak [Quercus laevis] sandhills.,Bud,Immature Fruit,null,null,null,null,null,null,null,null,FALSE,null,-82.038974,28.865264
246765,2399,J. M. Kunzer,,Polk Co.,Callitrichaceae,Callitriche,null,null,28819,null,null,null,TRUE,564,null,peploides,Nutt.,null,04/15/2008,"Ca. 2.6 km SE of FL 471 bridge over the Withlacoochee River, ca. 5.3 km NNE of the junction of FL 471 and US 98.",null,Trail in ecotone between pasture and cypress [Taxodium] swamp.,Flower,Fruit,null,null,null,null,null,null,null,null,FALSE,Colt Creek State Park,-82.03972222,28.29388889
156872,s.n.,M. Lopez,,Polk Co.,Orchidaceae,Calopogon,null,null,5709,null,null,null,TRUE,3120,null,barbatus,Walter,Ames,03/27/1980,"Within 1 mi. of Withlacoochee River, not far from Tanic Grade Road, section 7 or 8.",22 Aug 1998,Wet prairie.,Flower,null,null,null,null,null,null,null,null,null,FALSE,Green Swamp,-81.8167,28.35
27383,8047,G. R. Cooley,A. S. Pease & O. Lakela,Sumter Co.,Campanulaceae,Campanula,null,null,184677,null,null,null,TRUE,1068,null,floridana,S. Watson ex A. Gray,null,04/06/1961,Withlacoochee Development Project.,Jul 1984,Floor of longleaf pine forest.,Flower,null,null,null,null,Flower rose-purple; a delicate reclining herb.,null,null,null,null,FALSE,null,-81.8167,28.35
9444,6571,G. R. Cooley,R. J. Eaton,Levy Co.,Campanulaceae,Campanula,null,null,184701,null,null,null,TRUE,1068,null,floridana,S. Watson ex A. Gray,null,04/27/1959,Near the Withlacoochee River.,Jul 1984,Wet roadside.,Flower,null,null,null,null,Flowers purple.,null,null,null,null,FALSE,null,-81.8167,28.35
104815,1811,P. Genelle,G. Fleming,Hernando Co.,Campanulaceae,Campanula,null,null,184718,null,null,null,TRUE,1068,null,floridana,S. Watson ex A. Gray,null,05/06/1973,"Withlacoochee State Forest, Tower Road.",Jul 1984,"Richloam section; damp, sandy loam, partial shade.",Flower,null,null,null,null,null,null,null,null,null,FALSE,null,-81.8167,28.35
104757,1783,P. Genelle,G. Fleming,Hernando Co.,Campanulaceae,Campanula,null,null,184666,null,null,null,TRUE,1068,null,floridana,S. Watson ex A. Gray,null,04/22/1973,Withlacoochee State Forest; in area near where the Withlacoochee River enters Silver Lake.,Jul 1984,Mat of plants in damp roadside ditch.,Flower,null,null,null,null,null,null,null,null,null,FALSE,null,-81.8167,28.35
279503,s.n.,C. Werner,null,Hernando Co.,Campanulaceae,Campanula,null,null,111368,null,null,null,TRUE,1128,null,robinsiae,Small,null,03/19/2015,Contact USF Herbarium if additional information is required,null,"Adjacent to muddy tire ruts; dark mucky soil in full sun, with Sisyrinchium and Paspalum notatum.",Fertile,null,null,null,null,null,null,null,null,null,TRUE,Withlacoochee State Forest,null,null
248109,2728,J. M. Kunzer,,Polk Co.,Lauraceae,Camphora,null,null,31655,null,null,null,TRUE,442,null,officinarum,Nees,null,02/25/2009,"Along channelized Colt Creek, ca. 1.2 km SE of FL 471 bridge over the Withlacoochee River, ca. 6.5 km NNE of the junction of FL 471 and US 98.",Apr 2024,Flatwoods.,null,null,null,null,null,Shrub to ca. 3 m tall.,null,null,null,null,FALSE,Colt Creek State Park,-82.04722222,28.30611111
120893,2123,P. Genelle,G. Fleming,Pasco Co.,Bignoniaceae,Campsis,null,null,15072,null,null,null,TRUE,925,null,radicans,L.,Seem.,06/14/1975,Richloam section.,null,"Roadside, white sand.",Bud,Flower,null,null,null,Climbing.,null,null,null,null,FALSE,Withlacoochee State Forest,-82.172029,28.465832
300162,1249,C. F. Caudle,"M.L. Gilbert, M.S. Tisdale",Pasco Co.,Cannabaceae,Canna,null,null,235328,null,null,null,TRUE,987,null,flaccida,Salisb.,null,05/25/1963,Withlacoochee River; Two-Rivers Ranch.,2018,null,Flower,null,null,null,null,null,null,null,null,null,FALSE,null,-82.172029,28.465832
172093,197,N. L. Mawhinney,,Citrus Co.,Cannaceae,Canna,null,null,25251,null,null,null,TRUE,987,null,flaccida,Salisb.,null,06/18/1983,"Shawnee Trail and Withlacoochee River. T19S, R21E, Sec. 16, NE¼ of NW¼.",null,null,Flower,Immature Fruit,null,null,null,null,null,null,null,null,FALSE,null,-81.8167,28.35
299725,447,C. F. Caudle,"M.L. Gilbert, M.S. Tisdale",Madison Co.,Lamiaceae,Cantinoa,null,null,248526,null,null,null,TRUE,134,null,mutabilis,Rich.,Harley & J.F.B. Pastore,06/19/1962,Withlacoochee River.,null,Woods.,Flower,null,null,null,null,null,null,null,null,null,FALSE,null,null,null
55400,26024,O. K. Lakela,"R. Lassiter, J.A. Lassiter",Citrus Co.,Lamiaceae,Cantinoa,null,null,58455,null,null,null,TRUE,134,null,mutabilis,Rich.,Harley & J.F.B. Pastore,06/03/1963,"Withlacoochee River, E of Pineola.",Jul 2014,Limestone formations; remnants of ancient fern grottoes and associations of notably large trees.,Bud,null,null,null,null,null,null,null,null,null,FALSE,null,-82.2667,28.6833
120846,2158,P. Genelle,G. Fleming,Sumter Co.,Lamiaceae,Cantinoa,null,null,58462,null,null,null,TRUE,134,null,mutabilis,Rich.,Harley & J.F.B. Pastore,06/28/1975,"Edge of county line, approaching C-565.",Jul 2014,Roadside.,Fertile,null,null,null,null,null,null,null,null,null,FALSE,Withlacoochee State Forest,-81.8167,28.35
108163,1904,P. Genelle,G. Fleming,Hernando Co.,Lamiaceae,Cantinoa,null,null,58465,null,null,null,TRUE,134,null,mutabilis,Rich.,Harley & J.F.B. Pastore,11/18/1973,Fire Tower Road.,Jul 2014,Rich loam section.,Fertile,null,null,null,null,null,null,null,null,null,FALSE,Withlacoochee State Forest,-81.8167,28.35
149645,s.n.,T. F. Rochow,,Sumter Co.,Euphorbiaceae,Caperonia,null,null,56197,null,null,null,TRUE,931,null,castaneifolia,L.,A. St.-Hil.,08/14/1980,"Green Swamp, along Withlacoochee River.",null,Wet banks of river.,Fertile,null,null,null,null,null,null,null,null,null,FALSE,null,-81.8167,28.35
48015,25447,O. K. Lakela,"J.S. Allen, G.R. Cooley, R. Lassiter, J.A. Lassiter",Citrus Co.,Solanaceae,Capsicum,null,null,54096,glabriusculum,Dunal,Heiser & Pickersgill,TRUE,2927,var.,annuum,L.,null,10/21/1962,"Withlacoochee River, E of Pineola.",12-Oct-2010,"Limestone formations; remnants of ancient fern grottoes and primary hammock association of notably large trees, Quercus, Ulmus, and Carya spp. over outcrops; Distichum in marshy borders; low ledges.",Fruit,null,null,null,null,Few.,null,null,null,null,FALSE,null,-82.2667,28.6833
203724,232,C. vanHoek,S. Petty,Sumter Co.,Brassicaceae,Cardamine,null,null,55374,null,null,null,TRUE,3038,null,pensylvanica,Muhl. ex Willd.,null,02/07/1992,"Croom portion of the Withlacoochee State Forest. T21S, R21E, Sec. 31.",1994,Moist soil.,Fertile,null,null,null,null,null,null,null,null,null,FALSE,Hog Island Recreation Area,-82.2167,28.5833
253024,2371,J. M. Kunzer,B.F. Hansen,Polk Co.,Brassicaceae,Cardamine,null,null,55417,null,null,null,TRUE,3038,null,pensylvanica,Muhl. ex Willd.,null,04/15/2008,Ca. 2.6 km SE of FL 471 bridge over the Withlacoochee River; ca. 5.3 km NNE of junction FL 471 and US 98.,null,Hydric hammock.,Fertile,null,null,null,null,null,null,null,null,null,FALSE,Colt Creek State Park,-82.03972222,28.29388889
104198,1706,P. Genelle,G. Fleming,Hernando Co.,Brassicaceae,Cardamine,null,null,55315,null,null,null,TRUE,3038,null,pensylvanica,Muhl. ex Willd.,null,01/08/1973,Croom area.,1994,"River edge, sandy.",Fertile,null,null,null,null,null,null,null,null,null,FALSE,Withlacoochee State Forest,-82.227588,28.587772
44716,8211,G. R. Cooley,"R.J. Eaton, C.E. Wood, Jr.",Sumter Co.,Cyperaceae,Carex,null,null,70106,null,null,null,TRUE,2990,null,alata,Torr.,null,05/01/1961,"Withlacoochee River at FL 50 near Hernando County line. T22S, R22E, Sec. 34.",1969,Cypress [Taxodium] bottomland; on fallen log beneath Taxodium.,Fertile,null,null,null,null,null,null,null,null,null,FALSE,null,-81.8167,28.35
305374,10421,R. L. Mears,,Hernando Co.,Cyperaceae,Carex,null,null,251978,null,null,null,TRUE,2990,null,alata,Torr.,null,04/24/2023,Withlacoochee River; S side of FL 50 on W side of river.,null,Floodplain.,Fertile,null,null,null,null,null,null,null,null,null,FALSE,null,null,null
255330,22603,S. L. Orzell,E.L. Bridges,Sumter Co.,Cyperaceae,Carex,null,null,70110,null,null,null,TRUE,2990,null,alata,Torr.,null,03/29/1994,"N side of Center Grade Road, ca. 1.3 mi. E of junction FL 471, near Weeks Pond and N of Gator Hole Slough, ca. 7.7 mi. S of junction FL 50 at Tarrytown. T23S, R23E, Sec. 29, NW¼.",null,Hydric hammock; soils: Vero (Alfic Haplaquods).,Fertile,null,null,null,null,null,null,null,null,null,FALSE,Withlacoochee State Forest,-82.03611111,28.45833333
202268,222,C. vanHoek,S. Petty,Hernando Co.,Cyperaceae,Carex,null,null,70255,capillacea,L. H. Bailey,Reznicek,TRUE,2903,subsp.,atlantica,L. H. Bailey,null,02/21/1991,"Ca. 200 ft. into Headquarters Tract, E of the culvert on US 41 N, ca. 0.5 mi. N of FL 476, ca. 8 mi. N of Brooksville.",null,Bordering a creek bed.,Fertile,null,null,null,null,null,null,null,null,null,FALSE,Withlacoochee State Forest,-82.387871,28.555272
202274,223,C. vanHoek,S. Petty,Hernando Co.,Cyperaceae,Carex,null,null,70276,null,null,null,TRUE,2877,null,basiantha,Steud.,null,03/15/1991,"E side US 41N, 0.5 mi. N FL 476, ca. 8 mi. N of Brooksville; Headquarters Tract. T21S, R20E, Sec. 20.",1998,Moist hardwood hammock.,Fertile,null,null,null,null,null,null,null,null,null,FALSE,Withlacoochee State Forest,-82.387871,28.555272
213667,435,C. vanHoek,S. Petty,Sumter Co.,Cyperaceae,Carex,null,null,23445,null,null,null,TRUE,2314,null,chapmannii,Steud.,null,04/14/1995,Contact USF Herbarium if additional information is required,24-Apr-1995,Bottomland forest.,Fertile,null,null,null,null,null,null,null,null,null,TRUE,null,null,null
204183,242,C. vanHoek,S. Petty,Sumter Co.,Cyperaceae,Carex,null,null,70369,null,null,null,TRUE,3226,null,dasycarpa,Muhl.,null,03/27/1992,"Hog Island Recreational Area, between stations 12/13 of the nature trail in the Croom portion of the SF; ca. 2 mi. SSE of Nobleton. T21S, R21E, Sec. 31.",null,null,Fertile,null,null,null,null,null,null,null,null,null,FALSE,Withlacoochee State Forest,-82.25,28.6333
216466,16133,S. L. Orzell,E.L. Bridges,Hamilton Co.,Cyperaceae,Carex,null,null,70554,null,null,null,TRUE,3043,null,digitalis,Willd.,null,03/21/1991,"Unnamed tributary to Withlacoochee River, ca. 1 air mi. NW of the junction of FL 143 and FL 146, ca. 1.6 air mi. S of Octahatchee. T2N, R11E, Sec. 23, NE¼ of NW¼ of SW¼.",null,"Mesic mixed hardwood slope forest, adjacent to elongate sinkholes; community dominated by Fagus grandifolia, Magnolia grandiflora, and Carya spp.",Fertile,null,null,null,null,This specimen fits var. asymetrica.,null,90,110,ft,FALSE,null,-83.19694444,30.55833333
289277,5366,R. Carter,,Lowndes Co.,Cyperaceae,Carex,null,null,143855,floridana,L. H. Bailey,Naczi & Bryson,TRUE,null,var.,digitalis,Willd.,null,04/13/1987,"Troupville Woods, just W of Voldosta, along S side of GA 94, E of Withlacoochee River.",2006,"Rich woods of mesic woodland and low bluff, with Fagus grandifolia, Magnolia grandiflora, Pinus glabra, Quercus alba, Q. laurifolia, Q. michauxii, and Q. virginiana.",Fertile,null,null,null,null,Cespitose.,null,null,null,null,FALSE,null,null,null
253258,2717,J. M. Kunzer,,Polk Co.,Cyperaceae,Carex,null,null,70748,null,null,null,TRUE,4164,null,gholsonii,Naczi & Cochrane,null,02/19/2009,"Ca. 1.85 km SSE of FL 471 bridge over the Withlacoochee River, ca. 5.5 km NNW of the junction of FL 471 and US 98.",null,"Saturated, marly service road traversing flatwoods.",Fertile,null,null,null,null,null,null,null,null,null,FALSE,Colt Creek State Park,-82.04555556,28.29611111
306518,s.n.,R. L. Mears,null,Hernando Co.,Cyperaceae,Carex,null,null,254349,null,null,null,TRUE,4164,null,gholsonii,Naczi & Cochrane,null,04/05/2024,"FL 50, ca. 2 mi. W of Withlacoochee River crossing.",null,Disturbed roadside.,Flower,null,null,null,null,null,null,null,null,null,FALSE,null,null,null
228945,19109,S. L. Orzell,E.L. Bridges,Sumter Co.,Cyperaceae,Carex,null,null,70727,null,null,null,TRUE,4164,null,gholsonii,Naczi & Cochrane,null,03/02/1992,"N side of Center Grade Road, ca. 1.3 mi. E of junction FL 471, near Weeks Pond and N of Gator Hole Slough, ca. 7.7 mi. S of junction FL 50 at Tarrytown. T23S, R23E, Sec. 29, NW¼.",Feb 2003,Hydric hammock edges.,Fertile,null,null,null,null,null,null,90,92,ft,FALSE,Withlacoochee State Forest,-82.03611111,28.45833333
203726,233,C. vanHoek,S. Petty,Sumter Co.,Cyperaceae,Carex,null,null,70705,null,null,null,TRUE,526,null,gigantea,Rudge,null,02/21/1992,"North slough at 16/17 on the nature trail at Hog Island Recreation Area, Croom portion. T21S, R21E, Sec. 31.",1992,Moist bank of slough.,Fertile,null,null,null,null,null,null,null,null,null,FALSE,Withlacoochee State Forest,-82.2167,28.5833
27767,8014,G. R. Cooley,"A.S. Pease, O. Lakela",Sumter Co.,Cyperaceae,Carex,null,null,70707,null,null,null,TRUE,526,null,gigantea,Rudge,null,04/05/1961,Withlacoochee Development Project.,Feb 1979,Close to pond in Longleaf pine [Pinus palustris] - oak forest.,Fertile,null,null,null,null,Frequent and noticeable among other vegetation.,null,null,null,null,FALSE,null,-81.8167,28.35
44340,8213,G. R. Cooley,"R.J. Eaton, Esq., C.E. Wood, Jr.",Sumter Co.,Cyperaceae,Carex,null,null,70789,null,null,null,TRUE,526,null,gigantea,Rudge,null,05/01/1961,"Withlacoochee River at FL 50, near Hernando County line. T22S, R22E, Sec. 34.",Feb 1979,"Wet roadside ditch, margin at bottom; Cypress bottomland.",Fertile,null,null,null,null,null,null,null,null,null,FALSE,null,-81.8167,28.35
298308,1130,M. L. Gilbert,,Pasco Co.,Cyperaceae,Carex,null,null,205363,null,null,null,TRUE,526,null,gigantea,Rudge,null,05/25/1963,"Two-River Ranch, Withlacoochee River.",2018,null,Fertile,null,null,null,null,null,null,null,null,null,FALSE,null,-82.172029,28.465832
120852,2118,P. Genelle,G. Fleming,Pasco Co.,Cyperaceae,Carex,null,null,70783,null,null,null,TRUE,526,null,gigantea,Rudge,null,06/14/1975,Richloam section.,Feb 1979,Glades.,Fertile,null,null,null,null,null,null,null,null,null,FALSE,Withlacoochee State Forest,-82.172029,28.465832
27751,8015,G. R. Cooley,"A.S. Pease, O. Lakela",Sumter Co.,Cyperaceae,Carex,null,null,71156,null,null,null,TRUE,2966,null,lupuliformis,Sartw. ex  Dewey,null,04/05/1961,Withlacoochee Development Project.,1997,Along margins of ditches in longleaf pine [Pinus palustris] - oak forest.,Fertile,null,null,null,null,Fruit immature; frequent.,null,null,null,null,FALSE,null,-81.8167,28.35
147131,2760,L. Baltzell,,Hernando Co.,Cyperaceae,Carex,null,null,71162,null,null,null,TRUE,2966,null,lupuliformis,Sartw. ex  Dewey,null,03/28/1971,"Along FL 50, ca. 1 mi. SW of the Sumter County line (Little Withlacoochee River) and ca. 5 mi. SW of Tarrytown.",1997,Open moist roadside ditch.,Fertile,null,null,null,null,Ca. 27 in. tall.,null,null,null,null,FALSE,null,-81.8167,28.35
248616,s.n.,L. W. Curtis,,Marion Co.,Cyperaceae,Carex,null,null,70985,null,null,null,TRUE,2966,null,lupuliformis,Sartw. ex  Dewey,null,07/05/2008,"Stumpknocker's Restaurant, FL 200, Withlacoochee River.",null,null,Fertile,null,null,null,null,null,null,null,null,null,FALSE,null,-82.34972222,28.98944444
238948,22604,S. L. Orzell,E.L. Bridges,Sumter Co.,Cyperaceae,Carex,null,null,70999,null,null,null,TRUE,2966,null,lupuliformis,Sartw. ex  Dewey,null,03/29/1994,"N side of Center Grade Road, ca. 1.3 mi. E of junction FL 471, near Weeks Pond and N of Gator Hole Slough, ca. 7.7 mi. S of junction FL 50 at Tarrytown. T23S, R23E, Sec. 29, NW¼.",null,Hydric hammock. Soils - Vero (Alfic Haplaquods).,Fertile,null,null,null,null,null,null,null,null,null,FALSE,Withlacoochee State Forest,-82.03611111,28.45833333
223781,19792,S. L. Orzell,E.L. Bridges,Sumter Co.,Cyperaceae,Carex,null,null,71124,null,null,null,TRUE,2966,null,lupuliformis,Sartw. ex  Dewey,null,06/29/1992,"N side of Center Grade Road, ca. 1.3 mi. E of junction FL 471, near Weeks Pond and N of Gator Hole Slough, ca. 7.7 mi. S of junction FL 50 at Tarrytown. T23S, R23E, Sec. 29, NW¼.",null,Hydric hammock.,Fertile,null,null,null,null,null,null,90,92,ft,FALSE,Withlacoochee State Forest,-82.03611111,28.45833333
216565,502,C. vanHoek,"D.B. Ward, J. Buckner",Sumter Co.,Cyperaceae,Carex,null,null,52394,floridana,Schwein.,Kük.,TRUE,663,var.,nigromarginata,Schwein.,null,03/15/1996,"Baird Tract, Cedar Hammock; 5 mi. E of Tarrytown. T22S, R23E, Sec. 23.",1997,"Moist to mesic, calcareous woods.",Fertile,null,null,null,null,null,null,null,null,null,FALSE,Withlacoochee State Forest,-82.05,28.55
248114,2724,J. M. Kunzer,,Polk Co.,Cyperaceae,Carex,null,null,52387,floridana,Schwein.,Kük.,TRUE,663,var.,nigromarginata,Schwein.,null,02/19/2009,"Ca. 4.4 km SE of the C-471 bridge over the Withlacoochee River, ca. 4 km NE of the C-471 and US 98 junction.",null,"Mature, disturbed hammock.",Fertile,null,null,null,null,null,null,null,null,null,FALSE,Colt Creek State Park,-82.03277778,28.27777778
305368,10398,R. L. Mears,J. Hall,Pasco Co.,Cyperaceae,Carex,null,null,251801,null,null,null,TRUE,4167,null,paeninsulae,Naczi et al.,null,04/08/2023,"Coit Road, within Richloam Wildlife Management Area; ca. 0.1-0.2 mi. W of Withlacoochee River.",null,Hardwood hammock.,Fertile,null,null,null,null,null,null,null,null,null,FALSE,null,null,null
289266,5367,R. Carter,,Lowndes Co.,Cyperaceae,Carex,null,null,143857,null,null,null,TRUE,2053,null,striatula,Michx.,null,04/13/1987,"Troupville Woods, just W of Voldosta, along S side of GA 94, E of Withlacoochee River.",Feb 2015,"Rich woods of mesic woodland and low bluff, with Fagus grandifolia, Magnolia grandiflora, Pinus glabra, Quercus alba, Q. laurifolia, Q. michauxii, and Q. virginiana.",Fertile,null,null,null,null,Cespitose.,null,null,null,null,FALSE,null,null,null
216489,16132,S. L. Orzell,E.L. Bridges,Hamilton Co.,Cyperaceae,Carex,null,null,71806,null,null,null,TRUE,2053,null,striatula,Michx.,null,03/21/1991,"Unnamed tributary to Withlacoochee River, ca. 1 air mi. NW of junction FL 143 and FL 146, ca. 1.6 air mi. S of Octahatchee. T2N, R11E, Sec. 23, NE¼ of NW¼ of SW¼.",null,"Mesic mixed hardwood slope forest, adjacent to elongate sinkholes in tributary; community dominated by Fagus grandifolia - Magnolia grandiflora - Carya spp.",Fertile,null,null,null,null,null,null,90,110,ft,FALSE,null,-83.19694444,30.55833333
204690,279,C. vanHoek,,Sumter Co.,Cyperaceae,Carex,null,null,71834,null,null,null,TRUE,993,null,tribuloides,Wahlenb.,null,06/12/1992,"Hog Island, Croom portion of Withlacoochee State Forest, ca. 2 mi. SSE of Nobleton.",null,Swamp forest.,Fertile,null,null,null,null,null,null,null,null,null,FALSE,Hog Island Recreation Area,-82.25,28.6333
305381,10420,R. L. Mears,,Pasco Co.,Cyperaceae,Carex,null,null,251906,null,null,null,TRUE,993,null,tribuloides,Wahlenb.,null,04/18/2023,"Richloam Wildlife Management Area; W side of Withlacoochee River, E end of Coit Road.",null,Floodplain forest.,Fertile,null,null,null,null,Frequent.,null,null,null,null,FALSE,null,null,null
306887,s.n.,R. L. Mears,C. Warner,Hernando Co.,Cyperaceae,Carex,null,null,253898,null,null,null,TRUE,993,null,tribuloides,Wahlenb.,null,03/30/2024,"Tucker Hill Day Use Area; above ground terminus of creek flowing from Tucker Hill N of C-480, ca. 0.25 mi. from Tucker Hill parking area.",null,Seepage area.,Fertile,null,null,null,null,Locally abundant.,null,null,null,null,FALSE,Withlacoochee State Forest,null,null
252951,2330,J. M. Kunzer,"A. Bard, S. Spaulding",Polk Co.,Cyperaceae,Carex,null,null,72196,null,null,null,TRUE,2084,null,verrucosa,Muhl.,null,04/03/2008,"Ca. 4.4 km SE of FL 471 bridge over the Withlacoochee River, ca. 4.9 km NE of junction FL 471 and US 98.",null,Disturbed seepage area.,Fertile,null,null,null,null,null,null,null,null,null,FALSE,Colt Creek State Park,-82.02472222,28.28611111
233020,22601,S. L. Orzell,E.L. Bridges,Sumter Co.,Cyperaceae,Carex,null,null,72164,null,null,null,TRUE,2084,null,verrucosa,Muhl.,null,03/29/1994,"N side of Center Grade Road, ca. 1.3 mi. E of junction FL 471, near Weeks Pond and N of Gator Hole Slough, ca. 7.7 mi. S of junction FL 50 at Tarrytown. T23S, R23E, Sec. 29, NW¼.",null,Cypress [Taxodium] pond edges. Soils - Vero (Alfic Haplaquods).,Fertile,null,null,null,null,null,null,null,null,null,FALSE,Withlacoochee State Forest,-82.03361111,28.45833333
228005,19767,S. L. Orzell,E.L. Bridges,Pasco Co.,Cyperaceae,Carex,null,null,72167,null,null,null,TRUE,2084,null,verrucosa,Muhl.,null,06/29/1992,"N of Center Grade Road, 0.5 mi. W of Sumter County line and FL 471, ca. 1.1 mi. SSE of Clay Sink, ca. 9.5 air mi. NE of Dade City. T23S, R22E, Sec. 25, SW¼ of NE¼.",null,Cypress [Taxodium] dome swamp in wetland pine savanna.,Fertile,null,null,null,null,null,null,85,90,ft,FALSE,Withlacoochee State Forest,-82.05111111,28.45805556
44726,8212,G. R. Cooley,"R.J. Eaton, C.E. Wood, Jr., et al.",Sumter Co.,Cyperaceae,Carex,null,null,72269,null,null,null,TRUE,1153,null,vexans,F. J. Herm.,null,05/01/1961,"Withlacoochee River at FL 50 near Hernando Co. line. T22S, R22E, Sec. 34.",null,Roadside at margin of ditch bottom; cypress [Taxodium] bottom.,Fertile,null,null,null,null,null,null,null,null,null,FALSE,null,-81.8167,28.35
253140,2573,J. M. Kunzer,"G. Dauphin, C. Eckert",Polk Co.,Cyperaceae,Carex,null,null,72206,null,null,null,TRUE,1153,null,vexans,F. J. Herm.,null,09/26/2008,"Ca. 2.2 km SSE of FL 471 bridge over the Withlacoochee River, ca. 5.5 km NNE of junction FL 471 and US 98.",null,Disturbed hammock edge.,Fertile,null,null,null,null,null,null,null,null,null,FALSE,Colt Creek State Park,-82.04194444,28.29666667
253143,2604,J. M. Kunzer,G. Dauphin,Polk Co.,Asteraceae,Carphephorus,null,null,45675,null,null,null,TRUE,2091,null,corymbosus,Nutt.,Torr. & A. Gray,09/26/2008,"Ca. 1 km SSE of FL 471 bridge over the Withlacoochee River, ca. 6.3 km NNE of the junction of FL 471 and US 98.",null,Mesic flatwoods with limestone substrate.,Flower,null,null,null,null,null,null,null,null,null,FALSE,Colt Creek State Park,-82.0525,28.30527778
253144,2605,J. M. Kunzer,G. Dauphin,Polk Co.,Asteraceae,Carphephorus,null,null,45676,subtropicanus,DeLaney et al.,Wunderlin & B.F. Hansen,TRUE,4081,var.,odoratissimus,J. F. Gmel.,H. Hebert,09/26/2008,"Ca. 1 km SSE of FL 471 bridge over the Withlacoochee River, ca. 6.3 km NNE of the junction of FL 471 and US 98.",null,Mesic flatwoods with limestone substrate.,Flower,null,null,null,null,null,null,null,null,null,FALSE,Colt Creek State Park,-82.0525,28.30527778
108173,1915,P. Genelle,G. Fleming,Hernando Co.,Asteraceae,Carphephorus,null,null,36973,subtropicanus,DeLaney et al.,Wunderlin & B.F. Hansen,TRUE,4081,var.,odoratissimus,J. F. Gmel.,H. Hebert,11/18/1973,Richloam section; road to Yankee Swamp.,Oct 2001,null,Flower,Fruit,null,null,null,null,null,null,null,null,FALSE,Withlacoochee State Forest,-82.1,28.5
253287,2691,J. M. Kunzer,,Polk Co.,Asteraceae,Carphephorus,null,null,46236,null,null,null,TRUE,3093,null,paniculatus,J. F. Gmel.,H. Hebert,11/26/2008,"Ca. 2.6 km SSE of FL 471 bridge over the Withlacoochee River, ca. 5.3 km NNE of the junction of FL 471 and US 98.",null,Mesic flatwoods.,Flower,null,null,null,null,null,null,null,null,null,FALSE,Colt Creek State Park,-82.04083333,28.29222222
108172,1914,P. Genelle,G. Fleming,Hernando Co.,Asteraceae,Carphephorus,null,null,37118,null,null,null,TRUE,3093,null,paniculatus,J. F. Gmel.,H. Hebert,11/18/1973,Richloam section; Yankee Swamp,null,null,Flower,null,null,null,null,null,null,null,null,null,FALSE,Withlacoochee State Forest,-82.1,28.5
27818,8010,G. R. Cooley,"A.S. Pease, O. Lakela",Sumter Co.,Betulaceae,Carpinus,null,null,84630,null,null,null,TRUE,3128,null,caroliniana,Walter,null,04/05/1961,Withlacoochee Development Project.,null,Longleaf pine [Pinus palustris] - oak forest.,Fertile,null,null,null,null,"[Small tree] 4 m high, trunk 7 cm DBH; neighboring tree 2 dm DBH.",null,null,null,null,FALSE,null,-81.8167,28.35
9459,6476,G. R. Cooley,R.J. Eaton,Citrus Co.,Betulaceae,Carpinus,null,null,84695,null,null,null,TRUE,3128,null,caroliniana,Walter,null,04/22/1959,"Between Tsala Apopka Lake and Withlacoochee River.  T20S, R21E, Sec. 9.",null,Hammock.,Fertile,null,null,null,null,Tree.,null,null,null,null,FALSE,null,-81.8167,28.35
161049,362,G. Robinson,,Sumter Co.,Betulaceae,Carpinus,null,null,84625,null,null,null,TRUE,3128,null,caroliniana,Walter,null,09/29/1981,"Along the Little Withlacoochee River, ca. 5 mi. SE of Tarrytown.  T23S, R23E, Sec. 9, NW¼.",null,Cypress [Taxodium] slough.,null,null,null,null,null,null,null,null,null,null,FALSE,null,-82.05,28.55
253175,2580,J. M. Kunzer,"G. Dauphin, C. Eckert",Polk Co.,Betulaceae,Carpinus,null,null,84614,null,null,null,TRUE,3128,null,caroliniana,Walter,null,09/26/2008,"Ca. 4.5 km SSE of the FL 471 bridge over Withlacoochee River, ca. 3.9 km NNE of the junction of FL 471 and US 98.",null,"Small, mixed hardwood - conifer slough.",Fertile,null,null,null,null,Tree ca. 7 m tall.,null,null,null,null,FALSE,Colt Creek State Park,-82.03166667,28.27583333
214557,16127,S. L. Orzell,E.L. Bridges,Hamilton Co.,Oleaceae,Cartrema,null,null,27154,null,null,null,TRUE,3119,null,americanum,L.,G. L. Nesom,03/21/1991,"Adjacent to elongate sinkholes in unnamed tributary to Withlacoochee River, ca. 1 air mi. NW of junction FL 143 and FL 146, ca. 1.6 air mi. S of Octahatchee. T2N, R11E, Sec. 23, NE¼ of NW¼ of SW¼; Octahatchee 7.5' Quad.",Nov 2012,"Mesic mixed hardwood slope forest. Community dominated by Fagus grandifolia, Magnolia grandiflora, Carya spp.",Flower,null,null,null,null,null,null,90,110,ft,FALSE,null,-83.19694444,30.55833333
178391,s.n.,T. F. Rochow,,Polk Co.,Oleaceae,Cartrema,null,null,27105,null,null,null,TRUE,3119,null,americanum,L.,G. L. Nesom,10/11/1983,NE of US 98 and close to the Withlacoochee River.,Nov 2012,null,Fruit,null,null,null,null,null,null,null,null,null,FALSE,null,-81.8167,28.35
255380,6479,G. R. Cooley,R.J. Eaton,Citrus Co.,Oleaceae,Cartrema,null,null,53736,null,null,null,TRUE,5,null,floridanum,Chapm.,G. L. Nesom,04/22/1959,"Tsala Apopka Lake and Withlacoochee River. T20S, R21E, Sec. 9.",Nov 2012,Hammock.,Fruit,Fruit,null,null,null,Small tree.,null,null,null,null,FALSE,null,-81.8167,28.35
303462,504,C. F. Caudle,"M.L. Gilbert, M.S. Tisdale, et al.",Polk Co.,Juglandaceae,Carya,null,null,248473,null,null,null,TRUE,1263,null,floridana,Sarg.,null,06/19/1962,Withlacoochee R. Woods.,2021,null,Immature Fruit,null,null,null,null,null,null,null,null,null,FALSE,null,null,null
241872,13086,B. F. Hansen,,Sumter Co.,Juglandaceae,Carya,null,null,85013,null,null,null,TRUE,944,null,glabra,Mill.,Sweet,11/09/2005,"Ca. 2 mi. N of Croom. T22S, R21E, Sec. 32.",null,Forested roadside.,null,null,null,null,null,Large tree.,null,null,null,null,FALSE,Withlacoochee State Forest,-82.2167,28.5833
9617,6483,G. R. Cooley,R.J. Eaton,Citrus Co.,Juglandaceae,Carya,null,null,85078,null,null,null,TRUE,944,null,glabra,Mill.,Sweet,04/22/1959,"Between Tsala Apopka Lake and Withlacoochee River. T20S, R21E, Sec. 9.",null,null,Fruit,Flower,null,null,null,Staminate aments.,null,null,null,null,FALSE,null,-81.8167,28.35
104746,1772,P. Genelle,G. Fleming,Hernando Co.,Juglandaceae,Carya,null,null,85009,null,null,null,TRUE,944,null,glabra,Mill.,Sweet,Apr 1973,"Croom section, Silver Lake Recreation area.",null,"Damp, shaded.",Flower,null,null,null,null,null,null,null,null,null,FALSE,Withlacoochee State Forest,-82.227588,28.587772
208171,371,C. vanHoek,S. Petty,Citrus Co.,Juglandaceae,Carya,null,null,85031,null,null,null,TRUE,2059,null,tomentosa,Nutt.,null,08/13/1993,"Citrus Wildlife Management Area; ca. 0.5 mi. S of Stage Pond, S of FL 480.  T21S, R19E, Sec. 4.",Aug 2010,null,null,null,null,null,null,null,null,null,null,null,FALSE,Withlacoochee State Forest,-82.45,28.8667
214612,494,C. vanHoek,"S. Petty, G. Kountz, T. Kountz",Sumter Co.,Juglandaceae,Carya,null,null,85030,null,null,null,TRUE,2059,null,tomentosa,Nutt.,null,10/05/1995,"Croom Wildlife Management Area; Florida Trail, 3 mi. SE of Hog Island, 1 mi. NNE of Iron Bridge.",Aug 2010,Mesic woods.,null,null,null,null,null,null,null,null,null,null,FALSE,Withlacoochee State Forest,-82.2167,28.5833
225879,20064,S. L. Orzell,E.L. Bridges,Hamilton Co.,Fagaceae,Castanea,null,null,93328,null,null,null,TRUE,3659,null,pumila,L.,Mill.,07/07/1992,"Ca. 0.8 mi. N of FL 6 at a point ca. 0.5 mi. E of its junction with FL 143 at Blue Springs, ca. 2 mi. E of Withlacoochee River, ca. 7 air mi. SSW of Jennings; Blue Springs Longleaf. T1N, R11E, Sec. 10, SW¼.",Jun 2000,Typic dry upland burned longleaf pine [Pinus palustris] savanna.,Fruit,null,null,null,null,null,null,80,90,ft,FALSE,null,-83.2125,30.49722222
186239,s.n.,C. vanHoek,,Hernando Co.,Bignoniaceae,Catalpa,null,null,15107,null,null,null,TRUE,3195,null,bignonioides,Walter,null,05/11/1985,"Citrus Wildlife Management Area, 4 mi. S of Inverness.  T20S, R19E, Sec. 14.",null,Ringing E side of the tailings pond pit.,Fruit,null,null,null,null,null,null,null,null,null,FALSE,Withlacoochee State Forest,-81.8167,28.35
197808,s.n.,R. L. Mears,K. Holland,Hernando Co.,Bignoniaceae,Catalpa,null,null,15108,null,null,null,TRUE,3195,null,bignonioides,Walter,null,06/18/1988,"T22S, R21E, Sec. 8.",null,null,Fruit,null,null,null,null,null,null,null,null,null,FALSE,Withlacoochee State Forest,-81.8167,28.35
9612,6481,G. R. Cooley,R.J. Eaton,Citrus Co.,Cannabaceae,Celtis,null,null,15392,null,null,null,TRUE,2866,null,laevigata,Willd.,null,04/22/1959,"Hammock between Lake Tsala Apopka and Withlacoochee River.  T20S, R21E, Sec. 9.",1974,null,Immature Fruit,null,null,null,null,Drupe green at the time.,null,null,null,null,FALSE,null,-81.8167,28.35
253042,2396,J. M. Kunzer,B.F. Hansen,Polk Co.,Cannabaceae,Celtis,null,null,45650,null,null,null,TRUE,2866,null,laevigata,Willd.,null,04/15/2008,"Ca. 3.3 km SE of FL 471 bridge over the Withlacoochee River, ca. 4.6 km NE of the junction of FL 471 and US 98.",null,Hammock edge.,Fruit,null,null,null,null,"Tree to ca. 7 m tall, ca. 2.5 dm dbh.",null,null,null,null,FALSE,Colt Creek State Park,-82.0375,28.28583333
55394,26029,O. K. Lakela,"R. Lassiter, J.A. Lassiter",Citrus Co.,Cannabaceae,Celtis,null,null,15404,null,null,null,TRUE,2866,null,laevigata,Willd.,null,06/03/1963,"Withlacoochee River, E of Pineola.",1974,Limestone formations; remnants of ancient fern grottoes and associations of notably large trees.,Fruit,null,null,null,null,Old trees with rippled bark; fruit half mature.,null,null,null,null,FALSE,null,-82.272868,28.688879
126681,5740,R. P. Wunderlin,,Hernando Co.,Poaceae,Cenchrus,null,null,48335,null,null,null,TRUE,2501,null,gracillimus,Nash,null,01/29/1977,McKethan Park.,1985,Mixed deciduous hardwoods with a few scattered pines.,Fertile,null,null,null,null,null,null,null,null,null,FALSE,Withlacoochee State Forest,-81.8167,28.35
227282,2329,M. T. Strong,,Sumter Co.,Poaceae,Cenchrus,null,null,48848,null,null,null,TRUE,782,null,spinifex,Cav.,null,22-23 May 2000,"NW side of FL 44, 1.6 km W of its junction with FL 475, ca. 9 km ENE of the Withlacoochee River (where FL 44 crosses it), and 9.6 km W of Wildwood.",Feb 2001,Longleaf pine [Pinus palustris] - turkey oak [Quercus laevis] sandhill.,Fertile,null,null,null,null,null,null,null,null,null,FALSE,null,-82.038974,28.865264
178410,s.n.,T. F. Rochow,,Pasco Co.,Poaceae,Cenchrus,null,null,48825,null,null,null,TRUE,782,null,spinifex,Cav.,null,10/10/1983,"Not far from River Road and Withlacoochee River.  T24S, R22E, Sec. 32.",Nov 2000,Sandhill.,Fertile,null,null,null,null,null,null,null,null,null,FALSE,null,-82.172029,28.465832
161615,436,G. Robinson,,Sumter Co.,Araliaceae,Centella,null,null,15637,null,null,null,TRUE,709,null,asiatica,L.,Urb.,09/09/1981,"Along the Little Withlacoochee River ca. 5 mi. SE of Tarrytown and 2.25 mi. E of the Sumter County line.  T23S, R23E, Sec. 9, NW¼.",null,Cypress [Taxodium] slough.,null,null,null,null,null,null,null,null,null,null,FALSE,null,-82.054526,28.554997
161043,341,G. Robinson,,Sumter Co.,Araliaceae,Centella,null,null,15639,null,null,null,TRUE,709,null,asiatica,L.,Urb.,09/29/1981,"Along the Little Withlacoochee River, ca. 5 mi. SE of Tarrytown.  T23S, R23E, Sec. 9, NW¼.",null,Cypress [Taxodium] slough.,null,null,null,null,null,null,null,null,null,null,FALSE,null,-82.05,28.55
105076,1843,P. Genelle,G. Fleming,Hernando Co.,Araliaceae,Centella,null,null,15635,null,null,null,TRUE,709,null,asiatica,L.,Urb.,05/20/1973,Richloam section.,null,Edge of bog.,Flower,Fruit,null,null,null,null,null,null,null,null,FALSE,Withlacoochee State Forest,-82.1,28.5
300236,s.n.,C. Werner,,Hernando Co.,Asteraceae,Centratherum,null,null,234965,null,null,null,TRUE,1329,null,punctatum,Cass.,null,05/08/2019,Croom Tract.,null,"In sandy soil in partial shade in the middle of a 2 track dirt road; sand hill on W edge of road, horse paddock on private lane bordering the E side of the road.",Flower,null,null,null,null,null,null,null,null,null,FALSE,Withlacoochee State Forest,-82.30666667,28.59194444
227311,2501,M. T. Strong,,Sumter Co.,Fabaceae,Centrosema,null,null,736,null,null,null,TRUE,1201,null,arenicola,Small,F. J. Herm.,08/28/2000,Contact USF Herbarium if additional information is required,2000,Longleaf pine-turkey oak sandhills.,Flower,Immature Fruit,null,null,null,Petals pink.,null,null,null,null,TRUE,null,null,null
120355,2174,P. Genelle,G. Fleming,Pasco Co.,Fabaceae,Centrosema,null,null,741,null,null,null,TRUE,1201,null,arenicola,Small,F. J. Herm.,08/09/1975,Contact USF Herbarium if additional information is required,Feb 1984,null,Flower,null,null,null,null,Twining on shrubs.,null,null,null,null,TRUE,Withlacoochee State Forest,null,null
105116,1870,P. Genelle,G. Fleming,Citrus Co.,Fabaceae,Centrosema,null,null,773,null,null,null,TRUE,889,null,virginianum,L.,Benth.,05/27/1973,Citrus section TR 20.,Feb 1984,"Sand pine [Pinus clausa], oak, open sun.",Flower,Immature Fruit,null,null,null,null,null,null,null,null,FALSE,Withlacoochee State Forest,-82.45,28.8667
120511,2160,P. Genelle,G. Fleming,Sumter Co.,Fabaceae,Centrosema,null,null,790,null,null,null,TRUE,889,null,virginianum,L.,Benth.,06/28/1975,Cabbage Head Road.,Feb 1984,Wet pinelands.,Flower,Immature Fruit,null,null,null,null,null,null,null,null,FALSE,Withlacoochee State Forest,-81.8167,28.35
13001,6937,G. R. Cooley,"D.B. Ward, R.J. Eaton",Levy Co.,Rubiaceae,Cephalanthus,null,null,16115,null,null,null,TRUE,3610,null,occidentalis,L.,null,09/16/1959,Along bank of Withlacoochee River.,null,null,Bud,Fruit,null,null,null,Shrub to 2 m tall. Perianth white.,null,null,null,null,FALSE,Yankeetown,-82.823055,29.031521
120827,2111,P. Genelle,G. Fleming,Pasco Co.,Rubiaceae,Cephalanthus,null,null,16075,null,null,null,TRUE,3610,null,occidentalis,L.,null,06/14/1975,null,null,Cypress [Taxodium] swamp.,Immature Fruit,null,null,null,null,null,null,null,null,null,FALSE,Withlacoochee State Forest,-82.172029,28.465832
105105,1869,P. Genelle,G. Fleming,Hernando Co.,Rubiaceae,Cephalanthus,null,null,16099,null,null,null,TRUE,3610,null,occidentalis,L.,null,05/20/1973,"Richloam section, Tower Road.",null,"Open sun, roadside, sandy loam.",Bud,Flower,null,null,null,null,null,null,null,null,FALSE,Withlacoochee State Forest,-82.1,28.5
10301,7250,G. R. Cooley,"J.D. Ray, Jr.",Hernando Co.,Pteridaceae,Ceratopteris,null,null,43706,null,null,null,TRUE,2712,null,pteridoides,W. Hook.,Hieron.,01/06/1960,Istachatta; Withlacoochee River.,Nov 1989,On decaying Eichhornia crassipes on flood banks of river.,Fertile,null,null,null,null,null,null,null,null,null,FALSE,null,-82.27759,28.659991
228438,s.n.,J. H. Scudder,,Sumter Co.,Pteridaceae,Ceratopteris,null,null,43702,null,null,null,TRUE,2712,null,pteridoides,W. Hook.,Hieron.,11/15/1984,Withlacoochee River adjacent to the FL 44 bridge.,null,null,Fertile,null,null,null,null,null,null,null,null,null,FALSE,null,-81.8167,28.35
198678,163,C. vanHoek,,Pasco Co.,Pteridaceae,Ceratopteris,null,null,43764,null,null,null,TRUE,1677,null,thalictroides,L.,Brongn.,11/29/1988,Richloam Wildlife Management Area; 200 ft. E of the Withlacoochee River midway between High Bluffs and the C-575 bridge.,null,null,null,null,null,null,null,null,null,null,null,null,FALSE,Withlacoochee State Forest,-82.172029,28.465832
247537,2593,J. M. Kunzer,"G. Dauphin, C. Eckert",Polk Co.,Fabaceae,Cercis,null,null,30823,null,null,null,TRUE,3564,null,canadensis,L.,null,09/26/2008,"Ca. 4.5 km SSE of the FL 471 bridge over the Withlacoochee River, ca. 3.9 km NNE of the junction of FL 471 and US 98.",null,Mesic hammock.,null,null,null,null,null,"Small tree to ca. 7 cm dbh, ca. 4 m tall.",null,null,null,null,FALSE,Colt Creek State Park,-82.03166667,28.27611111
306125,3431,C. F. Caudle,"M.L. Gilbert, M.S. Tisdale",Hernando Co.,Fabaceae,Chamaecrista,null,null,253117,null,null,null,TRUE,3026,null,fasciculata,Michx.,Greene,07/06/1963,"Withlacoochee State Forest; McKinney Sink Road, Richloam. T22S, R22E, Secs. 31, 32; T22S, R22E, Secs. 5, 6.",13-Jul-2017,null,Flower,null,null,null,null,null,null,null,null,null,FALSE,null,null,null
306300,1244,C. F. Caudle,"M.L. Gilbert, M.S. Tisdale",null,Fabaceae,Chamaecrista,null,null,253227,null,null,null,FALSE,3026,null,fasciculata,Michx.,Greene,05/25/1963,"Withlacoochee River, Two Rivers Ranch.",Sep 2024,null,Flower,null,null,null,null,null,null,null,null,null,FALSE,null,null,null
252813,2525,J. M. Kunzer,"G. Dauphin, C. Eckert",Polk Co.,Fabaceae,Chamaecrista,null,null,45087,null,null,null,TRUE,3026,null,fasciculata,Michx.,Greene,09/26/2008,"Ca. 2.5 km SSE of FL 471 bridge over the Withlacoochee River, ca. 5.1 km NNE of the junction of FL 471 and US 98.",null,Mesic flatwoods.,Fruit,null,null,null,null,null,null,null,null,null,FALSE,Colt Creek State Park,82.04444444,28.29388889
227278,2505,M. T. Strong,,Sumter Co.,Fabaceae,Chamaecrista,null,null,983,null,null,null,TRUE,3026,null,fasciculata,Michx.,Greene,08/28/2000,"NW side of FL 44, 1.6 km. W of the junction with FL 475, ca. 9 km ENE of the Withlacoochee River (where FL 44 crosses it), and 9.6 km W of Wildwood.",2000,Longleaf pine [Pinus palustris] - turkey oak [Quercus laevis] sandhills.,Fruit,null,null,null,null,null,null,null,null,null,FALSE,null,-82.038974,28.865264
122553,2133,P. Genelle,G. Fleming,Pasco Co.,Fabaceae,Chamaecrista,null,null,1019,null,null,null,TRUE,3026,null,fasciculata,Michx.,Greene,06/14/1975,"C-575, Withlacoochee River Bridge.",1983,null,Flower,null,null,null,null,null,null,null,null,null,FALSE,null,-82.172029,28.465832
252815,2524,J. M. Kunzer,"G. Dauphin, C. Eckert",Polk Co.,Fabaceae,Chamaecrista,null,null,45089,aspera,Muhl. ex Elliott,H. S. Irwin & Barneby,TRUE,3223,var.,nictitans,L.,Moench,09/26/2008,"Ca. 2.5 km SSE of FL 471 bridge over the Withlacoochee River, ca. 5.1 km NNE of the junction of FL 471 and US 98.",null,Mesic flatwoods.,null,null,null,null,null,null,null,null,null,null,FALSE,Colt Creek State Park,-82.04444444,28.29388889
207064,330,C. vanHoek,S. Petty,Hernando Co.,Fabaceae,Chamaecrista,null,null,1174,null,null,null,TRUE,1332,null,rotundifolia,Pers.,Greene,12/04/1992,"Headquarters Tract, corner [of] FL 476 and US 41.  T21S, R20E, Sec. 19, SW¼ of SE¼.",1993,"Dry, disturbed area.",Flower,Fruit,null,null,null,null,null,null,null,null,FALSE,Withlacoochee State Forest,-81.8167,28.35
252935,2338,J. M. Kunzer,,Polk Co.,Asteraceae,Chaptalia,null,null,45382,null,null,null,TRUE,825,null,tomentosa,Vent.,null,04/03/2008,"Ca. 1.2 km SE of the FL 471 bridge over the Withlacoochee River, ca. 6 km NNE of the junction of FL 471 and US 98.",null,Poorly drained flatwoods.,Flower,null,null,null,null,null,null,null,null,null,FALSE,Colt Creek State Park,-82.04944444,28.3025
253250,2729,J. M. Kunzer,,Polk Co.,Asteraceae,Chaptalia,null,null,45992,null,null,null,TRUE,825,null,tomentosa,Vent.,null,02/25/2009,"Ca. 1.2 km ENE of the FL 471 bridge over Withlacoochee River, ca. 7.7 km NNE of the junction of FL 471 and US 98.",null,Wet flatwoods.,Flower,Fruit,null,null,null,null,null,null,null,null,FALSE,Colt Creek State Park,-82.0375,28.31583333
253016,2378,J. M. Kunzer,B.F. Hansen,Polk Co.,Poaceae,Chasmanthium,null,null,49543,null,null,null,TRUE,2625,null,nitidum,Baldwin,H. O. Yates,04/15/2008,"Ca. 2.6 km SE of the FL 471 bridge over Withlacoochee River, ca. 5.3 km NNE of the junction of FL 471 and US 98.",null,Hydric hammock.,Fertile,null,null,null,null,null,null,null,null,null,FALSE,Colt Creek State Park,-82.03972222,28.29388889
208233,378,C. vanHoek,S. Petty,Sumter Co.,Poaceae,Chasmanthium,null,null,49366,null,null,null,TRUE,3279,null,sessiliflorum,Poir.,H. O. Yates,08/27/1993,"Along the Florida Trail from Hog Island to Iron Bridge, Croom Wildlife Management Area.  T22S, R21E, Sec. 5.",null,Moist hammock.,Fertile,null,null,null,null,null,null,null,null,null,FALSE,Withlacoochee State Forest,-82.2167,28.5833
55391,26042,O. K. Lakela,"R. Lassiter, J.A. Lassiter",Citrus Co.,Poaceae,Chasmanthium,null,null,49388,null,null,null,TRUE,3279,null,sessiliflorum,Poir.,H. O. Yates,06/03/1963,"Withlacoochee River, E of Pineola.",1974,Margins of grotto walls in limestone formations; remnants of ancient fern grottoes and associations of notably large trees.,Fertile,null,null,null,null,Few.,null,null,null,null,FALSE,null,-82.2667,28.6833
302346,454,C. F. Caudle,"M.L. Gilbert, M.S. Tisdale",Madison Co.,Ericaceae,Chimaphila,null,null,244042,null,null,null,TRUE,3797,null,maculata,L.,Pursh,06/19/1962,Withlacoochee River.,2021,Woods.,Flower,null,null,null,null,null,null,null,null,null,FALSE,null,null,null
14870,6968,G. R. Cooley,"R.J. Eaton, D.B. Ward",Levy Co.,Rubiaceae,Chiococca,null,null,81258,null,null,null,TRUE,948,null,alba,L.,Hitchc.,09/16/1959,Second island off the mouth of the Withlacoochee River.,1977,Sand with some organic matter.,Flower,null,null,null,null,null,null,null,null,null,FALSE,null,-81.8167,28.35
185065,10358,B. F. Hansen,"R.P. Wunderlin, N. Mawhinney",Sumter Co.,Oleaceae,Chionanthus,null,null,54080,null,null,null,TRUE,3468,null,virginicus,L.,null,04/02/1985,"Along dirt road 1 mi. NE of FL 48, ca. 1 mi. E of Withlacoochee River; 3 mi. NW of Wahoo. T20S, R21E, Sec. 20, SE¼ of SE¼.",null,Drier site.,Flower,null,null,null,null,Small tree to 4 m tall.,null,null,null,null,FALSE,null,-82.1833,28.6833
248483,2732,J. M. Kunzer,,Polk Co.,Oleaceae,Chionanthus,null,null,53955,null,null,null,TRUE,3468,null,virginicus,L.,null,03/21/2009,"Ca. 3.4 km SE of FL 471 bridge over the Withlacoochee River, ca. 6.4 km NE of the FL 471 and US 98 junction.",null,Mixed hydric hammock.,Flower,null,null,null,null,Small tree to 5 m tall.,null,null,null,null,FALSE,Colt Creek State Park,-82.02944444,28.29583333
104742,1768,P. Genelle,G. Fleming,Hernando Co.,Oleaceae,Chionanthus,null,null,54010,null,null,null,TRUE,3468,null,virginicus,L.,null,04/22/1973,Croom section; forest road to Silver Lake Recreation area.,July 1976,"Dry, sandy partial shade.",Flower,null,null,null,null,null,null,null,null,null,FALSE,Withlacoochee State Forest,-82.227588,28.587772
302324,s.n.,H. Sharkey,,Citrus Co.,Asteraceae,Chromolaena,null,null,243890,null,null,null,TRUE,2785,null,odorata,L.,R. M. King & H. Rob.,11/05/2019,Citrus Tract; ca. 0.6 mi. S of Radar Hill lime-rock mine.,null,Slash pine [Pinus elliottii] plantation with bahiagrass [Paspalum notatum].,Flower,null,null,null,null,null,null,null,null,null,FALSE,Withlacoochee State Forest,-82.40444444,28.67027778
301303,s.n.,H. Sharkey,,Citrus Co.,Asteraceae,Chromolaena,null,null,240498,null,null,null,TRUE,2785,null,odorata,L.,R. M. King & H. Rob.,11/05/2019,Citrus Tract; ca. 0.6 mi. S of Radar Hill lime-rock mine.,null,Slash pine [Pinus elliottii] plantation with Bahiagrass [Paspalum notatum].,Flower,null,null,null,null,null,null,null,null,null,FALSE,Withlacoochee State Forest,-82.40444444,28.67027778
253282,2686,J. M. Kunzer,,Polk Co.,Asteraceae,Chrysopsis,null,null,46225,null,null,null,TRUE,3697,null,mariana,L.,Elliott,11/26/2008,"Ca. 2 km SSE of FL 471 bridge over the Withlacoochee River, ca. 5.2 km NNE of the junction of FL 471 and US 98.",null,Mesic flatwoods.,Flower,null,null,null,null,null,null,null,null,null,FALSE,Colt Creek State Park,-82.04805556,28.29444444
206836,332,C. vanHoek,S. Petty,Sumter Co.,Asteraceae,Chrysopsis,null,null,38482,null,null,null,TRUE,2582,null,scabrella,Torr. & A. Gray,null,10/16/1992,"At #23 of the Hog Island Nature Trail, Croom Wildlife Management Area.",2005,"Open, dry woods.",Flower,null,null,null,null,null,null,null,null,null,FALSE,Withlacoochee State Forest,-82.2167,28.5833
204624,265,C. vanHoek,,Sumter Co.,Apiaceae,Cicuta,null,null,61249,null,null,null,TRUE,3687,null,maculata,L.,null,04/24/1992,"Croom Wildlife Management Area, Withlacoochee State Forest, Withlacoochee River; ca. 2 mi. SSE of Nobelton.",1994,River banks.,Bud,null,null,null,null,null,null,null,null,null,FALSE,Hog Island Recreation Area,-82.2167,28.5833
120697,2124,P. Genelle,G. Fleming,Pasco Co.,Apiaceae,Cicuta,null,null,61252,null,null,null,TRUE,3687,null,maculata,L.,null,06/14/1975,null,1994,"Stream edge; shaded, moist, muck soil; richloam section.",Flower,null,null,null,null,null,null,null,null,null,FALSE,Withlacoochee State Forest,-82.172029,28.465832
104804,1800,P. Genelle,G. Fleming,Hernando Co.,Asteraceae,Cirsium,null,null,39003,null,null,null,TRUE,3210,null,horridulum,Michx.,null,05/05/1973,null,null,"Sandy pinelands, Pinus elliottii.",Flower,null,null,null,null,null,null,null,null,null,FALSE,Withlacoochee State Forest,-81.8167,28.35
105080,1845,P. Genelle,G. Fleming,Hernando Co.,Asteraceae,Cirsium,null,null,16717,null,null,null,TRUE,1018,null,nuttallii,DC.,null,05/20/1973,Richloam section; Tower Road.,1997,"Roadside, damp, shaded, loam.",Bud,Fruit,null,null,null,null,null,null,null,null,FALSE,Withlacoochee State Forest,-82.1,28.5
252955,2323,J. M. Kunzer,"A. Bard, S. Spaulding",Polk Co.,Cucurbitaceae,Citrullus,null,null,45387,null,null,null,TRUE,331,null,lanatus,Thunb.,Matsum. & Nakai,04/03/2008,"Ca. 1.2 km SE of the FL 471 bridge over the Withlacoochee River, ca. 6 km NNE of the junction of FL 471 and US 98.",null,Roadside edge of pasture.,Fruit,null,null,null,null,null,null,null,null,null,FALSE,Colt Creek State Park,-82.05444444,28.26111111
154601,s.n.,W. D. Courser,L. Snyder,Polk Co.,Ranunculaceae,Clematis,null,null,68993,null,null,null,TRUE,1179,null,baldwinii,Torr. & A. Gray,null,03/18/1980,"""Old railroad grade"" E of Tanic Grade Road and just N of Withlacoochee River.",null,Dry sandy area.,Flower,null,null,null,null,null,null,null,null,null,FALSE,Green Swamp,-81.8167,28.35
55386,26041,O. K. Lakela,"R. Lassiter, J.A. Lassiter",Citrus Co.,Ranunculaceae,Clematis,null,null,69230,null,null,null,TRUE,3174,null,reticulata,Walter,null,06/03/1963,"Withlacoochee River, E of Pineola.",Dec 1976,On walls of grotto; limestone formations; remnants of ancient fern grottoes and associations of notably large trees.,Immature Fruit,null,null,null,null,Few noted.,null,null,null,null,FALSE,null,-82.2667,28.6833
246055,13235,B. F. Hansen,J. Hansen,Hamilton Co.,Euphorbiaceae,Cnidoscolus,null,null,56879,null,null,null,TRUE,4043,null,stimulosus,Michx.,Engelm. & A. Gray,06/13/2008,"Along the N side of FL 6, p.25 mi. E of the Withlacoochee River bridge, ca. 1.5 mi. W of Blue Springs. T1N, R11E, Sec. 17, SW¼.",null,Mixed deciduous forest and weedy edges.,Bud,Flower,Immature Fruit,null,null,null,null,null,null,null,FALSE,null,-81.8167,28.35
104626,1731G,P. Genelle,G. Fleming,Citrus Co.,Euphorbiaceae,Cnidoscolus,null,null,56942,null,null,null,TRUE,4043,null,stimulosus,Michx.,Engelm. & A. Gray,04/15/1973,Dames caves area.,30-Aug-2005,"Quercus laevis, Q. laurifolia, Pinus elliottii forming overhead shade.",Bud,Flower,null,null,null,null,null,null,null,null,FALSE,Withlacoochee State Forest,-81.8167,28.35
104799,1795,P. Genelle,G. Fleming,Hernando Co.,Euphorbiaceae,Cnidoscolus,null,null,56799,null,null,null,TRUE,4043,null,stimulosus,Michx.,Engelm. & A. Gray,05/05/1973,null,05-Sep-2005,Sandy pinelands withPinus elliottii.,Bud,Flower,Immature Fruit,Fruit,null,null,null,null,null,null,FALSE,Withlacoochee State Forest,-81.8167,28.35
104732,1759,P. Genelle,G. Fleming,Hernando Co.,Euphorbiaceae,Cnidoscolus,null,null,56802,null,null,null,TRUE,4043,null,stimulosus,Michx.,Engelm. & A. Gray,04/22/1973,null,05-Sep-2005,"Roadside; in full sun, in dry, sandy soil.",Bud,Flower,Immature Fruit,null,null,null,null,null,null,null,FALSE,Withlacoochee State Forest,-81.8167,28.35
161071,367,G. Robinson,,Sumter Co.,Poaceae,Coleataenia,null,null,11407,null,null,null,TRUE,3683,null,anceps,Michx.,Soreng,09/29/1981,"Along the Little Withlacoochee River, ca. 5 mi. SE of Tarrytown.  T23S, R23E, Sec. 9, NW¼.",30-Sep-2016,Cypress [Taxodium] slough.,Fertile,null,null,null,null,null,null,null,null,null,FALSE,null,-82.05,28.55
253052,2489,J. M. Kunzer,A. Franck,Polk Co.,Poaceae,Coleataenia,null,null,45641,null,null,null,TRUE,3683,null,anceps,Michx.,Soreng,09/03/2008,"Ca. 2.6 km SE of FL 471 bridge over the Withlacoochee River, ca. 5 km NNE of the junction of FL 471 and US 98.",30-Sep-2016,Flatwoods.,Fertile,null,null,null,null,null,null,null,null,null,FALSE,Colt Creek State Park,-82.04388889,28.29333333
238711,3051,M. T. Strong,,Citrus Co.,Poaceae,Coleataenia,null,null,11419,null,null,null,TRUE,3683,null,anceps,Michx.,Soreng,12/28/2002,"NW side of FL 581, ca. 1.3 km SW of the Withlacoochee River, and ca. 8 km (by air) NE of Inverness.",30-Sep-2016,Wet grass/sedge meadow.,Fertile,null,null,null,null,null,null,null,null,null,FALSE,null,-82.330372,28.835818
48094,25456,O. K. Lakela,"J.S. Allen, G.R. Cooley, R. Lassiter, J.A. Lassiter",Citrus Co.,Poaceae,Coleataenia,null,null,11410,null,null,null,TRUE,3683,null,anceps,Michx.,Soreng,10/21/1962,"Withlacoochee River, E of Pineola.",30-Sep-2016,"Crevices of limestone; remnants of ancient fern grottoes and primary hammock association of notably large trees; Quercus, Ulmus, and Carya spp. over outcrops; Distichum [?] in marshy borders.",Fertile,null,null,null,null,null,Few,null,null,null,FALSE,null,-82.272868,28.688879
161622,443,G. Robinson,,Sumter Co.,Poaceae,Coleataenia,null,null,11332,null,null,null,TRUE,915,null,rigidula,Bosc ex Nees,LeBlond,09/09/1981,"Along Little Withlacoochee River ca. 5 mi. SE of Tarrytown and 2.25 mi. E of the Sumter County line.  T23S, R23E, Sec. 9, NW¼.",30-Sep-2016,Cypress [Taxodium] slough.,Fertile,null,null,null,null,null,null,null,null,null,FALSE,null,-82.054526,28.554997
161066,371,G. Robinson,,Sumter Co.,Poaceae,Coleataenia,null,null,11361,null,null,null,TRUE,915,null,rigidula,Bosc ex Nees,LeBlond,09/29/1981,"Along the Little Withlacoochee River, ca. 5 mi. SE of Tarrytown.  T23S, R23E, Sec. 9, NW¼.",30-Sep-2016,Cypress [Taxodium] slough.,Fertile,null,null,null,null,null,null,null,null,null,FALSE,null,-82.05,28.55
247539,2581,J. M. Kunzer,"G. Dauphin, C. Eckert",Polk Co.,Poaceae,Coleataenia,null,null,30824,null,null,null,TRUE,915,null,rigidula,Bosc ex Nees,LeBlond,09/26/2008,"Ca. 4.5 km SSE of the FL 471 bridge over the Withlacoochee River, ca. 3.9 km NNE of the junction of FL 471 and US 98.",30-Sep-2016,"Small, mixed conifer/hardwood slough.",Fruit,null,null,null,null,null,null,null,null,null,FALSE,Colt Creek State Park,-82.03166667,28.27583333
192332,2915,S. A. Thompson,J.H. Nishida,Levy Co.,Araceae,Colocasia,null,null,17936,null,null,null,TRUE,209,null,esculenta,L.,Schott,08/28/1985,Withlacoochee River at Inglis on Us 98/19.,null,null,Flower,null,null,null,null,"Small population growing along banks anf into water, producing stolons at apex of corms. Petioles up to 60 cm tall; leaf blades up to 40 cm long. Spathe tube green, blade orange, reflexed when open. Femal flowers green with scattered sterile flowers; sterile male white; fertile male and sterile tip pale orange.",null,null,null,null,FALSE,null,-82.668716,29.030251
162067,455,G. Robinson,,Sumter Co.,Commelinaceae,Commelina,null,null,16814,diffusa,null,null,TRUE,1438,var.,diffusa,Burm. f.,null,11/12/1981,"Along Withlacoochee River, ca. 2.75 mi. SE of Cumpressco.  T25S, R23E, Sec. 9, SW¼.",Nov 1983,Low hardwood forest.,Fruit,null,null,null,null,null,null,null,null,null,FALSE,null,-82.0333,28.35
161626,438,G. Robinson,,Sumter Co.,Commelinaceae,Commelina,null,null,16815,diffusa,null,null,TRUE,1438,var.,diffusa,Burm. f.,null,09/09/1981,"Along the Little Withlacoochee River, ca. 5 mi. SE of Tarrytown and 2.25 mi. E of the Sumter[/Hernando] County line.  T23S, R23E, Sec. 9, NW¼.",Nov 1983,Cypress [Taxodium] slough.,null,null,null,null,null,null,null,null,null,null,FALSE,null,-82.054526,28.554997
253063,2364,J. M. Kunzer,B.F. Hansen,Polk Co.,Commelinaceae,Commelina,null,null,45653,diffusa,null,null,TRUE,1438,var.,diffusa,Burm. f.,null,04/15/2008,"Ca. 2.6 km SE of FL 471 bridge over the Withlacoochee River, ca. 5.3 km NNE of the junction of FL 471 and US 98.",null,Pasture edge adjacent to hydric hammock.,Flower,null,null,null,null,null,null,null,null,null,FALSE,Colt Creek State Park,-82.03972222,28.29388889
104200,1709,P. Genelle,G. Fleming,Hernando Co.,Commelinaceae,Commelina,null,null,16862,diffusa,null,null,TRUE,1438,var.,diffusa,Burm. f.,null,01/08/1973,"Croom area, start of canoe trail.",Nov 1983,"Open field, edge of hardwood forest.",Flower,Fruit,null,null,null,null,null,null,null,null,FALSE,Withlacoochee State Forest,-82.227588,28.587772
105096,1859,P. Genelle,G. Fleming,Hernando Co.,Commelinaceae,Commelina,null,null,16863,diffusa,null,null,TRUE,1438,var.,diffusa,Burm. f.,null,05/20/1973,Yankee Swamp.,Nov 1983,Cypress [Taxodium] bog.,Flower,Fruit,null,null,null,null,null,null,null,null,FALSE,Withlacoochee State Forest,-81.8167,28.35
253091,2542,J. M. Kunzer,"G. Dauphin, C. Eckert",Polk Co.,Commelinaceae,Commelina,null,null,67576,null,null,null,TRUE,3460,null,erecta,L.,null,09/26/2008,"Ca. 2.5 km SSE of FL 471 bridge over the Withlacoochee River, ca. 5.1 km NNE of junction FL 471 and US 98.",null,Mesic flatwoods.,Fertile,null,null,null,null,null,null,null,null,null,FALSE,Colt Creek State Park,-82.04361111,28.29388889
237270,3132,M. T. Strong,,Sumter Co.,Commelinaceae,Commelina,null,null,67152,null,null,null,TRUE,3460,null,erecta,L.,null,07/26/2003,"Croom Management Area, SE of I-75, ca. 2–3 km SE of Croom.",null,Damp pineland-scrub bordering sand road.,Flower,Fruit,null,null,null,Petals blue.,null,null,null,null,FALSE,Withlacoochee State Forest,-82.2167,28.5833
105119,1879,P. Genelle,G. Fleming,Citrus Co.,Commelinaceae,Commelina,null,null,67378,null,null,null,TRUE,3460,null,erecta,L.,null,05/27/1973,Citrus section TR 20.,Nov 1983,"Sand, open sun.",Fertile,null,null,null,null,null,null,null,null,null,FALSE,Withlacoochee State Forest,-82.45,28.8667
55403,26031,O. K. Lakela,"R. Lassiter, J.A. Lassiter",Citrus Co.,Asteraceae,Conoclinium,null,null,39042,null,null,null,TRUE,935,null,coelestinum,L.,DC.,06/03/1963,"Withlacoochee River, E of Pineola.",Mar 1980,Old excavation area in remnants of ancient fern grottoes and associations of notably large trees.,Fertile,null,null,null,null,Small colony.,null,null,null,null,FALSE,null,-82.2667,28.6833
185058,10365,B. F. Hansen,"R.P. Wunderlin, N. Mawhinney",Sumter Co.,Orobanchaceae,Conopholis,null,null,108638,null,null,null,TRUE,3293,null,americana,L.,Wallr.,04/02/1985,"1 mi. NE of FL 48, ca. 1 mi. E of Withlacoochee River; 3 mi. NW of Wahoo. T20S, R21E, Sec. 20, SE¼ of SE¼.",null,Along dirt road beneath large Quercus virginiana.,Fertile,null,null,null,null,Very large colony of several thousand stalks.,null,null,null,null,FALSE,null,-82.1833,28.6833
253079,2537,J. M. Kunzer,"G. Dauphin, C. Eckert",Polk Co.,Asteraceae,Conyza,null,null,45660,null,null,null,TRUE,null,null,canadensis,L.,Cronq.,09/26/2008,"Ca. 2.5 km SSE of FL 471 bridge over the Withlacoochee River, ca. 5.1 km NNE of the junction of FL 471 and US 98.",null,Disturbed area in flatwoods.,Fruit,null,null,null,null,null,null,null,null,null,FALSE,Colt Creek State Park,-82.04527778,28.29388889
57407,26798,O. K. Lakela,,Citrus Co.,Orchidaceae,Corallorhiza,null,null,5831,null,null,null,TRUE,3053,null,wisteriana,Conrad,null,01/26/1964,null,1964,"Pink limestone grottoes, in thin soil over outcrops.",Flower,Immature Fruit,null,null,null,"Pinkish labium, spotted with madder purple. Stems pinkish.",null,null,null,null,FALSE,Withlacoochee River State Park,-81.8167,28.35
299922,430,C. F. Caudle,"M.L. Gilbert, M.S. Tisdale",Madison Co.,Asteraceae,Coreopsis,null,null,233124,null,null,null,TRUE,3253,null,gladiata,Walter,null,06/19/1962,Withlacoochee River.,Jul 2019,Woods.,Flower,null,null,null,null,null,null,null,null,null,FALSE,null,-81.8167,28.35
252810,2529,J. M. Kunzer,"G. Dauphin, C. Eckert",Polk Co.,Asteraceae,Coreopsis,null,null,45085,null,null,null,TRUE,1180,null,leavenworthii,Torr. & A. Gray,null,09/26/2008,"Ca. 2.5 km SSE of FL 471 bridge over the Withlacoochee River, ca. 5.1 km NNE of the junction of FL 471 and US 98.",null,"Damp, disturbed area in flatwoods.",Flower,null,null,null,null,null,null,null,null,null,FALSE,Colt Creek State Park,-82.04527778,28.29388889
227203,2374,M. T. Strong,,Sumter Co.,Asteraceae,Coreopsis,null,null,39689,null,null,null,TRUE,1180,null,leavenworthii,Torr. & A. Gray,null,05/26/2000,"N side of FL 44, 0.6 km E of its junction with FL 470, 5.5 km E of Withlacoochee River (where FL 44 crosses it), and ca. 12 km W of Wildwood.",Jan 2001,In pasture along roadside.,Flower,null,null,null,null,"Ray flowers yellow, disk corollas purple-black distally, yellowish proximally.",null,null,null,null,FALSE,null,-82.038974,28.865264
227237,2534,M. T. Strong,,Hernando Co.,Asteraceae,Coreopsis,null,null,39699,null,null,null,TRUE,1180,null,leavenworthii,Torr. & A. Gray,null,08/29/2000,"Just N and S of sand road W of FL 471 and fish hatchery, jut N of the Polk County line, 8 km S of Tarrytown and 9-11 km NE of Lacoochee.",null,Wet ditch bordering pine flatwoods along sand road.,Flower,null,null,null,null,"Ray flowers yellow, disk flower brown-purple.",null,null,null,null,FALSE,Withlacoochee State Forest,-81.8167,28.35
104202,1711,P. Genelle,G. Fleming,Hernando Co.,Asteraceae,Coreopsis,null,null,39909,null,null,null,TRUE,1180,null,leavenworthii,Torr. & A. Gray,null,01/08/1973,Croom area; start of canoe trail.,null,Edge of river.,Flower,null,null,null,null,null,null,null,null,null,FALSE,Withlacoochee State Forest,-82.227588,28.587772
104826,1822,P. Genelle,G. Fleming,Sumter Co.,Asteraceae,Coreopsis,null,null,39910,null,null,null,TRUE,1180,null,leavenworthii,Torr. & A. Gray,null,05/03/1973,River Road.,null,"Sandy pinelands, full sun.",Flower,null,null,null,null,null,null,null,null,null,FALSE,Withlacoochee State Forest,-81.8167,28.35
105128,1889,P. Genelle,G. Fleming,Citrus Co.,Cornaceae,Cornus,null,null,16612,null,null,null,TRUE,3184,null,asperifolia,Michx.,null,05/27/1973,"Citrus section, TR 22, Dames Cave area.",1979,"Heavily shaded, sandy.",Flower,null,null,null,null,null,null,null,null,null,FALSE,Withlacoochee State Forest,-82.45,28.8667
27791,8021,G. R. Cooley,"A.S. Pease, O. Lakela",Sumter Co.,Cornaceae,Cornus,null,null,16540,null,null,null,TRUE,1039,null,foemina,Mill.,null,04/05/1961,Withlacoochee Development Project.,null,Longleaf pine [Pinus palustris] forest.,Flower,null,null,null,null,"Drect shrub 10 ft. tall, pith white; flowers white.",null,null,null,null,FALSE,null,-81.8167,28.35
253022,2372,J. M. Kunzer,B.F. Hansen,Polk Co.,Cornaceae,Cornus,null,null,45654,null,null,null,TRUE,1039,null,foemina,Mill.,null,04/15/2008,"Ca. 2.6 km SE of FL 471 bridge over the Withlacoochee River, ca. 5.3 km NNE of the junction of FL 471 and US 98.",null,Hydric hammock.,Flower,null,null,null,null,null,null,null,null,null,FALSE,Colt Creek State Park,-82.03972222,28.29388889
227192,2353,M. T. Strong,,Sumter Co.,Rosaceae,Crataegus,null,null,104506,null,null,null,TRUE,2976,null,michauxii,Pers.,null,05/22/2000,"NW side of FL 44, 1.6 km W of junction with C-475, ca. 9 km ENE of the Withlacoochee River (where FL 44 crosses it), and 9.6 km W of Wildwood.",null,Longleaf pine [Pinus palustris] - turkey oak [Quercus laevis] sandhills.,null,null,null,null,null,null,null,null,null,null,FALSE,null,-82.038974,28.865264
105122,1883,P. Genelle,G. Fleming,Citrus Co.,Rosaceae,Crataegus,null,null,104504,null,null,null,TRUE,2976,null,michauxii,Pers.,null,05/27/1973,Withlacoochee State Forest. Citrus section TR 15.,Sep 2014,"Pinelands, dry sand.",null,null,null,null,null,null,null,null,null,null,FALSE,null,-82.45,28.8667
27735,8032,G. R. Cooley,"A.S. Pease, O. Lakela",Sumter Co.,Cistaceae,Crocanthemum,null,null,98280,null,null,null,TRUE,2072,null,corymbosum,Michx.,Britton,04/06/1961,Withlacoochee Development Project.,Aug 2013,Longleaf pine [Pinus palustris] forest.,Fertile,null,null,null,null,"Flowers yellow; petals ephemeral, obcordate; stamens in sterile flowers less than twenty.",null,null,null,null,FALSE,null,-81.8167,28.35
104744,1770,P. Genelle,G. Fleming,Hernando Co.,Cistaceae,Crocanthemum,null,null,98199,null,null,null,TRUE,2072,null,corymbosum,Michx.,Britton,04/22/1973,"Croom section, forest road to Silver Lake Recreation area.",Aug 2013,"Dry, sandy, partial shade.",Flower,null,null,null,null,null,null,null,null,null,FALSE,Withlacoochee State Forest,-82.227588,28.587772
104802,1798,P. Genelle,G. Fleming,Hernando Co.,Cistaceae,Crocanthemum,null,null,98202,null,null,null,TRUE,2072,null,corymbosum,Michx.,Britton,05/05/1973,null,Aug 2013,"Sandy pinelands, Pinus elliottii.",Flower,null,null,null,null,null,null,null,null,null,FALSE,Withlacoochee State Forest,-81.8167,28.35
104629,1734,P. Genelle,G. Fleming,Citrus Co.,Cistaceae,Crocanthemum,null,null,98209,null,null,null,TRUE,2072,null,corymbosum,Michx.,Britton,04/15/1973,Dames Caves area.,Aug 2013,Partial shade.,Flower,Fruit,null,null,null,null,null,null,null,null,FALSE,Withlacoochee State Forest,-84.6667,30.2333
255140,13512,B. F. Hansen,J. Hansen,Hamilton Co.,Asteraceae,Croptilon,null,null,52934,null,null,null,TRUE,2651,null,divaricatum,Nutt.,Raf.,09/19/2008,"Along C-141 at the E side of the Withlacoochee River bridge, ca. 2 mi. N of Ellaville.  T1S, R11E, Sec. 12, NW¼ of SW¼.",null,Flatwoods roadside.,Flower,null,null,null,null,null,null,null,null,null,FALSE,null,-81.8167,28.35
263884,10899,L. Baltzell,,Citrus Co.,Asteraceae,Croptilon,null,null,79232,null,null,null,TRUE,2651,null,divaricatum,Nutt.,Raf.,09/24/1979,"S of FL 44, 7.3 mi. W of Inverness.",null,null,Flower,null,null,null,null,Many scattered plants; flowers yellow.,null,null,null,null,FALSE,Withlacoochee State Forest,-82.330372,28.835818
225844,18658,S. L. Orzell,E.L. Bridges,Hamilton Co.,Asteraceae,Croptilon,null,null,40249,null,null,null,TRUE,2651,null,divaricatum,Nutt.,Raf.,10/19/1991,"S side of FL 6, ca. 1.6 mi. E of its junction with FL 143 at Blue Springs, ca. 3.1 mi. E of Withlacoochee River and the Madison County line, ca. 16 mi. W of Jasper.  T1N, R11E, Sec. 14, NE¼ of SW¼.",null,Cutover disturbed sandhill woodland.,Flower,null,null,null,null,null,null,80,null,ft,FALSE,null,-83.19388889,30.48555556
204622,263,C. vanHoek,,Sumter Co.,Fabaceae,Crotalaria,null,null,1347,null,null,null,TRUE,1647,null,lanceolata,E. Mey.,null,04/24/1992,"Riverbank, Withlacoochee River, group camping area, Hog Island Recreation Area, Croom Wildlife Management Area; ca. 2 mi. SSE of Nobleton.  T21S, R21E, Sec. 31.",1992,Riverbank.,Flower,Fruit,null,null,null,null,null,null,null,null,FALSE,Withlacoochee State Forest,-82.25,28.6333
203825,237,C. vanHoek,S. Petty,Hernando Co.,Fabaceae,Crotalaria,null,null,1399,null,null,null,TRUE,1635,null,ochroleuca,G. Don,null,11/02/1991,"Area C, Headquarters Tract; right side of US 41N, ca. 3 mi. N of FL 476, ca. 10 mi. N of Brooksville.  T21S, R20E, Sec. 17.",1992,Sandhills.,Flower,Immature Fruit,null,null,null,null,null,null,null,null,FALSE,Withlacoochee State Forest,-82.387871,28.555272
298490,548,C. F. Caudle,"M.L. Gilbert, M.S. Tisdale",Polk Co.,Fabaceae,Crotalaria,null,null,208426,null,null,null,TRUE,3328,null,rotundifolia,J. F. Gmel.,null,06/19/1962,Withlacoochee River.,2018,Woods.,Flower,null,null,null,null,null,null,null,null,null,FALSE,null,-81.8167,28.35
298492,1247,C. F. Caudle,"M.L. Gilbert, M.S. Tisdale",Polk Co.,Fabaceae,Crotalaria,null,null,208429,null,null,null,TRUE,3328,null,rotundifolia,J. F. Gmel.,null,05/25/1963,"2-R Ranch, Withlacoochee River.",2018,null,Flower,Fruit,null,null,null,null,null,null,null,null,FALSE,null,-81.8167,28.35
27736,8031,G. R. Cooley,"A.S. Pease, O. Lakela",Sumter Co.,Fabaceae,Crotalaria,null,null,1590,null,null,null,TRUE,3328,null,rotundifolia,J. F. Gmel.,null,04/06/1961,Withlacoochee Development Project.,null,In longleaf pine forest.,Flower,Fruit,null,null,null,Corolla yellow.,Scattered,null,null,null,FALSE,null,-81.8167,28.35
227302,2541,M. T. Strong,,Hernando Co.,Fabaceae,Crotalaria,null,null,1691,null,null,null,TRUE,3328,null,rotundifolia,J. F. Gmel.,null,08/29/2000,"Just N and S of sand road W of FL 471 and fish hatchery, just N of Hernando and Polk County line; 8 km S of Tarrytown, and 9-11 km NE of Lacoochee.",2000,Cut-over border of pine flatwoods.,Flower,null,null,null,null,null,null,null,null,null,FALSE,Withlacoochee State Forest,-82.45,28.5333
172102,148,N. L. Mawhinney,,Citrus Co.,Fabaceae,Crotalaria,null,null,1622,null,null,null,TRUE,3328,null,rotundifolia,J. F. Gmel.,null,05/18/1983,McGregor-Smith Scout Reserve. FL 44 and Withlacoochee River.,null,null,Flower,Fruit,null,null,null,null,null,null,null,null,FALSE,Inverness,-82.330372,28.835818
55432,26049,O. K. Lakela,"R.Lassiter, J.A. Lassiter",Citrus Co.,Fabaceae,Crotalaria,null,null,1742,null,null,null,TRUE,3328,null,rotundifolia,J. F. Gmel.,null,05/06/1963,"Withlacoochee River, E of Pineola.",null,Limestone formations; remnants of ancient fern grottoes and associations of notably large trees; in grassy margins.,Flower,null,null,null,null,null,Few plants.,null,null,null,FALSE,null,-82.272868,28.688879
104838,1834 R1,P. Genelle,G. Fleming,Sumter Co.,Fabaceae,Crotalaria,null,null,1753,null,null,null,TRUE,3328,null,rotundifolia,J. F. Gmel.,null,05/06/1973,"Richloam section, River Road.",null,"Miost pinelands, open sun.",Flower,Fruit,null,null,null,null,null,null,null,null,FALSE,Withlacoochee State Forest,-81.8167,28.35
226266,19741,S. L. Orzell,E.L. Bridges,Citrus Co.,Fabaceae,Crotalaria,null,null,1716,null,null,null,TRUE,3328,null,rotundifolia,J. F. Gmel.,null,06/29/1992,"Just E of section line road., ca. 1.4 mi. S of Fivemile Pond, ca. 3.5 air mi. S of FL 44, ca. 10 air mi. E of Homosassa Springs.  T19S, R19E, Sec. 27, SW¼.",1992,Mature burned longleaf pine [Pinus palustris]sandhill savanna.  Soils: Lakeland (Typic Quartzipsamments),Flower,Immature Fruit,null,null,null,null,null,100,130,ft,FALSE,Withlacoochee State Forest,-82.4025,28.80472222
226349,19740,S. L. Orzell,E.L. Bridges,Citrus Co.,Fabaceae,Crotalaria,null,null,1680,null,null,null,TRUE,3328,null,rotundifolia,J. F. Gmel.,null,06/29/1992,"Just E of section line road, ca. 1.4 mi. S of Fivemile Pond, ca. 3.5 air mi. S of FL 44, ca. 10 air mi. E of Homosassa Springs.  T19S, R19E, Sec. 27, SW¼.",1992,Mature burned longleaf pine [Pinus palustris] sandhill savanna.  Soils: Lakeland (Typic Quartzipsamments).,Flower,null,null,null,null,null,null,100,130,ft,FALSE,Withlacoochee State Forest,-82.4025,28.80472222
227309,2500,M. T. Strong,,Sumter Co.,Euphorbiaceae,Croton,null,null,57061,null,null,null,TRUE,2097,null,argyranthemus,Michx.,null,08/28/2000,"NW side of FL 44, 1.6 km W of junction with FL 475, ca. 9 km ENE of the Withlacoochee River (where FL 44 crosses it), and 9.6 km W of Wildwood.",null,Longleaf pine [Pinus palustris] - turkey oak [Quercus laevis] sandhills.,Flower,Immature Fruit,null,null,null,null,null,null,null,null,FALSE,null,-82.038974,28.865264
227197,2343,M. T. Strong,,Sumter Co.,Euphorbiaceae,Croton,null,null,57040,null,null,null,TRUE,2097,null,argyranthemus,Michx.,null,"May 22-23, 2000","NW side of FL 44, 1.6 km W of the junction with C-475, ca. 9 km ENE of the Withlacoochee River (where FL 44 crosses it), and 9.6 km W of Wildwood.",null,Longleaf pine [Pinus palustris]-turkey oak [Quercus laevis] sandhill.,Bud,Flower,Immature Fruit,Fruit,null,null,null,null,null,null,FALSE,null,-82.038974,28.865264
105112,1874,P. Genelle,G. Fleming,Citrus Co.,Euphorbiaceae,Croton,null,null,57139,null,null,null,TRUE,2097,null,argyranthemus,Michx.,null,05/27/1973,"Citrus [County?] section. T20S, R20E.",null,"Sand, pine and oak, open sun.",Bud,Flower,Immature Fruit,null,null,null,null,null,null,null,FALSE,Withlacoochee State Forest,-82.45,28.8667
227757,19744,S. L. Orzell,E.L. Bridges,Citrus Co.,Euphorbiaceae,Croton,null,null,57058,null,null,null,TRUE,2097,null,argyranthemus,Michx.,null,06/29/1992,"Just E of section line road, ca. 1.4 mi. S of Fivemile Pond, ca. 3.5 air mi. S of FL 44, ca. 10 air mi. E of Homosassa Springs. T19S, R19E, Sec. 27, SW¼.",null,Mature burned longleaf pine [Pinus palustris] sandhill savanna. Soils - Lakeland (Typic Quartzipsamments).,Fertile,null,null,null,null,null,null,100,130,ft,FALSE,Withlacoochee State Forest,-82.4025,28.80472222
227769,20050,S. L. Orzell,E.L. Bridges,Hamilton Co.,Euphorbiaceae,Croton,null,null,57136,null,null,null,TRUE,2097,null,argyranthemus,Michx.,null,07/07/1992,"Blue Springs; ca. 0.8 mi. N of FL 6 at a point ca. 0.5 mi. E of jct. FL 143 at Blue Springs, ca. 2 mi. E of Withlacoochee River, ca. 7 air mi. SSW of Jennings. T1N, R11E, Sec 10 (& Sec's 11, 14, 15) SW¼.",null,Typic dry upland burned longleaf pine [Pinus palustris] savanna.,Bud,Flower,Immature Fruit,Fruit,null,null,null,80,90,ft,FALSE,null,-83.2125,30.49722222
227215,2499,M. T. Strong,,Sumter Co.,Euphorbiaceae,Croton,null,null,57631,null,null,null,TRUE,3217,null,michauxii,G. L. Webster,null,08/28/2000,"NW side of FL 44, 1.6 km W of junction with FL 475, ca. 9 km ENE of the Withlacoochee River (where FL 44 crosses it), and 9.6 km W of Wildwood.",null,Longleaf pine [Pinus palustris] - turkey oak [Quercus laevis] sandhills.,Fertile,null,null,null,null,null,null,null,null,null,FALSE,null,-82.038974,28.865264
120714,2125,P. Genelle,G. Fleming,Pasco Co.,Euphorbiaceae,Croton,null,null,57623,null,null,null,TRUE,3217,null,michauxii,G. L. Webster,null,06/14/1975,null,1993,"Rich loam section; roadside, open sun.",Fertile,null,null,null,null,null,null,null,null,null,FALSE,Withlacoochee State Forest,-82.172029,28.465832
120348,2186,P. Genelle,G. Fleming,Pasco Co.,Fabaceae,Ctenodon,null,null,212,null,null,null,TRUE,2304,null,viscidulus,Michx.,D.B.O.S.Cardoso et al.,08/09/1975,"Clay Sink Road, abandoned railroad bed.",Jul 2021,"Abandoned railroad bed, soil dry.",Flower,Fruit,null,null,null,null,null,null,null,null,FALSE,Withlacoochee State Forest,-82.172029,28.465832
226190,19724,S. L. Orzell,E.L. Bridges,Citrus Co.,Fabaceae,Ctenodon,null,null,215,null,null,null,TRUE,2304,null,viscidulus,Michx.,D.B.O.S.Cardoso et al.,06/29/1992,"Just E of section line road, ca. 1.4 mi. S of Fivemile Pond, ca. 3.5 air mi. S of FL 44, ca. 10 air mi. E of Homosassa Springs. Lecanto 7.5' Quad.  T19S, R19E, Sec. 27, SW¼.",Jul 2021,Mature burned longleaf pine [Pinus palustris] sandhill savanna.  Soils: Lakeland (Typic Quartzipsamments).,Flower,Fruit,null,null,null,null,null,100,130,ft,FALSE,Withlacoochee State Forest,-82.4025,28.80472222
253021,2373,J. M. Kunzer,B.F. Hansen,Polk Co.,Lythraceae,Cuphea,null,null,85312,null,null,null,TRUE,1368,null,carthagenensis,Jacq.,J. F. Macbr.,04/15/2008,"Ca. 2.6 km SE of FL 471 bridge over the Withlacoochee River, ca. 5.3 km NNE of junction FL 471 and US 98.",null,Pasture edge adjacent to hydric hammock.,Fertile,null,null,null,null,null,null,null,null,null,FALSE,Colt Creek State Park,-82.03972222,28.29388889
253060,2493,J. M. Kunzer,"J. Stout, A.R. Franck",Polk Co.,Lythraceae,Cuphea,null,null,85313,null,null,null,TRUE,1368,null,carthagenensis,Jacq.,J. F. Macbr.,09/03/2008,"Ca. 2.6 km SE of FL 471 bridge over the Withlacoochee River, ca. 5 km NNE of junction FL 471 and US 98.",null,"Wet, ruderal area.",Fertile,null,null,null,null,null,null,null,null,null,FALSE,Colt Creek State Park,-82.04472222,28.29333333
208231,373,C. vanHoek,S. Petty,Hernando Co.,Convolvulaceae,Cuscuta,null,null,60183,null,null,null,TRUE,759,null,indecora,Choisy,null,09/10/1993,"Wildlife Management Area; 1st closed road E of Forest Service Road 13, ca. 0.5 mi. N of Forest Service Road 26. T21S, R19E, Sec. 5, SE¼ of SW¼ of SE¼.",1995,Around low herbs [Croton glandulosus] in moist woods.,Flower,null,null,null,null,Twining.,null,null,null,null,FALSE,Withlacoochee State Forest,-81.8167,28.35
246526,2359,J. M. Kunzer,B.F. Hansen,Polk Co.,Apiaceae,Cyclospermum,null,null,28821,null,null,null,TRUE,1911,null,leptophyllum,Pers.,Sprague ex Britton & P. Wilson,04/15/2008,"Ca. 2.6 km SE of FL 471 bridge over the Withlacoochee River, ca. 5.3 km NNE of the junction of FL 471 and US 98.",null,Pasture edge adjacent to hydric hammock.,Flower,Fruit,null,null,null,null,null,null,null,null,FALSE,Colt Creek State Park,-82.03972222,28.29388889
55407,25923,O. K. Lakela,"R. Lassiter, J.A. Lassiter",Citrus Co.,Apiaceae,Cyclospermum,null,null,27439,null,null,null,TRUE,1911,null,leptophyllum,Pers.,Sprague ex Britton & P. Wilson,05/06/1963,"Withlacoochee River, E of Pineola.",1994,Limestone formations. Remnants of ancient fern grottoes and associations of notably large trees.,Flower,Immature Fruit,null,null,null,Infrequent.,null,null,null,null,FALSE,null,-82.272868,28.688879
27785,8071,G. R. Cooley,"A.S. Pease, O. Lakela",Sumter Co.,Poaceae,Cynodon,null,null,16329,null,null,null,TRUE,1640,null,dactylon,L.,Pers.,04/07/1961,Withlacoochee Experimental Project.,29-Jan-1992,Along roads in open pine forest.,Fertile,null,null,null,null,null,Common,null,null,null,FALSE,null,-81.8167,28.35
252956,2321,J. M. Kunzer,"A. Bard, S. Spaulding",Polk Co.,Cyperaceae,Cyperus,null,null,76892,null,null,null,TRUE,21,null,brevifolius,Rottb.,Endl. ex Hassk.,04/03/2008,"Ca. 4.8 km SE of FL 471 bridge over the Withlacoochee River, ca. 3.2 km NNE of junction FL 471 and US 98.",15-Oct-2017,Pasture.,Fertile,null,null,null,null,null,null,null,null,null,FALSE,Colt Creek State Park,-82.0425,28.26777778
242221,3541,M. T. Strong,,Sumter Co.,Cyperaceae,Cyperus,null,null,72467,null,null,null,TRUE,3536,null,compressus,L.,null,08/10/2005,"Bushnell, ca. 9.7 km SW of Bushnell, bordering Withlacoochee State Forest.",null,Cemetery grounds.,Fertile,null,null,null,null,null,null,null,null,null,FALSE,Florida National Cemetery,-82.112863,28.664992
298821,1603,C. F. Caudle,"M.L. Gilbert, M.S. Tisdale",Pasco Co.,Cyperaceae,Cyperus,null,null,235332,null,null,null,TRUE,829,null,croceus,Vahl,null,08/07/1962,Withlacoochee Road.,2018,null,Bud,null,null,null,null,null,null,null,null,null,FALSE,null,-82.172029,28.465832
161064,370,G. Robinson,,Sumter Co.,Cyperaceae,Cyperus,null,null,72559,null,null,null,TRUE,829,null,croceus,Vahl,null,09/29/1981,"Along the Little Withlacoochee River, ca. 5 mi. SE of Tarrytown. T23S, R23E, Sec. 9, NW¼.",03 Sep 2004,Cypress [Taxodium] slough.,Fertile,null,null,null,null,null,null,null,null,null,FALSE,null,-82.05,28.55
227211,2514,M. T. Strong,,Hernando Co.,Cyperaceae,Cyperus,null,null,72556,null,null,null,TRUE,829,null,croceus,Vahl,null,08/29/2000,"Just N and S of sand road W of FL 471 and fish hatchery, just N of Polk Co. line, 8 km S of Tarrytown, and 9–11 km NE of Lacoochee.",null,Pine flatwoods.,Fertile,null,null,null,null,null,null,null,null,null,FALSE,Withlacoochee State Forest,-81.8167,28.35
246044,3664,M. T. Strong,,Sumter Co.,Cyperaceae,Cyperus,null,null,72561,null,null,null,TRUE,829,null,croceus,Vahl,null,08/27/2006,"Bushnell, ca. 9.7 km (by air) SW of Bushnell, bordering Withlacoochee State Forest.",Aug 2008,Edge of hammock on cemetery grounds.,Fertile,null,null,null,null,null,null,null,null,null,FALSE,Florida National Cemetery,-82.112863,28.664992
245334,19738,S. L. Orzell,E.L. Bridges,Citrus Co.,Cyperaceae,Cyperus,null,null,72902,null,null,null,TRUE,527,null,filiculmis,Vahl,null,06/29/1992,"Just E of section line road, ca. 1.4 mi. W of Fivemile Pond, ca. 3.5 air mi. S of FL 44, ca. 10 air mi. E of Homosassa Springs. T19S, R19E, Sec. 27, SW¼.",null,Mature burned longleaf pine [Pinus palustris] sandhill. Soils - Lakeland (Typic Quartzipsamments).,Fertile,null,null,null,null,null,null,100,130,ft,FALSE,Withlacoochee State Forest,-82.4025,28.80472222
223949,19738,S. L. Orzell,E.L. Bridges,Citrus Co.,Cyperaceae,Cyperus,null,null,72979,null,null,null,TRUE,527,null,filiculmis,Vahl,null,06/29/1992,"Just E of section line road, ca. 1.4 mi. S of Fivemile POnd, ca. 3.5 air mi. S of FL 44, ca. 10 air mi. E of Homosassa Springs. T19S, R19E, Sec. 27, SW¼.",null,Mature burned longleaf pine [Pinus palustris] sandhill savanna. Soils - Lakeland (Typic Quartzipsamments).,Fertile,null,null,null,null,null,null,100,130,ft,FALSE,Withlacoochee State Forest,-82.4025,28.80472222
223768,20057,S. L. Orzell,E.L. Bridges,Hamilton Co.,Cyperaceae,Cyperus,null,null,72983,null,null,null,TRUE,527,null,filiculmis,Vahl,null,07/07/1992,"Ca. 0.8 mi. N of FL 6 at a point ca. 0.5 mi. E of junction FL 143 at Blue Springs, ca. 2 mi. E of Withlacoochee River, ca. 7 air mi. SSW of Jennings; Blue Springs Longleaf. T1N, R11E, Sec. 10, SW¼.",null,Typic dry upland burned longleaf pine [Pinus palustris] savanna.,Fertile,null,null,null,null,null,null,80,90,ft,FALSE,null,-83.2125,30.49722222
162074,450,G. Robinson,,Sumter Co.,Cyperaceae,Cyperus,null,null,73003,null,null,null,TRUE,2747,null,haspan,L.,null,11/12/1981,"Along Withlacoochee River, ca. 2.75 mi. SE of Cumpressco. T25S, R23E, Sec. 9, SW¼.",null,Low hardwood forest.,Fertile,null,null,null,null,null,null,null,null,null,FALSE,null,-82.0333,28.35
253172,2576,J. M. Kunzer,"G. Dauphin, C. Eckert",Polk Co.,Cyperaceae,Cyperus,null,null,77068,null,null,null,TRUE,475,null,metzii,Hochst. ex Steud.,Mattf. & Kük.,09/26/2008,"Ca. 4.5 km SSE of FL 471 bridge over the Withlacoochee River, ca. 3.9 km NNE of junction FL 471 and US 98.",15-Oct-2017,Disturbed mesic hammock.,Fertile,null,null,null,null,null,null,null,null,null,FALSE,Colt Creek State Park,-82.03166667,28.27583333
204618,274,C. vanHoek,,Sumter Co.,Cyperaceae,Cyperus,null,null,73705,null,null,null,TRUE,2790,null,odoratus,L.,null,05/29/1992,"Along the N slough; Croom portion of Withlacoochee Wildlife Management Area. T21S, R21E, Sec. 31.",null,Marshy depressions.,Fertile,null,null,null,null,null,null,null,null,null,FALSE,Hog Island Recreation Area,-82.2167,28.5833
303794,496,C. F. Caudle,"M. L. Gilbert, M. S. Tisdale",Pasco Co.,Cyperaceae,Cyperus,null,null,249011,null,null,null,TRUE,2372,null,ovatus,Baldwin,null,06/19/1962,Withlacoochee River.,2018,Woods.,Fertile,null,null,null,null,null,null,null,null,null,FALSE,null,null,null
262252,6977,G. R. Cooley,"R.J. Eaton, D.B. Ward",Levy Co.,Cyperaceae,Cyperus,null,null,73954,null,null,null,TRUE,2372,null,ovatus,Baldwin,null,09/16/1959,"Yankeetown, near Withlacoochee River.",1990,Wet pinelands.,Fertile,null,null,null,null,null,null,null,null,null,FALSE,null,-82.823055,29.031521
306284,7312,M. L. Gilbert,,Sumter Co.,Cyperaceae,Cyperus,null,null,253243,null,null,null,TRUE,2372,null,ovatus,Baldwin,null,09/07/1968,Withlacoochee River.,2018,null,Fertile,null,null,null,null,null,null,null,null,null,FALSE,null,null,null
227245,2535,M. T. Strong,,Hernando Co.,Cyperaceae,Cyperus,null,null,73903,null,null,null,TRUE,2372,null,ovatus,Baldwin,null,08/29/2000,"Just N and S of sand road W of SR 471 and fish hatchery, just N of Hernando and Polk county line, 8 km S of Tarrytown, and 9 - 11 km NE of Lacoochee.",29-Mar-2012,Cut-over border of pine flatwoods.,Fertile,null,null,null,null,null,null,null,null,null,FALSE,Withlacoochee State Forest,-82.45,28.5333
227205,2497,M. T. Strong,,Sumter Co.,Cyperaceae,Cyperus,null,null,73906,null,null,null,TRUE,2372,null,ovatus,Baldwin,null,08/28/2000,"NW side of FL 44, 1.6 km W of junction with FL 475, ca. 9 km ENE of the Withlacoochee River (where FL 44 crosses it), and 9.6 km W of Wildwood.",29-Mar-2012,Longleaf pine [Pinus palustris] - turkey oak [Quercus leavis] sandhills.,Fertile,null,null,null,null,null,null,null,null,null,FALSE,null,-82.038974,28.865264
19654,6990,G. R. Cooley,"R.J. Eaton, D.B. Ward",Levy Co.,Cyperaceae,Cyperus,null,null,74010,null,null,null,TRUE,859,null,planifolius,Rich.,null,09/16/1959,Island in the Gulf of Mexico off the mouth of the Withlacoochee River.,Oct 1975,null,Fertile,null,null,null,null,null,null,null,null,null,FALSE,null,-84.6667,30.2333
253119,2610,J. M. Kunzer,G. Dauphin,Polk Co.,Cyperaceae,Cyperus,null,null,77116,null,null,null,TRUE,520,null,sesquiflorus,Torr.,Mattf. & Kük.,09/26/2008,"Ca. 1 km SSE of FL 471 bridge over the Withlacoochee River, ca. 6.3 km NNE of junction FL 471 and US 98.",15-Oct-2017,Wet flatwoods with limestone substrate.,Fertile,null,null,null,null,null,null,null,null,null,FALSE,Colt Creek State Park,-82.05083333,28.3025
15943,6953,G. R. Cooley,"R.J. Eaton, D.B. Ward",Levy Co.,Cyperaceae,Cyperus,null,null,74925,null,null,null,TRUE,2610,null,tetragonus,Elliott,null,09/16/1959,Second island off the mouth of the Withlacoochee River.,null,Shell conglomerate and sand.,Fertile,null,null,null,null,null,null,null,null,null,FALSE,null,-81.8167,28.35
242452,3544,M. T. Strong,,Sumter Co.,Cyperaceae,Cyperus,null,null,74924,null,null,null,TRUE,2610,null,tetragonus,Elliott,null,08/10/2005,"Bushnell, ca. 9.7 km SW of Bushnell, bordering Withlacoochee State Forest.",null,Cemetery grounds.,Fertile,null,null,null,null,null,null,null,null,null,FALSE,Florida National Cemetery,-82.112863,28.664992
300858,s.n.,E. Williamson,,Summers Co.,Cyrillaceae,Cyrilla,null,null,238349,null,null,null,TRUE,2107,null,racemiflora,L.,null,05/28/2020,Richloam Tract.,null,"Wet flatwoods; with Salix caroliniana, Acer rubrum, Pinus elliottii, Panicum repens, and Ludwigia spp.",Flower,null,null,null,null,null,null,null,null,null,FALSE,Withlacoochee State Forest,-81.96861111,28.45777778
253069,2514,J. M. Kunzer,"A. Bard, J. Stout, A. Franck",Polk Co.,Fabaceae,Dalea,null,null,45646,carnea,null,null,TRUE,635,var.,carnea,Michx.,Poir.,09/03/2008,"Ca. 2.15 km SE of FL 471 bridge over the Withlacoochee River, ca. 6.5 km NNE of the junction of FL 471 and US 98.",null,Recently burned (ca. mid-Mar 2008) flatwoods.,Fertile,null,null,null,null,null,null,null,null,null,FALSE,Colt Creek State Park,-82.03694444,28.30472222
227248,2519,M. T. Strong,,Hernando Co.,Fabaceae,Dalea,null,null,1970,carnea,null,null,TRUE,635,var.,carnea,Michx.,Poir.,08/29/2000,"Just N and S of sand road W of FL 471 and fish hatchery, just N of Hernando and Polk County line, 8 km S of Tarrytown, and 9-11 km NE of Lacoochee.",2000,Pine flatwoods.,Flower,Immature Fruit,null,null,null,null,null,null,null,null,FALSE,Withlacoochee State Forest,-82.45,28.5333
232026,2775,M. T. Strong,,Citrus Co.,Fabaceae,Dalea,null,null,1977,carnea,null,null,TRUE,635,var.,carnea,Michx.,Poir.,08/26/2001,"0.2-0.6 km S of FL 480, 2.5 km E of FL 491, 13 km SW of Jumeau and 10 km NE of Bailey Hill.",2001,Along sand road in longleaf pine [Pinus palustris] sandhills.,Flower,null,null,null,null,Petals pink.,null,null,null,null,FALSE,Withlacoochee State Forest,-82.3,28.7167
210831,393,C. vanHoek,S. Petty,Citrus Co.,Fabaceae,Dalea,null,null,2022,null,null,null,TRUE,2534,null,feayi,Chapm.,Barneby,06/28/1994,"Withlacoochee State Forest, Citrus WMA [Wildlife Management Area], ca. 0.5 mi. S of FL 44 on E side of Forest Service Road 15.  T19S, R19E, Sec. 6.",1994,"Dry, sandy area at edge of sand pine [Pinus clausa] scrub.",Flower,Immature Fruit,null,null,null,null,null,null,null,null,FALSE,Inverness,-82.330372,28.835818
228326,527A,J. H. Scudder,,Berrien Co.,Dryopteridaceae,Deparia,null,null,114502,null,null,null,TRUE,1363,null,petersenii,Kunze,M. Kato,10/17/1981,1 mi. W of Nashville under a bridge over a slough adjacent to Withlacoochee River.,null,null,null,null,null,null,null,null,null,null,null,null,FALSE,null,null,null
247496,2559,J. M. Kunzer,"G. Dauphin, C. Eckert",Polk Co.,Fabaceae,Desmodium,null,null,30829,null,null,null,TRUE,3743,null,ciliare,Muhl. ex Willd.,DC.,09/26/2008,"Ca. 2.5 km SSE of the FL 471 bridge over the Withlacoochee River, ca. 5.1 km NNE of the junction of FL 471 and US 98.",null,Mesic flatwoods.,Flower,Immature Fruit,null,null,null,null,null,null,null,null,FALSE,Colt Creek State Park,-82.04361111,28.29388889
105123,1884,P. Genelle,G. Fleming,Citrus Co.,Fabaceae,Desmodium,null,null,2144,null,null,null,TRUE,2448,null,floridanum,Chapm.,null,05/27/1973,Citrus section; TR 15.,1983,"Pinelands, sandy, dry.",Flower,Fruit,null,null,null,null,null,null,null,null,FALSE,Withlacoochee State Forest,-82.45,28.8667
288228,920,C. F. Caudle,"M.L. Gilbert, M.S. Tisdale, et al.",Pasco Co.,Fabaceae,Desmodium,null,null,142059,null,null,null,TRUE,3587,null,incanum,Sw.,DC.,06/29/1962,"Withlacoochee River, Rockridge Road.",21 Oct 2016,null,null,null,null,null,null,null,null,null,null,null,FALSE,null,-82.172029,28.465832
161041,349,G. Robinson,,Sumter Co.,Fabaceae,Desmodium,null,null,2206,null,null,null,TRUE,3587,null,incanum,DC.,null,09/29/1981,"Along the Little Withlacoochee River, ca. 5 mi. SE of Tarrytown.  T23S, R23E, Sec. 9, NW¼.",null,Cypress [ Taxodium] slough.,Flower,Immature Fruit,null,null,null,null,null,null,null,null,FALSE,null,-82.05,28.55
105120,1881,P. Genelle,G. Fleming,Citrus Co.,Fabaceae,Desmodium,null,null,2195,null,null,null,TRUE,3587,null,incanum,DC.,null,05/27/1973,Citrus section; TR 15.,1991,"Pinelands, sandy, dry.",Flower,Fruit,null,null,null,null,null,null,null,null,FALSE,Withlacoochee State Forest,-82.45,28.8667
194143,s.n.,S. Brenner,,Citrus Co.,Fabaceae,Desmodium,null,null,2230,null,null,null,TRUE,2047,null,lineatum,DC.,null,09/26/1987,Citrus Section; SW of intersection of the TR 13 & TR 18.,null,null,Flower,null,null,null,null,null,null,null,null,null,FALSE,Withlacoochee State Forest,-82.45,28.8667
192765,s.n.,S. Brenner,,Citrus Co.,Fabaceae,Desmodium,null,null,2231,null,null,null,TRUE,2047,null,lineatum,DC.,null,09/26/1987,Citrus Section; SW of intersection of the TR 13 & TR 18.,null,null,Flower,Immature Fruit,null,null,null,null,null,null,null,null,FALSE,Withlacoochee State Forest,-82.45,28.8667
203824,238,C. vanHoek,S. Petty,Hernando Co.,Fabaceae,Desmodium,null,null,2232,null,null,null,TRUE,3745,null,marilandicum,L.,DC.,10/28/1991,"Headquarters Tract C, E side of US 41 N, ca. 1 mi. S of Citrus County line, ca. 11 mi. N of Brooksville.  T21S, R20E, Sec. 17.",1991,"Open, dry woods.",Flower,Fruit,null,null,null,null,null,null,null,null,FALSE,Withlacoochee State Forest,-82.387871,28.555272
247497,2558,J. M. Kunzer,"G. Dauphin, C. Eckert",Polk Co.,Fabaceae,Desmodium,null,null,30830,null,null,null,TRUE,3745,null,marilandicum,L.,DC.,09/26/2008,"Ca. 2.5 km SSE of the FL 471 bridge over the Withlacoochee River, ca. 5.1 km NNE of the junction of FL 471 and US 98.",null,Mesic flatwoods.,Immature Fruit,null,null,null,null,Plant erect.,null,null,null,null,FALSE,Colt Creek State Park,-82.04361111,28.29388889
161036,350,G. Robinson,,Sumter Co.,Fabaceae,Desmodium,null,null,2277,null,null,null,TRUE,3396,null,paniculatum,L.,DC.,09/29/1981,"Along the Little Withlacoochee River, ca. 5 mi. SE of Tarrytown.  T23S, R23E, Sec. 9, NW¼.",1983,Cypress [ Taxodium] slough.,Flower,Fruit,null,null,null,null,null,null,null,null,FALSE,null,-82.05,28.55
247511,2519,J. M. Kunzer,"G. Dauphin, C. Eckert",Polk Co.,Fabaceae,Desmodium,null,null,30832,null,null,null,TRUE,3396,null,paniculatum,L.,DC.,09/26/2008,"Ca. 2.5 km SSE of the FL 471 bridge over the Withlacoochee River, ca. 5.1 km NNE of the junction of FL 471 and US 98.",20 Jan 2009,Mesic flatwoods.,Fruit,null,null,null,null,null,null,null,null,null,FALSE,Colt Creek State Park,-82.04444444,28.29388889
56007,26451,O. K. Lakela,,Sumter Co.,Fabaceae,Desmodium,null,null,2251,null,null,null,TRUE,3396,null,paniculatum,L.,DC.,09/21/1963,Indian Field Ledges W of Withlacoochee River off FL 48.,1983,"Hammock of flat limestone outcrops with overhead of magnificent oak association; moist trailside in hammock, ferns frequent in understory.",Flower,Fruit,null,null,null,null,null,null,null,null,FALSE,null,-81.8167,28.35
150746,s.n.,T. F. Rochow,,Sumter Co.,Fabaceae,Desmodium,null,null,2265,null,null,null,TRUE,3396,null,paniculatum,L.,DC.,09/09/1980,Near Little Withlacoochee River.,1983,Roadside.,Flower,Immature Fruit,null,null,null,null,null,null,null,null,FALSE,Green Swamp,-81.8167,28.35
274841,18657,S. L. Orzell,E.L. Bridges,Hamilton Co.,Lamiaceae,Dicerandra,null,null,103439,null,null,null,TRUE,12,null,densiflora,Benth.,null,10/19/1991,"S side of FL 6, ca. 1.6 mi. E of its junction with FL 143 at Blue Springs, ca. 3.1 mi. E of the Withlacoochee RIver and the Madison County line, ca. 16 mi. W of Jasper.  T1N, R11E, Sec. 14, NE¼ of SW¼.",Aug 2014,Cutover disturbed sandhill woodland.,Flower,Fruit,null,null,null,null,null,80,null,ft,FALSE,null,-83.19388889,30.48555556
239760,768,J. M. Kunzer,C. Werner,Citrus Co.,Lamiaceae,Dicerandra,null,null,58151,robustior,Huck,null,TRUE,2507,var.,linearifolia,Elliott,Benth.,11/19/2004,"Citrus Tract, ca. 4 mi. NNW of Catawba. T20S, R19E, Sec. 15, SE¼.",18-Oct-2005,Disturbed sandhill.,Flower,null,null,null,null,null,null,null,null,null,FALSE,Withlacoochee State Forest,-82.39,28.73916667
275443,18657,S. L. Orzell,E.L. Bridges,Hamilton Co.,Lamiaceae,Dicerandra,null,null,104893,robustior,Huck,null,TRUE,2507,var.,linearifolia,Elliott,Benth.,10/19/1991,"S side of FL 6, ca. 1.6 mi. E of its junction with FL 143 at Blue Springs, ca. 3.1 mi.  E of the Withlacoochee River and the Madison County line, ca. 16 mi. W of Jasper.  T1N, R11E, Sec. 14, NE¼ of SW¼.",null,Cutover disturbed sandhill woodland.,Flower,null,null,null,null,null,null,80,null,ft,FALSE,null,-83.19388889,30.48555556
241878,13079,B. F. Hansen,,Sumter Co.,Poaceae,Dichanthelium,null,null,52244,null,null,null,TRUE,2100,null,aciculare,Desv. ex Poir.,Gould & C. A. Clark,11/09/2005,"ca. 1.5 mi. N of Croom.  T22S, R21E, Sec. 5, NE¼.",null,Sandhill.,Fertile,null,null,null,null,null,null,null,null,null,FALSE,Withlacoochee State Forest,-82.2167,28.5833
228046,19732,S. L. Orzell,E.L. Bridges,Citrus Co.,Poaceae,Dichanthelium,null,null,52196,null,null,null,TRUE,2100,null,aciculare,Desv. ex Poir.,Gould & C. A. Clark,06/29/1992,"Just E of section line road, ca. 1.4 mi. S of Fivemile Pond, ca. 3.5 air mi. S of FL 44, ca. 10 air mi. E of Homosassa Springs.  T19S, R19E, Sec. 27, SW¼.",null,Mature burned longleaf pine [Pinus palustris] sandhill.  Soils - Lakeland (Typic Quartzipsamments).,Fertile,null,null,null,null,null,null,100,130,ft,FALSE,Withlacoochee State Forest,-82.4025,28.80472222
245616,13231,B. F. Hansen,J. Hansen,Hamilton Co.,Poaceae,Dichanthelium,null,null,52620,acuminatum,null,null,TRUE,2840,var.,acuminatum,Sw.,Gould & C. A. Clark,06/13/2008,"Along the N side of FL 6, 0.25 mi. E of the Withlacoochee River bridge, ca. 1.5 mi. W of Blue Springs. T1N, R11E, Sec. 17, SW¼.",null,Mixed deciduous forest and weedy edges.,Fertile,null,null,null,null,null,null,null,null,null,FALSE,null,-81.8167,28.35
255171,13230,B. F. Hansen,J. Hansen,Hamilton Co.,Poaceae,Dichanthelium,null,null,53087,null,null,null,TRUE,3701,null,commutatum,Schult.,Gould,06/13/2008,"Along N side of FL 6, 0.25 mi. E of the Withlacoochee River bridge, ca. 1.5 mi. W of Blue Springs. T1N, R11E, Sec. 17, SW¼.",null,Mixed deciduous forest and weedy edges.,Fertile,null,null,null,null,null,null,null,null,null,FALSE,null,-81.8167,28.35
29335,8026,G. R. Cooley,"A.S. Pease, O.K. Lakela",Sumter Co.,Poaceae,Dichanthelium,null,null,53109,null,null,null,TRUE,3701,null,commutatum,Schult.,Gould,04/05/1961,Withlacoochee Development Project.,1981,In a longleaf pine [Pinus palustris] forest.,Fertile,null,null,null,null,null,null,null,null,null,FALSE,null,-81.8167,28.35
29336,8024,G. R. Cooley,"A.S. Pease, O.K. Lakela",Sumter Co.,Poaceae,Dichanthelium,null,null,53110,null,null,null,TRUE,3701,null,commutatum,Schult.,Gould,04/05/1961,Withlacoochee Development Project.,1981,In a longleaf pine [Pinus palustris] forest.,Fertile,null,null,null,null,Immature fruits; spikelets are barely 2.5 mm long; shape best for patentifolium as labeled. O. Lakela 1972.,null,null,null,null,FALSE,null,-81.8167,28.35
43136,8206,G. R. Cooley,"R.J. Eaton, Esq. et al.",Hernando Co.,Poaceae,Dichanthelium,null,null,53094,null,null,null,TRUE,3701,null,commutatum,Schult.,Gould,05/01/1961,"SW of Withlacoochee, FL 50. T23S, R22E, Sec. 4.",1981,"Magnolia-live oak [Quercus virginiana] hammock with Osmanthus, Liquidambar, Ulmus floridana [U. americana ?], Callicarpa, Morinda roic [M. royoc - out of range], Serenoa, etc. In shade; hardwoods.",Fertile,null,null,null,null,Caryopsis not a good match with description and illustrations.,null,null,null,null,FALSE,null,-81.8167,28.35
43144,8205,G. R. Cooley,"R.J. Eaton, et al.",Hernando Co.,Poaceae,Dichanthelium,null,null,53089,null,null,null,TRUE,3701,null,commutatum,Schult.,Gould,05/01/1961,"SW of Withlacoochee, FL 50. T23S, R22E, Sec. 4.",1981,"Magnolia - live oak [Quercus virginiana] with Osmanthus, Liquidambar, Ulmus floridana [americana], Callicarpa, Morinda royoc, Serenoa, etc.",Fertile,null,null,null,null,null,null,null,null,null,FALSE,null,-81.8167,28.35
162079,459,G. Robinson,,Sumter Co.,Poaceae,Dichanthelium,null,null,53271,null,null,null,TRUE,3701,null,commutatum,Schult.,Gould,11/12/1981,"Withlacoochee River, ca. 2.75 mi. SE of Cumpressco. T25S, R23E, Sec. 9, SW¼.",1982,Low hardwood forest.,Fertile,null,null,null,null,null,null,null,null,null,FALSE,null,-82.0333,28.35
253181,2589,J. M. Kunzer,"G. Dauphin, C. Eckert",Polk Co.,Poaceae,Dichanthelium,null,null,53162,null,null,null,TRUE,3701,null,commutatum,Schult.,Gould,09/26/2008,"Ca. 4.5 km SSE of the C-471 bridge over the Withlacoochee River, ca. 3.9 km NNE of the C-471 and US 98 junction.",Mar 2010,Mixed hardwood/conifer slough.,Fertile,null,null,null,null,null,null,null,null,null,FALSE,Colt Creek State Park,-82.03166667,28.27583333
55395,26032,O. K. Lakela,"R. Lassiter, J.A. Lassiter",Citrus Co.,Poaceae,Dichanthelium,null,null,53118,null,null,null,TRUE,3701,null,commutatum,Schult.,Gould,06/03/1963,"Withlacoochee River, E of Pineola.",1981,Limestone formations; remnants of ancient fern grottoes and associations of notably large trees.,Fertile,null,null,null,null,Blades not narrowed at their base.,null,null,null,null,FALSE,null,-82.2667,28.6833
104375,1707,P. Genelle,G. Fleming,Hernando Co.,Poaceae,Dichanthelium,null,null,53212,null,null,null,TRUE,3701,null,commutatum,Schult.,Gould,01/08/1973,Croom area.,1981,Sand that was recently flooded at edge of river.,Fertile,null,null,null,null,null,null,null,null,null,FALSE,Withlacoochee State Forest,-82.227588,28.587772
154522,s.n.,T. F. Rochow,,Sumter Co.,Poaceae,Dichanthelium,null,null,53245,null,null,null,TRUE,3701,null,commutatum,Schult.,Gould,02/28/1980,"Green Swamp, near Withlacoochee River.",null,Hammock.,Fertile,null,null,null,null,null,null,null,null,null,FALSE,null,-81.8167,28.35
204691,280,C. vanHoek,,Sumter Co.,Poaceae,Dichanthelium,null,null,53001,null,null,null,TRUE,3433,null,dichotomum,L.,Gould,06/12/1992,"Croom portion of Withlacoochee State Forest, ca. 2 mi. SSE of Nobleton; Hog Island. T21S, R21E, Sec. 31.",null,"Dry, open, disturbed woods.",Fertile,null,null,null,null,null,null,null,null,null,FALSE,Hog Island Recreation Area,-82.25,28.6333
252963,2400,J. M. Kunzer,,Polk Co.,Poaceae,Dichanthelium,null,null,53002,null,null,null,TRUE,3433,null,dichotomum,L.,Gould,04/15/2008,"Ca. 2.6 km SE of FL 471 bridge over the Withlacoochee River, ca. 5.3 km NNE of junction FL 471 and US 98.",null,Hydric hammock.,Fertile,null,null,null,null,null,null,null,null,null,FALSE,Colt Creek State Park,-82.03972222,28.29388889
253134,2548,J. M. Kunzer,"G. Dauphin, C. Eckert",Polk Co.,Poaceae,Dichanthelium,null,null,53013,null,null,null,TRUE,3433,null,dichotomum,L.,Gould,09/26/2008,"Ca. 2.5 km SSE of FL 471 bridge over the Withlacoochee River, ca. 5.1 km NNE of junction FL 471 and US 98.",null,Mesic flatwoods.,Fertile,null,null,null,null,null,null,null,null,null,FALSE,Colt Creek State Park,-82.04361111,28.29388889
562,5706,G. R. Cooley,"J. Monachino, R.J. Eaton",Sumter Co.,Poaceae,Dichanthelium,null,null,52834,ensifolium,null,null,TRUE,2685,var.,ensifolium,Baldwin ex Elliott,Gould,03/25/1958,Withlacoochee River.,1987,Upper floodbanks of a river.,Flower,null,null,null,null,Cespitose.,null,null,null,null,FALSE,null,-81.8167,28.35
238807,3052,M. T. Strong,,Citrus Co.,Poaceae,Dichanthelium,null,null,52950,ensifolium,null,null,TRUE,2685,var.,ensifolium,Baldwin ex Elliott,Gould,12/28/2002,"NW side of FL 581, ca. 1.3 km SW of Withlacoochee River, and ca. 8 km NE of Inverness.",Mar 2004,Wet grass - sedge meadow.,Fertile,null,null,null,null,null,null,null,null,null,FALSE,null,-82.330372,28.835818
46105,8050,G. R. Cooley,"A.S. Pease, O. Lakela",Sumter Co.,Poaceae,Dichanthelium,null,null,52695,unciphyllum,Trin.,B. F. Hansen & Wunderlin,TRUE,3601,var.,ensifolium,Baldwin ex Elliott,Gould,04/06/1961,Withlacoochee Development Project.,1987,Longleaf pine [Pinus palustris] forest; low moist depressions.,Fertile,null,null,null,null,Tufted.,null,null,null,null,FALSE,null,-81.8167,28.35
46104,8052,G. R. Cooley,"A.S. Pease, O. Lakela",Sumter Co.,Poaceae,Dichanthelium,null,null,52696,unciphyllum,Trin.,B. F. Hansen & Wunderlin,TRUE,3601,var.,ensifolium,Baldwin ex Elliott,Gould,04/06/1961,Withlacoochee Development Project.,1987,Longleaf pine [Pinus palustris] forest.,Fertile,null,null,null,null,Tufted. Frequent.,null,null,null,null,FALSE,null,-81.8167,28.35
625,5707,G. R. Cooley,"R.J. Eaton, J. Monachino",Sumter Co.,Poaceae,Dichanthelium,null,null,52707,unciphyllum,Trin.,B. F. Hansen & Wunderlin,TRUE,3601,var.,ensifolium,Baldwin ex Elliott,Gould,03/25/1958,Withlacoochee River.,1987,Upper river floodbanks.,Fertile,null,null,null,null,Densely cespitose.,null,null,null,null,FALSE,null,-81.8167,28.35
246560,2334,J. M. Kunzer,"A. Bard, S. Spaulding",Polk Co.,Poaceae,Dichanthelium,null,null,52727,unciphyllum,Trin.,B. F. Hansen & Wunderlin,TRUE,3601,var.,ensifolium,Baldwin ex Elliott,Gould,04/03/2008,"Ca. 4.4 km SE of the C-471 bridge over the Withlacoochee River, ca. 6 km NNE of the C-471 and US 98 junction.",null,Poorly drained flatwoods.,Fertile,null,null,null,null,null,null,null,null,null,FALSE,Colt Creek State Park,-82.05055556,28.3025
216356,16448,S. L. Orzell,E.L. Bridges,Hernando Co.,Poaceae,Dichanthelium,null,null,52587,null,null,null,TRUE,2354,null,erectifolium,Nash,Gould & C. A. Clark,04/29/1991,"Ridge Manor; on E side of Boat Pond, ca. 2.4 air mi. NE of the US 301 and FL 50 junction. T22S, R22E, Sec. 31, SW¼ of NW¼ of NE¼.",null,Peaty center of a limesink depression pond. Floridana variant (Typic Umbraqualfs) soil.,Fertile,null,null,null,null,null,null,70,null,ft,FALSE,Withlacoochee State Forest,-82.14555556,28.53416667
29338,8051,G. R. Cooley,"A.S. Pease, O.K. Lakela",Sumter Co.,Poaceae,Dichanthelium,null,null,52525,null,null,null,TRUE,3576,null,laxiflorum,Lam.,Gould,04/05/1961,Withlacoochee Development Project.,1981,"At bases of trees, low flat, moist forest floor, in longleaf pine [Pinus palustris] forest.",Fertile,null,null,null,null,Plants tufted.,null,null,null,null,FALSE,null,-81.8167,28.35
27740,8025,G. R. Cooley,"A.S. Pease, O.K. Lakela",Sumter Co.,Poaceae,Dichanthelium,null,null,52527,null,null,null,TRUE,3576,null,laxiflorum,Lam.,Gould,04/05/1961,Withlacoochee Development Project.,1981,In a longleaf pine [Pinus palustris] forest.,Fertile,null,null,null,null,"Internodes glabrous, exceeding the retrorsely villous sheath.",null,null,null,null,FALSE,null,-81.8167,28.35
43147,8204,G. R. Cooley,"R.J. Eaton, Esq. et al.",Hernando Co.,Poaceae,Dichanthelium,null,null,52532,null,null,null,TRUE,3576,null,laxiflorum,Lam.,Gould,05/01/1961,"SW of Withlacoochee [along] FL 50. T23S, R22E, Sec. 4.",1981,"Margin of a live oak [Quercus virginiana] Magnolia hammock with Osmanthus, Liquidambar, Ulmus floridana [U. americana ?], Callicarpa, Morinda roic [M. royoc - out of range], Serenoa, etc.",Fertile,null,null,null,null,Tufts.,null,null,null,null,FALSE,null,-81.8167,28.35
161052,359,G. Robinson,,Sumter Co.,Poaceae,Dichanthelium,null,null,52540,null,null,null,TRUE,3576,null,laxiflorum,Lam.,Gould,09/29/1981,"Along the Little Withlacoochee River, ca. 5 mi. SE of Tarrytown. T23S, R23E, Sec. 9, NW¼.",null,Cypress [Taxodium] slough.,Fertile,null,null,null,null,null,null,null,null,null,FALSE,null,-82.05,28.55
253018,2376,J. M. Kunzer,B.F. Hansen,Polk Co.,Poaceae,Dichanthelium,null,null,52534,null,null,null,TRUE,3576,null,laxiflorum,Lam.,Gould,04/15/2008,"Ca. 2.6 km SE of FL 471 bridge over the Withlacoochee River, ca. 5.3 km NNE of the FL 471 and US 98 intersection.",null,Hydric hammock.,Fertile,null,null,null,null,null,null,null,null,null,FALSE,Colt Creek State Park,-82.03972222,28.29388889
236092,22606,S. L. Orzell,E.L. Bridges,Sumter Co.,Poaceae,Dichanthelium,null,null,52544,null,null,null,TRUE,3576,null,laxiflorum,Lam.,Gould,03/29/1994,"N side of Center Grade Road, ca. 1.3 mi. E of junction FL 471, near Weeks Pond and N of Gator Hole Slough, ca. 7.7 mi. S of junction FL 50 at Tarrytown. T23S, R23E, Sec. 29, NW¼.",null,Hydric hammock. Soils - Vero (Alfic Haplaquods).,Fertile,null,null,null,null,null,null,null,null,null,FALSE,Withlacoochee State Forest,-82.03611111,28.45833333
253029,2348,J. M. Kunzer,,Polk Co.,Poaceae,Dichanthelium,null,null,52427,null,null,null,TRUE,2491,null,leucothrix,Nash,Freckmann,04/03/2008,"Ca. 1.2 km SE of the C-471 bridge over the Withlacoochee River, ca. 6 km NNE of the C-471 and US 98 junction.",null,Mowed firebreak / ecotone between a poorly-drained flatwoods and Taxodium dome.,Fertile,null,null,null,null,null,null,null,null,null,FALSE,Colt Creek State Park,-82.05222222,28.30333333
253065,2563,J. M. Kunzer,"G. Dauphin, C. Eckert",Polk Co.,Poaceae,Dichanthelium,null,null,52426,null,null,null,TRUE,2491,null,leucothrix,Nash,Freckmann,09/26/2008,"Ca. 2.5 km SE of the C-471 bridge over the Withlacoochee River, ca. 5.1 km NNE of the C-471 and US 98 junction.",null,Disturbed Taxodium swamp.,Fertile,null,null,null,null,null,null,null,null,null,FALSE,Colt Creek State Park,-82.04444444,28.29305556
204617,273,C. vanHoek,,Sumter Co.,Poaceae,Dichanthelium,null,null,52215,null,null,null,TRUE,3080,null,portoricense,Desv. ex Ham.,B. F. Hansen & Wunderlin,05/29/1992,"Withlacoochee State Forest; along nature trail at Hog Island, ca. 2 mi. SSE of Nobleton. T21S, R21E, Sec. 31.",1992,null,Fertile,null,null,null,null,null,null,null,null,null,FALSE,Croom Widlife Management Area,-82.25,28.6333
606,5708,G. R. Cooley,,Sumter Co.,Poaceae,Dichanthelium,null,null,52080,null,null,null,TRUE,3080,null,portoricense,Desv. ex Ham.,B. F. Hansen & Wunderlin,03/25/1958,Upper flood banks of the Withlacoochee River.,1988,River bank.,Fertile,null,null,null,null,null,null,null,null,null,FALSE,null,-81.8167,28.35
29337,8024,G. R. Cooley,"A.S. Pease, O. Lakela",Sumter Co.,Poaceae,Dichanthelium,null,null,52114,null,null,null,TRUE,3080,null,portoricense,Desv. ex Ham.,B. F. Hansen & Wunderlin,04/05/1961,Withlacoochee Development Project.,1988,Longleaf pine [Pinus palustris] forest.,Fertile,null,null,null,null,null,null,null,null,null,FALSE,null,-81.8167,28.35
232066,2693,M. T. Strong,,Hernando Co.,Poaceae,Dichanthelium,null,null,52153,null,null,null,TRUE,3080,null,portoricense,Desv. ex Ham.,B. F. Hansen & Wunderlin,05/10/2001,"2 -3 km N of the road to Richloam, 3 km W of FL 471, ca. 6 km SE of Tarrytown.",null,Pine flatwoods.,Fertile,null,null,null,null,null,null,null,null,null,FALSE,Withlacoochee State Forest,-82.1,28.5
238554,3053,M. T. Strong,,Citrus Co.,Poaceae,Dichanthelium,null,null,52007,null,null,null,TRUE,3080,null,portoricense,Desv. ex Ham.,B. F. Hansen & Wunderlin,12/28/2002,"NW side of FL 581, ca. 1.3 km Sw of Withlacoochee River and ca. 8 km NE of Iverness.",Mar 2004,Wet grass - sedge meadow.,Fertile,null,null,null,null,null,null,null,null,null,FALSE,null,-81.8167,28.35
208240,353,C. vanHoek,S. Petty,Citrus Co.,Poaceae,Dichanthelium,null,null,51671,glabrescens,Griseb.,Freckmann,TRUE,2824,var.,strigosum,Muhl. ex Elliott,Freckmann,04/23/1993,"Citrus Tract Wildlife Management Area, on T2 between T13 and T15.",null,Sandhills.,Fertile,null,null,null,null,null,null,null,null,null,FALSE,Withlacoochee State Forest,-82.45,28.8667
203723,230,C. vanHoek,S. Petty,Sumter Co.,Convolvulaceae,Dichondra,null,null,16272,null,null,null,TRUE,3101,null,carolinensis,Michx.,null,02/14/1992,"Grounds of Hog Island Recreational Area; Croom portion of the Withlacoochee State Forest.  T21S, R21E, Sec. 31.",null,null,Fertile,null,null,null,null,null,null,null,null,null,FALSE,null,-82.2167,28.5833
248139,2718,J. M. Kunzer,,Polk Co.,Convolvulaceae,Dichondra,null,null,31652,null,null,null,TRUE,3101,null,carolinensis,Michx.,null,02/19/2009,"Ca. 1.85 km SSE of FL 471 bridge over the Withlacoochee River, ca. 5.5 km NNW of the junction of FL 471 and US 98.",null,"Saturated, marly service road traversing flatwoods.",Flower,null,null,null,null,null,null,null,null,null,FALSE,Colt Creek State Park,-82.04555556,28.29611111
303572,1456,M. S. Frank,,Citrus Co.,Fabaceae,Dichrostachys,null,null,248825,africana,Brenan & Brummitt,null,TRUE,1901,subsp.,cinerea,L.,Wight & Arn.,08/01/2017,"E side of Withlacoochee State Trail adjacent to (ca 150 ft. E of) the Mount Carmel Methodist Church, 8004 South Florida Avenue (US 41), Floral City.",null,null,null,null,null,null,null,Presumably originally planted but now reseeding and spreading to form a thicket; a row of 40+ thorny shrubs to 9 ft. tall along a 50 ft. stretch; abundant seedlings present; spent flowers present by no fruit observed.,null,null,null,null,FALSE,null,null,null
56009,26456,O. K. Lakela,,Sumter Co.,Acanthaceae,Dicliptera,null,null,50803,null,null,null,TRUE,2958,null,brachiata,Pursh,Spreng.,09/21/1963,"Indian Field Ledges, E of Withlacoochee River off FL 48.",null,Hammock interspersed flat limestone outcrops with overhead of magnificent oak association; ferns frequent in understory.,Fertile,null,null,null,null,null,null,null,null,null,FALSE,null,-81.8167,28.35
48088,25444,O. K. Lakela,"J.S. Allen, G.R. Cooley, R. Lassiter, J.A. Lassiter",Citrus Co.,Acanthaceae,Dicliptera,null,null,50799,null,null,null,TRUE,2958,null,brachiata,Pursh,Spreng.,10/21/1962,"Withlacoochee River, E of Pineola.",null,"Remnants of ancient fern grottoes and primary hammock association of notably large trees, Quercus, Ulmus, Carya spp. over outcrops; Disthichum in marshy borders; limestone in shallow soil.",Fertile,null,null,null,null,Few noted.,null,null,null,null,FALSE,null,-82.2667,28.6833
253284,2688,J. M. Kunzer,,Polk Co.,Poaceae,Digitaria,null,null,46223,filiformis,null,null,TRUE,3785,var.,filiformis,L.,Koeler,11/26/2008,"Ca. 2 km SSE of FL 471 bridge over the Withlacoochee River, ca. 5.2 km NNE of the junction of FL 471 and US 98.",null,Mesic flatwoods.,Fertile,null,null,null,null,null,null,null,null,null,FALSE,Colt Creek State Park,-82.04805556,28.29444444
253647,767,J. M. Kunzer,C. Werner,Citrus Co.,Poaceae,Digitaria,null,null,46897,filiformis,null,null,TRUE,3785,var.,filiformis,L.,Koeler,11/19/2004,"Citrus Tract, ca. 4 mi. NNW of Catawba.",null,Sandhill.,Fertile,null,null,null,null,Culms erect.,null,null,null,null,FALSE,Withlacoochee State Forest,-82.40194444,28.72666667
223464,1130,C. vanHoek,,Citrus Co.,Poaceae,Digitaria,null,null,51628,null,null,null,TRUE,1467,null,longiflora,Retz.,Pers.,07/25/1998,Tillis Hill Campground in the Citrus Wildlife Management Area.,null,"Disturbed, grassy area within a turkey oak [Quercus laevis]/longleaf pine [Pinus palustris] habitat.",Fertile,null,null,null,null,null,null,null,null,null,FALSE,Withlacoochee State Forest,-82.45,28.8667
208241,375,C. vanHoek,S. Petty,Citrus Co.,Poaceae,Digitaria,null,null,26332,null,null,null,TRUE,3815,null,serotina,Walter,Michx.,10/01/1993,"WMA. T20S, R19E, Sec. 33, SW¼.",null,Disturbed area.,Flower,Fruit,null,null,null,null,null,null,null,null,FALSE,Withlacoochee State Forest,-81.8167,28.35
161586,437,G. Robinson,,Sumter Co.,Rubiaceae,Diodia,null,null,16230,null,null,null,TRUE,3511,null,virginiana,L.,null,09/09/1981,"Along the Little Withlacoochee River ca. 5 mi. SE of Tarrytown and 2.25 mi. E of the Sumter/Hernando County line.  T23S, R23E, Sec. 9, NW¼.",null,Cypress [Taxodium] slough.,Flower,Fruit,null,null,null,null,null,null,null,null,FALSE,null,-82.054526,28.554997
161074,364,G. Robinson,,Sumter Co.,Rubiaceae,Diodia,null,null,16258,null,null,null,TRUE,3511,null,virginiana,L.,null,09/29/1981,"Along the Little Withlacoochee River, ca. 5 mi. SE of Tarrytown.  T23S, R23E, Sec. 9, NW¼.",null,Cypress [Taxodium] slough.,Flower,Flower,null,null,null,null,null,null,null,null,FALSE,null,-82.05,28.55
253142,2562,J. M. Kunzer,"G. Dauphin, C. Eckert",Polk Co.,Rubiaceae,Diodia,null,null,45672,null,null,null,TRUE,3511,null,virginiana,L.,null,09/26/2008,"Ca. 2.5 km SSE of FL 471 bridge over the Withlacoochee River, ca. 5.1 km NNE of the junction of FL 471 and US 98.",null,Disturbed Taxodium swamp.,null,null,null,null,null,null,null,null,null,null,FALSE,Colt Creek State Park,-82.04444444,28.29305556
245686,13232,B. F. Hansen,J. Hansen,Hamilton Co.,Ebenaceae,Diospyros,null,null,27845,null,null,null,TRUE,3858,null,virginiana,L.,null,06/13/2008,"Along the N side of FL 6, 0.25 mi. E of the Withlacoochee River bridge, ca. 1.5 mi. W of Blue Springs.  T1N, R11E, Sec. 17, SW¼.",null,Mixed deciduous forest and weedy edges.,null,null,null,null,null,null,null,null,null,null,FALSE,null,-81.8167,28.35
120982,2128,P. Genelle,G. Fleming,Pasco Co.,Ebenaceae,Diospyros,null,null,97762,null,null,null,TRUE,3858,null,virginiana,L.,null,06/14/1975,Richloam section.,2010,"Roadside, white sand, shaded.",Fruit,null,null,null,null,null,null,null,null,null,FALSE,Withlacoochee State Forest,-82.172029,28.465832
104808,1804,P. Genelle,G. Fleming,Hernando Co.,Ebenaceae,Diospyros,null,null,97791,null,null,null,TRUE,3858,null,virginiana,L.,null,05/06/1973,"Richloam section, forest road, S of FL 50.",2010,"Sandy, shade.",Immature Fruit,null,null,null,null,null,null,null,null,null,FALSE,Withlacoochee State Forest,-82.1,28.5
15848,6983,G. R. Cooley,"R.J. Eaton, D.B. Ward",Levy Co.,Poaceae,Distichlis,null,null,51347,null,null,null,TRUE,3693,null,spicata,L.,Greene,09/16/1959,First island off mouth of Withlacoochee River.,null,Shell conglomerate and sand.,Fertile,null,null,null,null,null,null,null,null,null,FALSE,null,-81.8167,28.35
27755,8059,G. R. Cooley,"A.S. Pease, O. Lakela",Sumter Co.,Droseraceae,Drosera,null,null,50313,null,null,null,TRUE,831,null,capillaris,Poir.,null,04/07/1961,Withlacoochee Development Project.,null,Low pinelands.,Fertile,null,null,null,null,"Flowers pine, not open this afternoon.",Common.,null,null,null,FALSE,null,-81.8167,28.35
253030,2347,J. M. Kunzer,,Polk Co.,Droseraceae,Drosera,null,null,50338,null,null,null,TRUE,831,null,capillaris,Poir.,null,04/03/2008,"Ca. 1.2 km SE of FL 471 bridge over the Withlacoochee River, ca. 6 km NNE of the junction of FL 471 and US 98.",null,Mowed firebreak/ecotone between poorly drained flatwoods and Taxodium dome.,Fertile,null,null,null,null,null,null,null,null,null,FALSE,Colt Creek State Park,-82.05222222,28.30333333
253064,2363,J. M. Kunzer,B.F. Hansen,Polk Co.,Caryophyllaceae,Drymaria,null,null,45652,null,null,null,TRUE,714,null,cordata,L.,Willd. ex Schult.,04/15/2008,"Ca. 2.6 km SE of FL 471 bridge over the Withlacoochee River, ca. 5.3 km NNE of the junction of FL 471 and US 98.",null,Pasture edge adjacent to hydric hammock.,Flower,null,null,null,null,null,null,null,null,null,FALSE,Colt Creek State Park,-82.03972222,28.29388889
55390,26043,O. K. Lakela,"R. Lassiter, J.A. Lassiter",Citrus Co.,Dryopteridaceae,Dryopteris,null,null,24284,null,null,null,TRUE,2856,null,ludoviciana,Kunze,Small,06/03/1963,"Withlacoochee River, E of Pineola.",Dec 1987,"Remnants of ancient fern grottoes and associations of notably large trees. With Thelypteris on ridges of limestone, between caverns.",Fertile,null,null,null,null,"Rare, only a few.",null,null,null,null,FALSE,null,-82.272868,28.688879
284495,434,C. F. Caudle,"M.L. Gilbert, M.S. Tisdale",Madison Co.,Cyperaceae,Dulichium,null,null,127474,null,null,null,TRUE,3393,null,arundinaceum,L.,Britton,06/19/1962,Withlacoochee River.,null,Woods.,Fertile,null,null,null,null,null,null,null,null,null,FALSE,null,-81.8167,28.35
27758,8003,G. R. Cooley,"A.S. Pease, O. Lakela",Sumter Co.,Acanthaceae,Dyschoriste,null,null,24545,null,null,null,TRUE,2094,null,humistrata,Michx.,Kuntze,04/05/1961,Withlacoochee Development Project.,Sep 2008,"In generally wet areas of longleaf pine [Pinus palustris] - oak forest (30,000 acres).",Flower,null,null,null,null,Corollas lavender.,Common,null,null,null,FALSE,null,-81.8167,28.35
208179,364,C. vanHoek,S. Petty,Citrus Co.,Poaceae,Echinochloa,null,null,51293,null,null,null,TRUE,1550,null,colona,L.,Link,06/04/1993,"Citrus Wildlife Management Area, Brush Sink, near the Florida Trail. T20S, R18E, Sec. 32, NW¼.",null,Marshy edge of a sink[hole].,Fertile,null,null,null,null,null,null,null,null,null,FALSE,Withlacoochee State Forest,-82.45,28.8667
246601,2483,J. M. Kunzer,A.R. Franck,Polk Co.,Poaceae,Echinochloa,null,null,51276,null,null,null,TRUE,1550,null,colona,L.,Link,09/03/2008,"Ca. 1.25 km SSE of FL 471 bridge over the Withlacoochee River, ca. 6 km NNE of the FL 471 and US 98 junction.",null,"Wet, ruderal area.",Fertile,null,null,null,null,null,null,null,null,null,FALSE,Colt Creek State Park,-82.05305556,28.30166667
13011,6941,G. R. Cooley,R.J. Eaton,Levy Co.,Poaceae,Echinochloa,null,null,51210,null,null,null,TRUE,1185,null,paludigena,Wiegand,null,09/16/1959,"Yankeetown, Withlacoochee River.",1981,Bank of river.,Fertile,null,null,null,null,1.5 m tall.,null,null,null,null,FALSE,null,-82.823055,29.031521
193035,86,C. vanHoek,,Pasco Co.,Alismataceae,Echinodorus,null,null,105301,null,null,null,TRUE,897,null,cordifolius,L.,Griseb.,10/17/1987,"Richloam Wildlife Management Area; ca. 250 ft from E bank of the Withlacoochee River; 2.5 mi. E of Lacoochee. T23S, R22E, Sec. 19, SE¼ of NE¼.",2000,null,Fertile,null,null,null,null,null,null,null,null,null,FALSE,Withlacoochee State Forest,-82.172029,28.465832
193865,2,S. Petty,,Pasco Co.,Alismataceae,Echinodorus,null,null,105299,null,null,null,TRUE,897,null,cordifolius,L.,Griseb.,10/28/1987,"Ca. 150 ft from river, 2.5 mi. SE from Lacoochee. T[?], R[?], Sec. 29.",2000,Floodplain.,Fertile,null,null,null,null,White flower.,null,null,null,null,FALSE,Withlacoochee State Forest,-82.172029,28.465832
149637,s.n.,T. F. Rochow,,Sumter Co.,Alismataceae,Echinodorus,null,null,105304,null,null,null,TRUE,897,null,cordifolius,L.,Griseb.,08/21/1980,"Green Swamp, near bridge on Little Withlacoochee River.",2000,Muddy banks.,Fertile,null,null,null,null,null,null,null,null,null,FALSE,null,-81.8167,28.35
15845,6973,G. R. Cooley,"R.J. Eaton, D.B. Ward",Levy Co.,Asteraceae,Eclipta,null,null,15973,null,null,null,TRUE,3677,null,prostrata,L.,L.,09/16/1959,"Yankeetown, flood banks of the Withlacoochee River.",1984,null,Flower,Fruit,null,null,null,Flower white.,null,null,null,null,FALSE,null,-82.823055,29.031521
161167,353,G. Robinson,,Sumter Co.,Asteraceae,Eclipta,null,null,15984,null,null,null,TRUE,3677,null,prostrata,L.,L.,09/29/1981,"Along the Little Withlacoochee River, ca. 5 mi. SE of Tarrytown.  T23S, R23E, Sec. 9, NW¼.",1984,Cypress [Taxodium] slough.,Flower,Fruit,null,null,null,null,null,null,null,null,FALSE,null,-82.05,28.55
253136,2552,J. M. Kunzer,"G. Dauphin, C. Eckert",Polk Co.,Rubiaceae,Edrastima,null,null,45668,null,null,null,TRUE,957,null,uniflora,L.,Raf.,09/26/2008,"Ca. 2.5 km SSE of FL 471 bridge over the Withlacoochee River, ca. 5.1 km NNE of the junction of FL 471 and US 98.",22-Jan-2018,Mesic flatwoods.,Fertile,null,null,null,null,null,null,null,null,null,FALSE,Colt Creek State Park,-82.04361111,28.29388889
242444,3552,M. T. Strong,,Sumter Co.,Rubiaceae,Edrastima,null,null,14691,null,null,null,TRUE,957,null,uniflora,L.,Raf.,08/10/2005,"Florida National Cemetery grounds, Bushnell; ca. 9.7 km (by air) SW of Bushnell, bordering Withlacoochee State Forest.",22-Jan-2018,null,Fruit,null,null,null,null,null,null,null,null,null,FALSE,null,-82.112863,28.664992
104761,1787,P. Genelle,G. Fleming,Hernando Co.,Pontederiaceae,Eichhornia,null,null,18853,null,null,null,TRUE,1319,null,crassipes,Mart.,Solms,04/22/1973,In the Withlacoochee River where it enters Silver Lake.,1990,null,Flower,null,null,null,null,null,null,null,null,null,FALSE,Withlacoochee State Forest,-81.8167,28.35
253189,2607,J. M. Kunzer,G. Dauphin,Polk Co.,Cyperaceae,Eleocharis,null,null,54944,null,null,null,TRUE,2629,null,baldwinii,Torr.,Chapm.,09/26/2008,"Ca. 1 km SSE of FL 471 bridge over the Withlacoochee River, ca. 6.3 km NNE of junction FL 471 and US 98.",null,Low spot in mesic flatwoods with limestone substrate.,Fertile,null,null,null,null,null,null,null,null,null,FALSE,Colt Creek State Park,-82.0525,28.30527778
138848,s.n.,T. F. Rochow,,Pasco Co.,Cyperaceae,Eleocharis,null,null,15842,null,null,null,TRUE,2629,null,baldwinii,Torr.,Chapm.,11/30/1978,Withlacoochee River E of Dade City.,null,Shallow water of river.,Fertile,null,null,null,null,null,null,null,null,null,FALSE,null,-82.172029,28.465832
204693,282,C. vanHoek,,Sumter Co.,Cyperaceae,Eleocharis,null,null,75536,null,null,null,TRUE,2874,null,microcarpa,Torr.,null,06/12/1992,"Withlacoochee State Forest, Croom portion, Withlacoochee River shore, ca. 2 mi. SSE of Nobleton. T21S, R21E, Sec. 31.",16-Jul-2012,null,Fertile,null,null,null,null,null,null,null,null,null,FALSE,Hog Island Recreation Area,-82.25,28.6333
208183,363,C. vanHoek,S. Petty,Citrus Co.,Cyperaceae,Eleocharis,null,null,75693,null,null,null,TRUE,598,null,montana,Kunth,Roem. & Schult.,06/04/1993,"Brush Sink, near the Florida Trail in Citrus Wildlife Management Area. T20S, R18E, Sec. 32, NW¼.",1998,Marshy edge.,Fertile,null,null,null,null,null,null,null,null,null,FALSE,Withlacoochee State Forest,-82.45,28.8667
227212,2373,M. T. Strong,,Sumter Co.,Cyperaceae,Eleocharis,null,null,75794,null,null,null,TRUE,2274,null,vivipara,Link,null,05/26/2000,"N side of FL 44, 0.6 km E of junction with FL 470, 5.5 km E of Withlacoochee River (where FL 44 crossess it), and ca. 12 km W of Wildwood.",null,"Circular, marshy depression bordered by live oaks [Quercus virginiana].",Fertile,null,null,null,null,null,null,null,null,null,FALSE,null,-82.038974,28.865264
161051,360,G. Robinson,,Sumter Co.,Asteraceae,Elephantopus,null,null,40344,null,null,null,TRUE,3141,null,carolinianus,Raeusch.,null,09/29/1981,"Along Little Withlacoochee River, ca. 5 mi. SE of Tarrytown.  T23S, R23E, Sec. 9, NW¼.",null,Cypress [Taxodium] slough.,Fertile,null,null,null,null,null,null,null,null,null,FALSE,null,-82.05,28.55
162101,470,G. Robinson,,Sumter Co.,Asteraceae,Elephantopus,null,null,40346,null,null,null,TRUE,3141,null,carolinianus,Raeusch.,null,11/12/1981,"Along Withlacoochee River, ca. 2.75 mi. SE of Cumpressco.  T25S, R23E, Sec. 9, SW¼.",null,Low hardwood forest.,Fertile,null,null,null,null,null,null,null,null,null,FALSE,null,-82.0333,28.35
247486,2575,J. M. Kunzer,"G. Dauphin, C. Eckert",Polk Co.,Asteraceae,Elephantopus,null,null,40349,null,null,null,TRUE,3141,null,carolinianus,Raeusch.,null,09/26/2008,"Ca. 4.5 mi. SSE of FL 471 bridge over the Withlacoochee River, ca. 3.9 km NNE of the junction of FL 471 and US 98.",null,Disturbed mesic hammock.,Fertile,null,null,null,null,null,null,null,null,null,FALSE,Colt Creek State Park,-81.04833333,28.27583333
48018,25452,O. K. Lakela,"J.S. Allen, G.R. Cooley, R. Lassiter, J.A. Lassiter",Citrus Co.,Asteraceae,Elephantopus,null,null,40379,null,null,null,TRUE,3141,null,carolinianus,Raeusch.,null,10/21/1962,"Withlacoochee River, E of Pineola.",null,"Remnants of ancient fern grottoes and primary hammock association of notably large trees; Quercus, Ulmus, and Carya spp. over outcrops, Distichum [Taxodium distichum?] in marshy borders.",Fertile,null,null,null,null,null,null,null,null,null,FALSE,null,-82.2667,28.6833
253050,2491,J. M. Kunzer,A. Franck,Polk Co.,Asteraceae,Elephantopus,null,null,45642,null,null,null,TRUE,550,null,elatus,Bertol.,null,09/03/2008,"Ca. 2.6 km SE of FL 471 bridge over the Withlacoochee River, ca. 5 km NNE of the junction of FL 471 and US 98.",null,Flatwoods.,Bud,null,null,null,null,null,null,null,null,null,FALSE,Colt Creek State Park,-82.04388889,28.29333333
150744,s.n.,T. F. Rochow,,Sumter Co.,Asteraceae,Elephantopus,null,null,40653,null,null,null,TRUE,550,null,elatus,Bertol.,null,09/09/1980,"Green Swamp, near Little Withlacoochee River.",null,Recently burned-over pine flatwoods.,Fertile,null,null,null,null,null,null,null,null,null,FALSE,null,-81.8167,28.35
161050,361,G. Robinson,,Sumter Co.,Poaceae,Eleusine,null,null,51149,null,null,null,TRUE,1440,null,indica,L.,Gaertn.,09/29/1981,"Along the Little Withlacoochee River, ca. 5 mi. SE of Tarrytown. T23S, R23E, Sec. 9, NW¼.",null,Cypress [Taxodium] slough.,Fertile,null,null,null,null,null,null,null,null,null,FALSE,null,-82.05,28.55
246603,2515,J. M. Kunzer,"A. Bard, J. Stout, A. Franck",Polk Co.,Poaceae,Elionurus,null,null,50489,null,null,null,TRUE,1710,null,tripsacoides,Humb. & Bonpl. ex Willd.,null,09/03/2008,"Ca. 2.15 km. SE of the FL 471 bridge over the Withlacoochee River, ca. 6.5 km NNE of the FL 471 and US 98 junction.",null,Recently burned (ca. mid-Mar 2008) flatwoods.,Fertile,null,null,null,null,null,null,null,null,null,FALSE,Colt Creek State Park,-82.03694444,28.30472222
55973,26454,O. K. Lakela,,Sumter Co.,Acanthaceae,Elytraria,null,null,50611,null,null,null,TRUE,3133,null,caroliniensis,J. F. Gmel.,Pers.,09/21/1963,"Indian Field Ledges, W of the Withlacoochee River off FL 48.",null,"Hammock of interspersed flat limestone outcros with an overhead of magnificient oak association, ferns frequent in the understory.",Fertile,null,null,null,null,Common.,null,null,null,null,FALSE,null,-81.8167,28.35
120826,2108,P. Genelle,G. Fleming,Pasco Co.,Orchidaceae,Encyclia,null,null,5914,null,null,null,TRUE,2477,null,tampensis,Lindl.,Small,06/14/1975,Richloam Section.,1975,Epiphytic on Taxodium.,Flower,null,null,null,null,null,null,null,null,null,FALSE,Withlacoochee State Forest,-82.172029,28.465832
185062,10361,B. F. Hansen,"R.P. Wunderlin, N. Mawhinney",Sumter Co.,Orchidaceae,Epidendrum,null,null,5980,null,null,null,TRUE,2332,null,conopseum,R. Br.,null,04/02/1985,"Along dirt road 1 mi. NE of FL 48, ca. 1 mi. E of Withlacoochee River, 3 mi. NW of Wahoo.  T20S, R21E, Sec. 20 SE¼ of SE¼.",1985,null,null,null,null,null,null,null,null,null,null,null,FALSE,null,-82.1833,28.6833
162077,454,G. Robinson,,Sumter Co.,Orchidaceae,Epidendrum,null,null,5979,null,null,null,TRUE,2332,null,conopseum,R. Br.,null,11/12/1981,"Along Withlacoochee River, ca. 2.75 mi. SE of Cumpressco.  T25S, R23E, Sec. 9, SW¼.",1981,Low hardwood forest.,Bud,null,null,null,null,null,null,null,null,null,FALSE,null,-82.0333,28.35
56022,26473,O. K. Lakela,,Sumter Co.,Orchidaceae,Epidendrum,null,null,5981,null,null,null,TRUE,2332,null,conopseum,R. Br.,null,09/21/1963,Indian Field Ledges W of Withlacoochee River off FL 48.,1963,Hammock of interspersed flat limestone outcrops with overhead of magnificent oak association; ferns frequent in understory.,Flower,null,null,null,null,On low oaks in hammock.,null,null,null,null,FALSE,null,-81.8167,28.35
228338,619,J. H. Scudder,,Polk Co.,Equisetaceae,Equisetum,null,null,30606,affine,Engelm.,A. A. Eaton,TRUE,2943,var.,hyemale,L.,null,01/18/1990,W side of FL 471 S of Withlacoochee River and Sumter-Pokl County line.,null,null,null,null,null,null,null,null,null,null,null,null,FALSE,null,-81.8167,28.35
253055,2499,J. M. Kunzer,"A. Bard, J. Stout, A.R. Franck",Polk Co.,Poaceae,Eragrostis,null,null,45829,null,null,null,TRUE,1294,null,atrovirens,Desf.,Trin. ex Steud.,09/03/2008,"Ca. 4.4 km SSE of FL 471 bridge over Withlacoochee River, ca. 4 km NE of junction FL 471 and US 98.",null,Edge of unpaved road traversing flatwoods.,Fertile,null,null,null,null,null,null,null,null,null,FALSE,Colt Creek State Park,-82.0325,28.27666667
247502,2535,J. M. Kunzer,"G. Dauphin, C. Eckert",Polk Co.,Poaceae,Eragrostis,null,null,49688,null,null,null,TRUE,962,null,elliottii,S. Watson,null,09/26/2008,"Ca. 2.5 km SSE of FL 471 bridge over the Withlacoochee River, ca. 5.1 km NNE of junction FL 471 and US 98.",null,Disturbed area in flatwoods.,Fertile,null,null,null,null,null,null,null,null,null,FALSE,Colt Creek State Park,-82.04527778,28.29388889
232014,2915,M. T. Strong,,Sumter Co.,Poaceae,Eragrostis,null,null,49817,null,null,null,TRUE,962,null,elliottii,S. Watson,null,10/22/2001,"NW of FL 44, 1.6 km W of the junction with C-475, ca. 9 km ENE of the Withlacoochee River (where FL 44 crosses it), and 9.6 km W of Wildwood.",Apr 2002,Longleaf pine [Pinus palustris] / turkey oak [Quercus laevis] sandhills.,Fertile,null,null,null,null,null,null,null,null,null,FALSE,null,-82.038974,28.865264
178420,s.n.,T. F. Rochow,,Pasco Co.,Poaceae,Eragrostis,null,null,49664,null,null,null,TRUE,962,null,elliottii,S. Watson,null,10/10/1983,"Not far from River Road and Withlacoochee River. T24S, R22E, Sec. 32.",null,Sandhill.,Fertile,null,null,null,null,null,null,null,null,null,FALSE,null,-82.172029,28.465832
253138,2556,J. M. Kunzer,"G. Dauphin, C. Eckert",Polk Co.,Poaceae,Eragrostis,null,null,49489,null,null,null,TRUE,963,null,refracta,Muhl.,Scribn.,09/26/2008,"Ca. 2.5 km SSE of FL 471  bridge over the Withlacoochee River, ca. 5.1 km NNE of junction FL 471 and US 98.",15-Nov-2017,Mesic flatwoods.,Fertile,null,null,null,null,null,null,null,null,null,FALSE,Colt Creek State Park,-82.04361111,28.29388889
122570,2141,P. Genelle,G. Fleming,Pasco Co.,Asteraceae,Erechtites,null,null,15780,null,null,null,TRUE,907,null,hieraciifolius,L.,Raf. ex DC.,06/28/1975,"Richloam section, S of Slaughter.",null,Wet roadside ditch.,Flower,Fruit,null,null,null,null,null,null,null,null,FALSE,Withlacoochee State Forest,-82.0667,28.4667
192405,78,C. vanHoek,,Citrus Co.,Poaceae,Eremochloa,null,null,28284,null,null,null,TRUE,1358,null,ophiuroides,Munro,Hack.,09/19/1987,"Citrus Wildlife Management Area, along the hiking trail. T20S, R19E, Sec. 20.",null,null,Fruit,null,null,null,null,null,null,null,null,null,FALSE,Withlacoochee State Forest,-82.45,28.8667
9515,6980,G. R. Cooley,"R.J. Eaton, D.B. Ward",Levy Co.,Asteraceae,Erigeron,null,null,16756,null,null,null,TRUE,2946,null,canadensis,L.,null,09/16/1959,"Yankeetown, on off-shore island at the mouth of the Withlacoochee River.",Jun 2022,null,Flower,null,null,null,null,Phyllaries purple-tipped.,null,null,null,null,FALSE,null,-82.823055,29.031521
120696,2187,P. Genelle,G. Fleming,Pasco Co.,Asteraceae,Erigeron,null,null,16738,null,null,null,TRUE,2946,null,canadensis,L.,null,08/09/1975,Clay Sink Road.,Jun 2022,null,Flower,Fruit,null,null,null,null,null,null,null,null,FALSE,Withlacoochee State Forest,-82.172029,28.465832
184984,10383,B. F. Hansen,"R.P. Wundelrin, N. Mawhinney",Sumter Co.,Asteraceae,Erigeron,null,null,41202,null,null,null,TRUE,1019,null,quercifolius,Lam.,null,04/02/1985,"Along dirt road 1 mi. NE of FL 48, ca. 1 mi. E of Withlacoochee River, 3 mi. NW of Wahoo.  T20S, R21E, Sec. 20, SE¼ of SE¼.",null,null,Flower,null,null,null,null,null,null,null,null,null,FALSE,null,-82.1833,28.6833
4203,5709,G. R. Cooley,"J. Monachino, R.J. Eaton",Sumter Co.,Asteraceae,Erigeron,null,null,41477,null,null,null,TRUE,1019,null,quercifolius,Lam.,null,03/25/1958,Upper flood banks of Withlacoochee River.,null,null,Flower,null,null,null,null,"Flower heads nodding when young; rays clear white or lavender, disk flowers yellow.",null,null,null,null,FALSE,null,-81.8167,28.35
258785,9766,L. Baltzell,,Pasco Co.,Asteraceae,Erigeron,null,null,60606,null,null,null,TRUE,1019,null,quercifolius,Lam.,null,05/19/1977,"Along FL 471 near the Withlacoochee River, 7.5 mi. NE of Zephyrhills.",null,Moist roadside.,Flower,null,null,null,null,Several scattered plants; flowers white.,null,null,null,null,FALSE,null,-82.181195,28.23362
258779,9763,L. Baltzell,,Polk Co.,Asteraceae,Erigeron,null,null,60608,null,null,null,TRUE,1019,null,quercifolius,Lam.,null,05/19/1977,"Along FL 471 near the Withlacoochee River, 12 mi. NW of Providence.",null,Moist roadside.,Flower,Fruit,null,null,null,Several plants; flowers white.,null,null,null,null,FALSE,null,-81.8167,28.35
104809,1805,P. Genelle,G. Fleming,Hernando Co.,Asteraceae,Erigeron,null,null,41516,null,null,null,TRUE,1019,null,quercifolius,Lam.,null,05/06/1973,Richloam section; forest road S of FL 50.,null,"Sandy, shade.",Flower,Fruit,null,null,null,null,null,null,null,null,FALSE,Withlacoochee State Forest,-82.1,28.5
104753,1788,P. Genelle,G. Fleming,Hernando Co.,Asteraceae,Erigeron,null,null,41517,null,null,null,TRUE,1019,null,quercifolius,Lam.,null,04/22/1973,Croom section; edge of river where it enter Silver Lake.,null,"Damp, shaded.",Flower,null,null,null,null,null,null,null,null,null,FALSE,Withlacoochee State Forest,-82.227588,28.587772
104643,1724,P. Genelle,G. Fleming,Citrus Co.,Asteraceae,Erigeron,null,null,41135,null,null,null,TRUE,1019,null,quercifolius,Lam.,null,04/15/1973,FL 480 and FL 491.,null,"Roadside ditch, sandy, full sun.",Flower,null,null,null,null,null,null,null,null,null,FALSE,Withlacoochee State Forest,-81.8167,28.35
120716,2193,P. Genelle,G. Fleming,Pasco Co.,Asteraceae,Erigeron,null,null,41546,null,null,null,TRUE,3041,null,strigosus,Muhl. ex Willd.,null,08/09/1975,Clay Sink Road.,null,Old railroad bed; dry sandy soil.,Flower,null,null,null,null,null,null,null,null,null,FALSE,Withlacoochee State Forest,-82.172029,28.465832
104738,1765,P. Genelle,G. Fleming,Hernando Co.,Asteraceae,Erigeron,null,null,41558,null,null,null,TRUE,3041,null,strigosus,Muhl. ex Willd.,null,04/22/1973,Croom section; forest road to Silver Lake Recreation Area.,null,"Dry, sandy, partial shade.",Flower,null,null,null,null,null,null,null,null,null,FALSE,Withlacoochee State Forest,-82.227588,28.587772
104635,1748,P. Genelle,G. Fleming,Citrus Co.,Asteraceae,Erigeron,null,null,41559,null,null,null,TRUE,3041,null,strigosus,Muhl. ex Willd.,null,04/15/1973,Forest Road 13.,null,Sandy.,Flower,null,null,null,null,null,null,null,null,null,FALSE,Withlacoochee State Forest,-81.8167,28.35
27753,8036,G. R. Cooley,"A.S. Pease, O. Lakela",Sumter Co.,Asteraceae,Erigeron,null,null,41980,null,null,null,TRUE,3517,null,vernus,L.,Torr. & A. Gray,04/06/1961,Withlacoochee Development Project.,null,Scattered through longleaf pine [Pinus palustris] - oak forest.,Flower,null,null,null,null,"Basal leaves rather succulent; ray flowers white, disk yellow.",null,null,null,null,FALSE,null,-81.8167,28.35
252940,2342,J. M. Kunzer,,Polk Co.,Asteraceae,Erigeron,null,null,45383,null,null,null,TRUE,3517,null,vernus,L.,Torr. & A. Gray,04/03/2008,"Ca. 1.2 km SE of the FL 471 bridge over the Withlacoochee River, ca. 6 km NNE of the junction of FL 471 and US 98.",Mar 2010,Poorly drained flatwoods.,Flower,null,null,null,null,null,null,null,null,null,FALSE,Colt Creek State Park,-82.04944444,28.3025
258791,9552,L. Baltzell,,Sumter Co.,Asteraceae,Erigeron,null,null,60765,null,null,null,TRUE,3517,null,vernus,L.,Torr. & A. Gray,05/01/1977,"Along the Little Withlacoochee River Road, 0.7 mi. NW of FL 50, 4.2 mi. SW of Tarrytown.",null,null,Flower,Fruit,null,null,null,Several plants; flowers white.,null,null,null,null,FALSE,null,-82.05,28.55
122571,2169,P. Genelle,G. Fleming,Sumter Co.,Asteraceae,Erigeron,null,null,41900,null,null,null,TRUE,3517,null,vernus,L.,Torr. & A. Gray,06/28/1975,Cabbage Head Road.,null,"Roadside, wet pinelands.",Flower,Fruit,null,null,null,null,null,null,null,null,FALSE,Withlacoochee State Forest,-81.8167,28.35
27386,8044,G. R. Cooley,"A.S. Pease, O. Lakela",Sumter Co.,Eriocaulaceae,Eriocaulon,null,null,102471,null,null,null,TRUE,834,null,compressum,Lam.,null,04/06/1961,Withlacoochee Development Project.,null,Wet pinelands.,Flower,null,null,null,null,Abundant.,null,null,null,null,FALSE,null,-81.8167,28.35
216427,16393,S. L. Orzell,E.L. Bridges,Sumter Co.,Eriocaulaceae,Eriocaulon,null,null,102500,null,null,null,TRUE,834,null,compressum,Lam.,null,04/29/1991,"N side of Center Grade Road, ca. 1.3 mi. E of junction FL 471, near Weeks Pond and N of Gator Hole Slough, ca. 7.7 mi. S of junction FL 50 at Tarrytown. T23S, R23E, Sec. 29, NW¼.",null,Wet marly pine flatwoods and cypress [Taxodium] pond edges. Soils - Vero (Alfic Haplaquods).,Flower,null,null,null,null,null,null,90,92,ft,FALSE,Withlacoochee State Forest,-82.03611111,28.45833333
300146,1216,C. F. Caudle,"M.L. Gilbert, M.S. Tisdale",Pasco Co.,Eriocaulaceae,Eriocaulon,null,null,235327,null,null,null,TRUE,3553,null,decangulare,L.,null,05/25/1963,Withlacoochee River; Two-Rivers Ranch.,2018,Pine flatwoods.,Bud,null,null,null,null,null,null,null,null,null,FALSE,null,-82.172029,28.465832
253170,2599,J. M. Kunzer,G. Dauphin,Polk Co.,Eriocaulaceae,Eriocaulon,null,null,102709,null,null,null,TRUE,3553,null,decangulare,L.,null,09/26/2008,"Ca. 1 km SSE of FL 471 bridge over the Withlacoochee River, ca. 6.3 km NNE of junction FL 471 and US 98.",null,Hydric hammock downslope from mesic flatwoods.,Flower,null,null,null,null,null,null,null,null,null,FALSE,Colt Creek State Park,-82.05333333,28.30611111
122480,2116,P. Genelle,G. Fleming,Pasco Co.,Eriocaulaceae,Eriocaulon,null,null,102694,null,null,null,TRUE,3553,null,decangulare,L.,null,06/14/1975,Withlacoochee State Forest.,null,"Edge of swamp, sandy soil.",Flower,null,null,null,null,null,null,null,null,null,FALSE,null,-82.172029,28.465832
105101,1864,P. Genelle,G. Fleming,Hernando Co.,Eriocaulaceae,Eriocaulon,null,null,102697,null,null,null,TRUE,3553,null,decangulare,L.,null,05/20/1973,"Withlacoochee State Forest, Richloam section, Yankee Swamp.",null,"Full sun, muck.",Flower,null,null,null,null,null,null,null,null,null,FALSE,null,-82.1,28.5
122548,2155,P. Genelle,G. Fleming,Sumter Co.,Eriocaulaceae,Eriocaulon,null,null,102706,null,null,null,TRUE,3553,null,decangulare,L.,null,06/28/1975,"Withlacoochee State Forest, Cabbage Head Road.",null,Lake edge.,Flower,null,null,null,null,null,null,null,null,null,FALSE,null,-81.8167,28.35
229092,19766,S. L. Orzell,E.L. Bridges,Pasco Co.,Eriocaulaceae,Eriocaulon,null,null,102786,null,null,null,TRUE,3553,null,decangulare,L.,null,06/29/1992,"N of Center Grade Road, 0.5 mi. W of Sumter County line and FL 471, ca. 1.1 mi. SSE of Clay Sink, ca. 9.5 air mi. NE of Dade City. T32S, R22E, Sec. 25, SW¼ of NE¼.",null,Wetland pine savanna and cypress [Taxodium] pond edges. Soils - Smyrna (Aeric Haplaquods).,Flower,null,null,null,null,null,null,85,90,ft,FALSE,Withlacoochee State Forest,-82.06111111,28.45805556
229053,19788,S. L. Orzell,E.L. Bridges,Sumter Co.,Eriocaulaceae,Eriocaulon,null,null,102788,null,null,null,TRUE,3553,null,decangulare,L.,null,06/29/1992,"N side of Center Grade Road, ca. 1.3 mi. E of junction FL 471, near Weeks Pond and N of Gator Hole Slough, ca. 7.7 mi. S of junction FL 50 at Tarrytown. T23S, R23E, Sec. 29, NW¼.",null,Wet marly pine flatwoods and cypress [Taxodium] pond edges. Soils - Vero (Alfic Haplaquods).,Flower,null,null,null,null,null,null,90,92,ft,FALSE,Withlacoochee State Forest,-82.03611111,28.45833333
241023,19747,S. L. Orzell,E.L. Bridges,Citrus Co.,Polygonaceae,Eriogonum,null,null,63150,null,null,null,TRUE,3870,null,tomentosum,Michx.,null,06/29/1992,"Just E of section line road, ca. 1.4 mi. S of Fivemile Pond, ca. 3.5 air mi. S of FL 44, ca. 10 air mi. E of Homosassa Springs. T19S, R19E, Sec. 27, SW¼.",null,Mature burned longleaf pine [Pinus palustris] sandhill savanna. Soils - Lakeland (Typic Quartzipsamments).,Fertile,null,null,null,null,null,null,100,130,ft,FALSE,Withlacoochee State Forest,-82.4025,28.80472222
162080,465,G. Robinson,,Sumter Co.,Apiaceae,Eryngium,null,null,61767,null,null,null,TRUE,2628,null,baldwinii,Spreng.,null,11/12/1981,"Along Withlacoochee River, ca. 2.75 mi. SE of Cumpressco. T25S, R23E, Sec. 9, SW¼.",null,Low hardwood forest.,Fertile,null,null,null,null,null,null,null,null,null,FALSE,null,-82.0333,28.35
253017,2377,J. M. Kunzer,B.F. Hansen,Polk Co.,Apiaceae,Eryngium,null,null,61603,null,null,null,TRUE,2628,null,baldwinii,Spreng.,null,04/15/2008,"Ca. 2.6 km SE of FL 471 bridge over the Withlacoochee River, ca. 5.3 km NNE of junction FL 471 and US 98.",null,Pasture edge adjacent to hydric hammock.,Fertile,null,null,null,null,null,null,null,null,null,FALSE,Colt Creek State Park,-81.8167,28.35
242390,3550,M. T. Strong,,Sumter Co.,Apiaceae,Eryngium,null,null,61648,null,null,null,TRUE,2628,null,baldwinii,Spreng.,null,08/10/2005,"Bushnell, ca. 9.7 km SW of Bushnell, bordering Withlacoochee State Forest.",null,Cemetery grounds.,Fertile,null,null,null,null,null,null,null,null,null,FALSE,Florida National Cemetery,-82.112863,28.664992
104801,1797,P. Genelle,G. Fleming,Hernando Co.,Apiaceae,Eryngium,null,null,61750,null,null,null,TRUE,2628,null,baldwinii,Spreng.,null,05/05/1973,null,null,"Sandy pinelands, Pinus elliottii.",Fertile,null,null,null,null,null,null,null,null,null,FALSE,Withlacoochee State Forest,-81.8167,28.35
122563,2138,P. Genelle,G. Fleming,Pasco Co.,Apiaceae,Eryngium,null,null,61589,null,null,null,TRUE,2628,null,baldwinii,Spreng.,null,06/28/1975,S of Slaughter.,null,"Wet, roadside ditch; richloam section.",Fertile,null,null,null,null,null,null,null,null,null,FALSE,Withlacoochee State Forest,-82.0667,28.4667
104751,1777,P. Genelle,G. Fleming,Hernando Co.,Apiaceae,Eryngium,null,null,61592,null,null,null,TRUE,2628,null,baldwinii,Spreng.,null,04/22/1973,Croom section; Silver Lake.,null,River edge as it enter lake.,Fertile,null,null,null,null,null,null,null,null,null,FALSE,Withlacoochee State Forest,-82.227588,28.587772
214503,16437,S. L. Orzell,E.L. Bridges,Sumter Co.,Apiaceae,Eryngium,null,null,61737,null,null,null,TRUE,2628,null,baldwinii,Spreng.,null,04/29/1991,"N side of Center Grade Road, ca. 1.3 mi. E of junction FL 471, near Weeks Pond and N of Gator Hole Slough, ca. 7.7 mi. S of junction FL 50 at Tarrytown. T23S, R23E, Sec. 29, NW¼.",null,Wet marly pnie flatwoods and cypress [Taxodium] pond edges. Soils - Vero (Alfic Haplaquods).,Fertile,null,null,null,null,null,null,90,92,ft,FALSE,Withlacoochee State Forest,-82.03611111,28.45833333
154581,s.n.,T. F. Rochow,,Sumter Co.,Apiaceae,Eryngium,null,null,61584,null,null,null,TRUE,2628,null,baldwinii,Spreng.,null,04/23/1980,Crossing of North Loop Road and Little Withlacoochee River.,null,Roadside.,Fertile,null,null,null,null,null,null,null,null,null,FALSE,Green Swamp,-81.8167,28.35
228893,19791,S. L. Orzell,E.L. Bridges,Sumter Co.,Apiaceae,Eryngium,null,null,61963,null,null,null,TRUE,3565,null,yuccifolium,Michx.,null,06/29/1992,"N side of Center Grade Road, ca. 1.3 mi. E of junction FL 471, near Weeks Pond and N of Gator Hole Slough, ca. 7.7 mi. S of junction FL 50 at Tarrytown. T23S, R23E, Sec. 29, NW¼.",null,Wet marly pine flatwoods. Soils - Vero (Alfic Haplaquods).,Fertile,null,null,null,null,null,null,90,92,ft,FALSE,Withlacoochee State Forest,-82.03611111,28.45833333
104812,1808 RI,P. Genelle,G. Fleming,Hernando Co.,Fabaceae,Erythrina,null,null,2480,null,null,null,TRUE,3264,null,herbacea,L.,null,05/06/1973,Richloam section.,1973,"Roadside, shade, sandy loam.",Flower,Fruit,null,null,null,null,null,null,null,null,FALSE,Withlacoochee State Forest,-82.1,28.5
104724,1753 CR,P. Genelle,G. Fleming,Hernando Co.,Fabaceae,Erythrina,null,null,2482,null,null,null,TRUE,3264,null,herbacea,L.,null,04/02/1973,Croom Road.,1973,"Growing on road shoulder, dry, sandy, full sun.",Flower,null,null,null,null,null,null,null,null,null,FALSE,Withlacoochee State Forest,-82.227588,28.587772
299386,s.n.,E. Williamson,C. Werner,Hernando Co.,Orchidaceae,Eulophia,null,null,226574,null,null,null,TRUE,2891,null,alta,L.,Fawc. & Rendle,10/02/2018,"Withlacoochee State Forest, Richloam Tract; edge of Clay Sink Road, ca. 2 mi. S of FL 50.",null,"Wet ditch adjacent to dirt road, in partial shade; with Panicum hemitomon, Ludwigia peruviana, Acer rubrum, and Pinus elliottii.",Flower,null,null,null,null,null,null,null,null,null,FALSE,null,-82.1,28.5
121049,s.n.,S. T. Cooper,"N.F. Eichholz, D.L. Martin",Citrus Co.,Celastraceae,Euonymus,null,null,24409,null,null,null,TRUE,3407,null,americanus,L.,null,09/01/1975,"S side of Withlacoochee River, W of Yankeetown, 300 m S of N section line.  T17S, R16E, Sec. 7.",null,"Coastal hammock on limestone, with Tilia caroliniana [T. americana var. caroliniana], Quercus hemisphaerica [Q. laurifolia], and Psychotria sulzneri.",Fruit,null,null,null,null,null,null,null,null,null,FALSE,null,-82.823055,29.031521
155542,s.n.,T. F. Rochow,,Polk Co.,Celastraceae,Euonymus,null,null,24399,null,null,null,TRUE,3407,null,americanus,L.,null,04/15/1981,"Green Swamp, at Withlacoochee River and Main Grad Road crossing.  T25S, R24E, Sec. 8.",null,Edge of road along fringe of riverine forest.,Flower,null,null,null,null,null,null,null,null,null,FALSE,null,-81.8167,28.35
226234,20063,S. L. Orzell,E.L. Bridges,Hamilton Co.,Asteraceae,Eupatorium,null,null,41642,null,null,null,TRUE,3058,null,album,L.,null,07/07/1992,"Ca. 0.8 mi. N of FL 6 at a point ca. 0.5 mi. E of junction FL 143 at Blue Springs, ca. 2 mi. E of Withlacoochee River, ca. 7 air mi. SSW of Jennings. T1N, R11E, Sec. 10, SW¼ (and Secs. 11, 14, and 15.)",null,Typic dry upland burned longleaf pine [Pinus palustris] savanna.,Flower,null,null,null,null,null,null,80,90,ft,FALSE,Blue Springs Longleaf,-83.2125,30.49722222
253274,2681,J. M. Kunzer,,Polk Co.,Asteraceae,Eupatorium,null,null,46229,null,null,null,TRUE,3716,null,capillifolium,Lam.,Small ex Porter & Britton,11/26/2008,"Ca. 2 km SSE of FL 471 bridge over the Withlacoochee River, ca. 5.2 km NNE of the junction of FL 471 and US 98.",null,Open edge of floodplain forest.,Flower,null,null,null,null,null,null,null,null,null,FALSE,Colt Creek State Park,-82.04916667,28.295
206459,319,C. vanHoek,S. Petty,Sumter Co.,Asteraceae,Eupatorium,null,null,41656,null,null,null,TRUE,3208,null,compositifolium,Walter,null,10/16/1992,"Withlacoochee State Forest, Hog Island Recreation Area, Hog Island Nature Trail, FL 21; ca. 2 mi. SSE of Nobleton. T21S, R21E, Sec. 31.",null,null,Flower,null,null,null,null,null,null,null,null,null,FALSE,Croom Widlife Management Area,-82.25,28.6333
167163,52582,D. S. Correll,H.B. Correll,Hernando Co.,Asteraceae,Eupatorium,null,null,15686,null,null,null,TRUE,1007,null,leptophyllum,DC.,null,09/20/1981,"Off of old FL 50, just E of the Withlacoochee River.",null,Open woods.,Fertile,null,null,null,null,null,null,null,null,null,FALSE,null,-81.8167,28.35
247493,2560,J. M. Kunzer,"G. Dauphin, C. Eckert",Polk Co.,Asteraceae,Eupatorium,null,null,30825,null,null,null,TRUE,1007,null,leptophyllum,DC.,null,09/26/2008,"Ca. 2.5 km SSE of the FL 471 bridge over the Withlacoochee River, ca. 5.1 km NNE of the junction of FL 471 and US 98.",null,Disturbed Taxodium swamp.,Flower,null,null,null,null,To 2 m tall.,null,null,null,null,FALSE,Colt Creek State Park,-82.04444444,28.29305556
260806,7558,L. Baltzell,,Citrus Co.,Asteraceae,Eupatorium,null,null,67221,null,null,null,TRUE,1007,null,leptophyllum,DC.,null,09/21/1975,"0.6 mi. W of the Withlacoochee River on FL 44, then 1.1 mi. S of FL 44, 7 mi. E of Inverness.",null,Swampy area.,Flower,null,null,null,null,"Several plant, 6 ft. high; flowers white.",null,null,null,null,FALSE,null,-82.330372,28.835818
125619,5679,R. P. Wunderlin,,Sumter Co.,Asteraceae,Eupatorium,null,null,15666,null,null,null,TRUE,1007,null,leptophyllum,DC.,null,10/02/1976,"Along FL 50, E of the Withlacoochee River.",null,Pineland.,Flower,Flower,null,null,null,Flowers white.,null,null,null,null,FALSE,null,-81.8167,28.35
226196,20062,S. L. Orzell,E.L. Bridges,Hamilton Co.,Asteraceae,Eupatorium,null,null,41793,null,null,null,TRUE,3211,null,linearifolium,Walter,null,07/07/1992,"Ca. 0.8 mi. N of FL 6 at a point ca. 0.5 mi. E of junction FL 143 at Blue Springs, ca. 2 mi. E of Withlacoochee River, ca. 7 air mi. SSW of Jennings. T1N, R11E, Sec. 10, SW¼.",Sep 2000,Typic dry upland burned longleaf pine [Pinus palustris] savanna.,Flower,null,null,null,null,null,null,80,90,ft,FALSE,Blue Springs Longleaf,-83.2125,30.49722222
263853,7563,L. Baltzell,,Citrus Co.,Asteraceae,Eupatorium,null,null,79236,null,null,null,TRUE,2135,null,mohrii,Greene,null,09/21/1975,"0.6 mi. W of the Withlacoochee River on FL 44, 1.1 mi. S of FL 44, 7 mi. E of Inverness.",null,Semishade.,Flower,Fruit,null,null,null,Few plants.,null,null,null,null,FALSE,null,-82.330372,28.835818
172116,150,N. L. Mawhinney,,Citrus Co.,Asteraceae,Eupatorium,null,null,15369,null,null,null,TRUE,2135,null,mohrii,Greene,null,05/18/1983,"Inverness; McGregor-Smith Scout Reserve, FL 44 and Withlacoochee River.",May 2004,null,Bud,null,null,null,null,null,null,null,null,null,FALSE,null,-82.330372,28.835818
122481,2109,P. Genelle,G. Fleming,Pasco Co.,Asteraceae,Eupatorium,null,null,15364,null,null,null,TRUE,2135,null,mohrii,Greene,null,06/14/1975,Richloam section.,May 2004,"Edge of cypress [Taxodium] swamp; dry, sandy soil.",Flower,Fruit,null,null,null,null,null,null,null,null,FALSE,Withlacoochee State Forest,-82.172029,28.465832
226238,19752,S. L. Orzell,E.L. Bridges,Pasco Co.,Asteraceae,Eupatorium,null,null,15341,null,null,null,TRUE,2135,null,mohrii,Greene,null,06/29/1992,"E of unimproved access road heading S to the Withlacoochee River, ca. 0.7 mi. S of Lacoochee Park Road, ca. 1.8 air mi. SE of Lacoochee.  T23S, R22E, Sec. 30, NW¼ of SE¼.",May 2004,Cypress [Taxodium] savanna in sandy shallow depression.  Soils - Basinger (Spodic Psammaquents).,Fruit,null,null,null,null,null,null,70,null,ft,FALSE,Withlacoochee State Forest,-82.14583333,28.45305556
253107,2488,J. M. Kunzer,A. Franck,Polk Co.,Asteraceae,Eupatorium,null,null,45643,null,null,null,TRUE,3696,null,rotundifolium,L.,null,09/03/2008,"Ca. 2.6 km SE of FL 471 bridge over the Withlacoochee River, ca. 5 km NNE of the junction of FL 471 and US 98.",null,Flatwoods.,Flower,null,null,null,null,null,null,null,null,null,FALSE,Colt Creek State Park,-82.04388889,28.29333333
227246,2521,M. T. Strong,,Hernando Co.,Asteraceae,Eupatorium,null,null,41917,null,null,null,TRUE,3696,null,rotundifolium,L.,null,08/29/2000,"Just N and S of a sand road W of FL 471 and the fish hatchery; just N of the Hernando and Polk county line, 8 km S of Tarrytown, and 9 -11 km NE of Lacoochee.",null,Pine flatwoods.,Bud,Flower,null,null,null,Corollas white.,null,null,null,null,FALSE,Withlacoochee State Forest,-82.45,28.5333
226194,19779,S. L. Orzell,E.L. Bridges,Sumter Co.,Asteraceae,Eupatorium,null,null,42021,null,null,null,TRUE,3696,null,rotundifolium,L.,null,06/29/1992,"N side of Center Grade Road, ca. 1.3 mi. E of the FL 471 junction, near Weeks Pind and N of Gator Hole Slough, ca. 7.7 mi. S of the junction with FL 50 at Tarrytown. T23S, R23E, Sec. 29, NW¼.",null,Mesic pine flatwoods. Vero (Alfic Haplaquods) soil.,Flower,null,null,null,null,null,null,90,92,ft,FALSE,Withlacoochee State Forest,-82.03611111,28.45833333
13066,6984,G. R. Cooley,"R.J. Eaton, D.B. Ward",Levy Co.,Euphorbiaceae,Euphorbia,null,null,29953,null,null,null,TRUE,2526,null,blodgettii,Engelm. ex Hitchc.,null,09/16/1959,On an island off the mouth of the Withlacoochee River.,2011,null,Fertile,null,null,null,null,null,null,null,null,null,FALSE,null,-81.8167,28.35
232243,2916,M. T. Strong,,Sumter Co.,Euphorbiaceae,Euphorbia,null,null,29818,null,null,null,TRUE,3225,null,cordifolia,Elliott,null,10/22/2001,"NW of FL 44, 1.6 km W of its junction with FL 475, ca. 9 km ENE of the Withlacoochee River (where FL 44 crosses it), and 9.6 km W of Wildwood.",Dec 2008,Longleaf pine [Pinus palustris] - turkey oak [Quercus laevis] sandhills.,Fertile,null,null,null,null,null,null,null,null,null,FALSE,null,-82.038974,28.865264
16270,6960,G. R. Cooley,"R.J. Eaton, J.D. Ray, Jr.",Levy Co.,Euphorbiaceae,Euphorbia,null,null,56917,null,null,null,TRUE,616,null,cyathophora,Murray,null,09/16/1959,Second island off the mouth of the Withlacoochee River.,05-Sep-2017,null,Fertile,null,null,null,null,Leaves green.,null,null,null,null,FALSE,null,-81.8167,28.35
211047,s.n.,S. Petty,C. vanHoek,Citrus Co.,Euphorbiaceae,Euphorbia,null,null,56675,null,null,null,TRUE,354,null,dentata,Michx.,null,08/12/1994,"Citrus Wildlife Management Area; S of C-480, E of TR-13.  T21S, R19E, Sec. 32.",null,Rocky hardwood hammock.,Fertile,null,null,null,null,null,null,null,null,null,FALSE,Withlacoochee State Forest,-82.45,28.8667
303912,3421,C. F. Caudle,"M. L. Gilbert, M. S. Tisdale",Hernando Co.,Euphorbiaceae,Euphorbia,null,null,249143,null,null,null,TRUE,710,null,hirta,L.,null,07/06/1963,Withlacoochee State Forest; Richloam tract.,Oct 2022,null,Fertile,null,null,null,null,null,null,null,null,null,FALSE,null,null,null
227233,2531,M. T. Strong,,Hernando Co.,Euphorbiaceae,Euphorbia,null,null,56525,null,null,null,TRUE,3580,null,hyssopifolia,L.,null,08/29/2000,"Just N and S of a sand road W of FL 471 and a fish hatchery; just N of the Hernando and Polk County line; 8 km S of Tarrytown, and 9-11 km NE of Lacoochee.",08-Sep-2017,Wet ditch along a sand road that  borders a pine flatwoods,Fertile,null,null,null,null,null,null,null,null,null,FALSE,Withlacoochee State Forest,-82.45,28.5333
245268,2190,J. M. Kunzer,"C. Liberton, M. Liberton",Hernando Co.,Euphorbiaceae,Euphorbia,null,null,56726,null,null,null,TRUE,3575,null,prostrata,Aiton,null,09/22/2007,"E bank Withlacoochee River, ca. 2 km NE of the FL 50 bridge over the Withlacoochee River.",09 Sep 2017,Lime-rock gravel driveway of residence.,Fertile,null,null,null,null,Weed.,null,null,null,null,FALSE,null,-82.20527778,28.52527778
253056,2498,J. M. Kunzer,"A. Bard, J. Stout, A. Franck",Polk Co.,Boraginaceae,Euploca,null,null,106598,null,null,null,TRUE,1024,null,polyphylla,Lehm.,J.I.M. Melo & Semir,09/03/2008,"Ca. 4.4 km SSE of FL 471 bridge over the Withlacoochee River, ca. 3.2 km NNE of the junction of FL 471 and US 98.",Jun 2016,Ecotone between flatwoods and hydric hammock.,Fertile,null,null,null,null,null,null,null,null,null,FALSE,Colt Creek State Park,-82.0425,28.27472222
208165,372,C. vanHoek,S. Petty,Citrus Co.,Poaceae,Eustachys,null,null,49028,null,null,null,TRUE,425,null,distichophylla,Lag.,Nees,08/13/1993,"Citrus Wildlife Management Area; intersection of Forest Road 11b, S of C-480. T21S, R19E, Sec. 4.",null,"In deep, sandy soil.",Fertile,null,null,null,null,null,null,null,null,null,FALSE,Withlacoochee State Forest,-82.45,28.8667
27390,8039,G. R. Cooley,"O.K. Lakela, A.S. Pease",Sumter Co.,Poaceae,Eustachys,null,null,49204,null,null,null,TRUE,740,null,petraea,Sw.,Desv.,04/06/1961,Withlacoochee Development Project; roadside.,1980,Roadside.,Fertile,null,null,null,null,Plant remains glaucous after drying.,null,null,null,null,FALSE,null,-81.8167,28.35
15839,6997,G. R. Cooley,"R.J. Eaton, D.B. Ward",Levy Co.,Poaceae,Eustachys,null,null,49253,null,null,null,TRUE,740,null,petraea,Sw.,Desv.,09/16/1959,Along the Withlacoochee River at Yankeetown.,1980,Riverine shore.,Fertile,null,null,null,null,null,null,null,null,null,FALSE,null,-82.823055,29.031521
104624,1728,P. Genelle,G. Fleming,Citrus Co.,Poaceae,Eustachys,null,null,49348,null,null,null,TRUE,740,null,petraea,Sw.,Desv.,04/15/1978,C-480 and C-491.,1980,"Roadside ditch, sandy, full sun.",Fertile,null,null,null,null,null,null,null,null,null,FALSE,Withlacoochee State Forest,-81.8167,28.35
108174,1916,P. Genelle,G. Fleming,Hernando Co.,Asteraceae,Euthamia,null,null,15010,null,null,null,TRUE,3268,null,caroliniana,L.,Greene ex Porter & Britton,11/18/1997,"Richloam section, road to Yankee Swamp.",1997,null,Flower,null,null,null,null,null,null,null,null,null,FALSE,Withlacoochee State Forest,-82.1,28.5
242352,3537,M. T. Strong,,Sumter Co.,Cyperaceae,Fimbristylis,null,null,75874,null,null,null,TRUE,864,null,autumnalis,L.,Roem. & Schult.,08/10/2005,"Bushnell, ca. 9.7 km SW of Bushnell, bordering Withlacoochee State Forest.",null,Cemetery grounds.,Fertile,null,null,null,null,null,null,null,null,null,FALSE,Florida National Cemetery,-82.112863,28.664992
223960,19784,S. L. Orzell,E.L. Bridges,Sumter Co.,Cyperaceae,Fimbristylis,null,null,75824,null,null,null,TRUE,864,null,autumnalis,L.,Roem. & Schult.,06/29/1992,"N side of Center Grade Road, ca. 1.3 mi. E of junction FL 471, near Weeks Pond and N of Gator Hole Slough, ca. 7.7 mi. S of junction FL 50 at Tarrytown. T23S, R23E, Sec. 29, NW¼.",null,Wet marly pnie flatwoods and cypress [Taxodium] pond edges. Soils - Vero (Alfic Haplaquods).,Fertile,null,null,null,null,null,null,90,92,ft,FALSE,Withlacoochee State Forest,-82.03611111,28.45833333
253077,2532,J. M. Kunzer,"G. Dauphin, C. Eckert",Polk Co.,Cyperaceae,Fimbristylis,null,null,76136,null,null,null,TRUE,849,null,dichotoma,L.,Vahl,09/26/2008,"Ca. 2.5 km SSE of FL 471 bridge over the Withlacoochee River, ca. 5.1 km NNE of junction FL 471 and US 98.",null,"Damp, disturbed area in flatwoods.",Fertile,null,null,null,null,null,null,null,null,null,FALSE,Colt Creek State Park,-82.04527778,28.29388889
242399,3539,M. T. Strong,,Sumter Co.,Cyperaceae,Fimbristylis,null,null,76111,null,null,null,TRUE,849,null,dichotoma,L.,Vahl,08/10/2005,"Bushnell, ca. 9.7 km SW of Bushnell, bordering Withlacoochee State Forest.",null,Cemetery grounds.,Fertile,null,null,null,null,null,null,null,null,null,FALSE,Florida National Cemetery,-82.112863,28.664992
227210,2513,M. T. Strong,,Hernando Co.,Cyperaceae,Fimbristylis,null,null,76281,null,null,null,TRUE,525,null,puberula,Michx.,Vahl,08/29/2000,"Just N and S of sand road W of FL 471 and fish hatchery, just N of Hernando and Polk County line, 8 km S of Tarrytown, and 9-11 km NE of Lacoochee.",null,Pine flatwoods.,Fertile,null,null,null,null,null,null,null,null,null,FALSE,Withlacoochee State Forest,-82.45,28.5333
14185,6969,G. R. Cooley,"J.D. Ray, Jr., R.J. Eaton",Levy Co.,Cyperaceae,Fimbristylis,null,null,76382,null,null,null,TRUE,2762,null,spadicea,L.,Vahl,09/16/1959,"Yankeetown, near Withlacoochee River.",1988,Wet pineland.,Fertile,null,null,null,null,null,null,null,null,null,FALSE,null,-82.823055,29.031521
9981,6969,G. R. Cooley,"J.D. Ray, Jr., R.J. Eaton",Levy Co.,Cyperaceae,Fimbristylis,null,null,76383,null,null,null,TRUE,2762,null,spadicea,L.,Vahl,09/16/1959,"Yankeetown, near Withlacoochee River.",1988,Wet pineland.,Fertile,null,null,null,null,null,null,null,null,null,FALSE,null,-82.823055,29.031521
245259,2187,J. M. Kunzer,"A. Schmidt, J. Stites",Hernando Co.,Oleaceae,Fraxinus,null,null,26781,null,null,null,TRUE,997,null,caroliniana,Michx.,Nash,09/22/2007,"W bank of the Withlacoochee River, ca. 0.4 km N of the FL 50 bridge",null,River floodplain.,Fruit,null,null,null,null,"Small, several-stemmed tree to ca. 5 m tall, each co-dominant stem ca. 8 cm dbh.",null,null,null,null,FALSE,null,-82.21,28.5225
288169,1189,M. L. Gilbert,,Pasco Co.,Oleaceae,Fraxinus,null,null,136903,null,null,null,TRUE,997,null,caroliniana,Mill.,null,05/25/1963,"2 R Ranch, Withlacoochee River.",2016,null,Fruit,null,null,null,null,null,null,null,null,null,FALSE,null,-82.172029,28.465832
120349,2189,P. Genelle,G. Fleming,Pasco Co.,Oleaceae,Fraxinus,null,null,14979,null,null,null,TRUE,997,null,caroliniana,Mill.,null,08/09/1975,Clay Sink Road.,null,"Edge of dried swamp, shaded.",Fruit,null,null,null,null,null,null,null,null,null,FALSE,Withlacoochee State Forest,-82.172029,28.465832
7580,57280,R. K. Godfrey,,Citrus Co.,Oleaceae,Fraxinus,null,null,14984,null,null,null,TRUE,997,null,caroliniana,Mill.,null,07/26/1958,"Along the Withlacoochee River, E of Pineola.",null,Swamp.,Fruit,null,null,null,null,Small tree with several trunks from near the base.,null,null,null,null,FALSE,null,-82.2667,28.6833
3669,7847,R. Kral,,Sumter Co.,Oleaceae,Fraxinus,null,null,14868,null,null,null,TRUE,997,null,caroliniana,Mill.,null,08/13/1958,Sumter-Citrus Wildlife Management Area W of Bushnell; Withlacoochee River bottoms.,1978,null,Fruit,null,null,null,null,Tree.,null,null,null,null,FALSE,null,-82.112863,28.664992
120370,2183,P. Genelle,G. Fleming,Pasco Co.,Amaranthaceae,Froelichia,null,null,66715,null,null,null,TRUE,2596,null,floridana,Nutt.,Moq.,08/09/1975,May Place Road.,null,Roadside.,Fertile,null,null,null,null,null,null,null,null,null,FALSE,Withlacoochee State Forest,-82.172029,28.465832
226988,2522,M. T. Strong,,Hernando Co.,Cyperaceae,Fuirena,null,null,76740,null,null,null,TRUE,2451,null,scirpoidea,Michx.,null,08/29/2000,"Just N and S of sand road W of FL 471 and fish hatchery, just N of Hernando and Polk Co. lines, 8 km S of Tarrytown and 9-11 km NE of Lacoochee.",Jan 2001,Wet ditch bordering pine flatwoods along sand road.,Fertile,null,null,null,null,null,null,null,null,null,FALSE,Withlacoochee State Forest,-82.45,28.5333
122479,2147,P. Genelle,G. Fleming,Sumter Co.,Cyperaceae,Fuirena,null,null,76745,null,null,null,TRUE,2451,null,scirpoidea,Michx.,null,06/28/1975,Cabbage Head Road.,null,"Moist edge of lake, sandy soil.",Fertile,null,null,null,null,null,null,null,null,null,FALSE,Withlacoochee State Forest,-81.8167,28.35
223859,19765,S. L. Orzell,E.L. Bridges,Pasco Co.,Cyperaceae,Fuirena,null,null,76817,null,null,null,TRUE,2451,null,scirpoidea,Michx.,null,06/29/1992,"N of Center Grade Road, 0.5 mi. W of Sumter County line and FL 471, ca. 1.1 mi. SSE of Clay Sink, ca. 9.5 air mi. NE of Dade City. T23S, R22E, Sec. 25, SW¼ of NE¼.",null,Wetland pine savanna and cypress [Taxodium] pond edges. Soils - Smyrna (Aeric Haplaquods).,Fertile,null,null,null,null,null,null,85,90,ft,FALSE,Withlacoochee State Forest,-82.06111111,28.45805556
248112,2723,J. M. Kunzer,,Polk Co.,Papaveraceae,Fumaria,null,null,79636,null,null,null,TRUE,1793,null,officinalis,L.,null,02/19/2009,"Ca. 2.5 km SE of FL 471 bridge over the Withlacoochee River, ca. 5.3 km NNE of junction FL 471 and US 98.",null,Canopied transition between pasture and swamp.,Flower,Fruit,null,null,null,null,null,null,null,null,FALSE,Colt Creek State Park,-82.04027778,28.29305556
192408,80,C. vanHoek,,Citrus Co.,Asteraceae,Gaillardia,null,null,41230,null,null,null,TRUE,3295,null,aestivalis,Walter,H. Rock,09/19/1987,"Withlacoochee State Forest; along Florida Trail just E of Forest Road 13. T20S, R19E, Sec. 17.",null,null,Flower,null,null,null,null,null,null,null,null,null,FALSE,Citrus Wildlife Management Area,-82.45,28.8667
232012,2778,M. T. Strong,,Citrus Co.,Asteraceae,Gaillardia,null,null,41219,null,null,null,TRUE,3295,null,aestivalis,Walter,H. Rock,08/26/2001,"0.2–0.6 km S of FL 480, 2.5 km E of FL 491, 13 km SW of Jumeau and 10 km NE of Bailey Hill.",null,Along sand road in longleaf pine [Pinus palustris] sandhills.,Flower,null,null,null,null,Rays yellowish-orange; disk corollas purplish-brown.,null,null,null,null,FALSE,Withlacoochee State Forest,-82.3,28.7167
122552,2161,P. Genelle,G. Fleming,Sumter Co.,Fabaceae,Galactia,null,null,2525,null,null,null,TRUE,3222,null,elliottii,Nutt.,null,06/28/1975,Cabbage Head Road.,11 Apr 1980,Wet pinelands.,Flower,null,null,null,null,null,null,null,null,null,FALSE,Withlacoochee State Forest,-81.8167,28.35
104843,1839 RI,P. Genelle,G. Fleming,Sumter Co.,Fabaceae,Galactia,null,null,2600,null,null,null,TRUE,3222,null,elliottii,Nutt.,null,05/06/1973,"Richloam section, River Road.",11 Apr 1980,"Moist pinelands, open sun.",Flower,null,null,null,null,null,null,null,null,null,FALSE,Withlacoochee State Forest,-81.8167,28.35
150708,s.n.,T. F. Rochow,,Sumter Co.,Fabaceae,Galactia,null,null,2535,null,null,null,TRUE,3222,null,elliottii,Nutt.,null,08/20/1980,Near Little Withlacoochee River.,1980,Mesic hammock.,Flower,null,null,null,null,null,null,null,null,null,FALSE,Green Swamp,-81.8167,28.35
55387,26036,O. K. Lakela,"R. Lassiter, J.A. Lassiter",Citrus Co.,Fabaceae,Galactia,null,null,2884,null,null,null,TRUE,3751,null,volubilis,L.,Britton,06/03/1963,"Withlacoochee River, E of Pineola.",18 Jun 1991,Limestone formations; remnants of ancient fern grottoes & associations of notably large trees.,Flower,Immature Fruit,null,null,null,Over low shrubs and grasses.,Frequent,null,null,null,FALSE,null,-82.272868,28.688879
297190,1197,C. F. Caudle,"M.L. Gilbert, M.S. Tisdale",Pasco Co.,Rubiaceae,Galium,null,null,204514,null,null,null,TRUE,3857,null,bermudense,L.,null,05/25/1963,"2-River Ranch, Withlacoochee River.",27-Jan-2021,null,Fertile,null,null,null,null,null,null,null,null,null,FALSE,null,-82.172029,28.465832
161075,363,G. Robinson,,Sumter Co.,Rubiaceae,Galium,null,null,81584,null,null,null,TRUE,3857,null,bermudense,L.,null,09/29/1981,"Along the Little Withlacoochee River, ca. 5 mi. SE of Tarrytown. T23S, R23E, Sec. 9, NW¼.",27-Jan-2021,Cypress [Taxodium] slough.,Fertile,null,null,null,null,null,null,null,null,null,FALSE,null,-82.05,28.55
150712,s.n.,T. F. Rochow,,Sumter Co.,Rubiaceae,Galium,null,null,81578,null,null,null,TRUE,3857,null,bermudense,L.,null,08/20/1980,"Green Swamp, near the Little Withlacoochee River.",27-Jan-2021,Understory of hammock.,Fertile,null,null,null,null,null,null,null,null,null,FALSE,null,-81.8167,28.35
253174,2579,J. M. Kunzer,"G. Dauphin, C. Eckert",Polk Co.,Rubiaceae,Galium,null,null,81649,null,null,null,TRUE,3887,null,pilosum,Aiton,null,09/26/2008,"Ca. 4.5 km SSE of FL 471 bridge over the Withlacoochee River, ca. 3.9 km NNE of junction FL 471 and US 98.",null,Disturbed mesic hammock.,Fertile,null,null,null,null,null,null,null,null,null,FALSE,Colt Creek State Park,-82.03166667,28.27583333
55379,26038,O. K. Lakela,"R. Lassiter, J.A. Lassiter",Citrus Co.,Rubiaceae,Galium,null,null,81642,null,null,null,TRUE,3887,null,pilosum,Aiton,null,06/03/1963,"Withlacoochee River, E of Pineola.",17-Oct-2012,Shade of grotto caverns; limestone formations; remnants of ancient fern grottoes and association of notably large trees.,Fertile,null,null,null,null,Matted growth.,null,null,null,null,FALSE,null,-82.272868,28.688879
55420,25932,O. K. Lakela,"R. Lassiter, J.A. Lassiter",Citrus Co.,Rubiaceae,Galium,null,null,81643,null,null,null,TRUE,3887,null,pilosum,Aiton,null,05/06/1963,"Withlacoochee River, E of Pineola.",17-Oct-2012,Limestone formations; remnants of ancient fern grottoes and association of notably large trees.,Fertile,null,null,null,null,Frequent.,null,null,null,null,FALSE,null,-82.272868,28.688879
185040,10375,B. F. Hansen,"R.P. Wunderlin, N. Mawhinney",Sumter Co.,Rubiaceae,Galium,null,null,81713,null,null,null,TRUE,3643,null,tinctorium,L.,null,04/02/1985,"1 mi. NE of FL 48, ca. 1 mi. E of Withlacoochee River; 3 mi. NW of Wahoo. T20S, R21E, Sec. 20, SE¼ of SE¼.",null,Along dirt road.,Flower,Fruit,null,null,null,null,null,null,null,null,FALSE,null,-82.1833,28.6833
27827,8005,G. R. Cooley,"A.S. Pease, O. Lakela",Sumter Co.,Rubiaceae,Galium,null,null,81793,null,null,null,TRUE,3643,null,tinctorium,L.,null,04/05/1961,Withlacoochee Development Project.,1976,Pine - oak forest.,Fertile,null,null,null,null,"Fruits smooth, immature; flowers white; scrambling plant from ascending tufts.",null,null,null,null,FALSE,null,-81.8167,28.35
104816,1812,P. Genelle,G. Fleming,Hernando Co.,Rubiaceae,Galium,null,null,81803,null,null,null,TRUE,3643,null,tinctorium,L.,null,05/06/1973,Tower road.,1976,"Rich loam section; damp, sandy loam, partial shade.",Fertile,null,null,null,null,null,null,null,null,null,FALSE,Withlacoochee State Forest,-81.8167,28.35
104754,1780,P. Genelle,G. Fleming,Hernando Co.,Rubiaceae,Galium,null,null,81708,null,null,null,TRUE,3643,null,tinctorium,L.,null,04/22/1973,"Croom section, river edge as it enters Silver Lake.",1977,"Damp, shaded, loam.",Fruit,null,null,null,null,null,null,null,null,null,FALSE,Withlacoochee State Forest,-82.227588,28.587772
154580,s.n.,T. F. Rochow,,Sumter Co.,Rubiaceae,Galium,null,null,81745,null,null,null,TRUE,3643,null,tinctorium,L.,null,04/23/1980,Crossing of North Loop Road with Little Withlacoochee River.,null,Wet area along river.,Fertile,null,null,null,null,null,null,null,null,null,FALSE,Green Swamp,-81.8167,28.35
246842,2360,J. M. Kunzer,B.F. Hansen,Polk Co.,Asteraceae,Gamochaeta,null,null,41068,null,null,null,TRUE,1016,null,antillana,Urb.,Anderb.,04/15/2008,"Ca. 2.6 km SE of FL 471 bridge over Withlacoochee River, ca. 5.3 km NNE of junction FL 471 and US 98.",null,Pasture edge adjacent to hydric hammock.,Fertile,null,null,null,null,null,null,null,null,null,FALSE,Colt Creek State Park,-82.03972222,28.29388889
253025,2369,J. M. Kunzer,B.F. Hansen,Polk Co.,Asteraceae,Gamochaeta,null,null,45651,null,null,null,TRUE,3740,null,pensylvanica,Willd.,Cabrera,04/15/2008,"Ca. 2.6 km SE of FL 471 bridge over the Withlacoochee River, ca. 5.3 km NNE of the junction of FL 471 and US 98.",null,Pasture edge adjacent to hydric hammock.,Fertile,null,null,null,null,null,null,null,null,null,FALSE,Colt Creek State Park,-82.03972222,28.29388889
104621,1725 Ct,P. Genelle,G. Fleming,Citrus Co.,Asteraceae,Gamochaeta,null,null,31830,null,null,null,TRUE,3740,null,pensylvanica,Willd.,Cabrera,04/15/1973,FL 480 and FL 491.,2004,"Roadside ditch, sandy, full sun.",Fertile,null,null,null,null,null,null,null,null,null,FALSE,Withlacoochee State Forest,-81.8167,28.35
27743,8066,G. R. Cooley,A.S. Pease,Sumter Co.,Ericaceae,Gaylussacia,null,null,80167,null,null,null,TRUE,977,null,dumosa,Andrews,Torr. & A. Gray,04/07/1961,Withlacoochee Development Project.,Feb 1994,Margins of longleaf pine [Pinus palustris] forest.,Immature Fruit,Flower,null,null,null,Shrub 4-6 dm high.,null,null,null,null,FALSE,null,-81.8167,28.35
27742,8078,G. R. Cooley,"A.S. Pease, O. Lakela",Sumter Co.,Ericaceae,Gaylussacia,null,null,80248,null,null,null,TRUE,977,null,dumosa,Andrews,Torr. & A. Gray,04/07/1961,Withlacoochee Development Project.,Feb 1994,Understory in longleaf pine [Pinus palustris] forest.,Flower,null,null,null,null,"Frequent, 3-4 dm high.",null,null,null,null,FALSE,null,-81.8167,28.35
252937,2339,J. M. Kunzer,,Polk Co.,Ericaceae,Gaylussacia,null,null,80174,null,null,null,TRUE,977,null,dumosa,Andrews,Torr. & A. Gray,04/03/2008,"Ca. 1.2 km SE of FL 471 bridge over the Withlacoochee River, ca. 6 km NNE of junction FL 471 and US 98.",null,Poorly drained flatwoods.,Flower,Bud,null,null,null,null,null,null,null,null,FALSE,Colt Creek State Park,-82.04944444,28.3025
27741,8075,G. R. Cooley,"A.S. Pease, O. Lakela",Sumter Co.,Ericaceae,Gaylussacia,null,null,80417,null,null,null,TRUE,2306,null,frondosa,L.,Torr. & A. Gray ex Torr.,04/07/1961,Withlacoochee Development Project.,26-Feb-2019,Flat moist land with Vaccinium; longleaf pine [Pinus palustris] forest.,Flower,Immature Fruit,null,null,null,Abundant.,null,null,null,null,FALSE,null,-81.8167,28.35
172117,149,N. L. Mawhinney,,Citrus Co.,Ericaceae,Gaylussacia,null,null,80489,null,null,null,TRUE,2306,null,frondosa,L.,Torr. & A. Gray ex Torr.,05/18/1983,Inverness; McGregor-Smith Scout Reserver; FL 44 and Withlacoochee River.,26-Feb-2019,null,Immature Fruit,null,null,null,null,null,null,null,null,null,FALSE,null,-82.330372,28.835818
253251,2716,J. M. Kunzer,,Polk Co.,Gelsemiaceae,Gelsemium,null,null,62591,null,null,null,TRUE,874,null,sempervirens,L.,W. T. Aiton,02/19/2009,"Ca. 1.85 km SSE of FL 471 bridge over Withlacoochee River, ca. 5.5 km NNE of the junction of FL 471 and US 98.",null,Flatwoods understory.,Flower,null,null,null,null,Twining vine.,null,null,null,null,FALSE,Colt Creek State Park,-82.04555556,28.29611111
227191,2355,M. T. Strong,,Sumter Co.,Chrysobalanaceae,Geobalanus,null,null,96621,null,null,null,TRUE,2698,null,oblongifolius,Michx.,Small,22-23 May 2000,"NW side of FL 44, 1.6 km W of its junction with FL 475, ca. 9 km ENE of the Withlacoochee River (where FL 44 crosses it) and 9.6 km W of Wildwood.",11 Apr 2017,Longleaf pine [Pinus palustris] - turkey oak [Quercus laevis] sandhills.,Flower,null,null,null,null,Petals yellowish white.,null,null,null,null,FALSE,null,-82.038974,28.865264
105114,1875,P. Genelle,G. Fleming,Citrus Co.,Chrysobalanaceae,Geobalanus,null,null,96568,null,null,null,TRUE,2698,null,oblongifolius,Michx.,Small,05/27/1973,"TR 20, Citrus section.",11-Apr-2017,"Pine - oak, sand soil, full sun.",Flower,null,null,null,null,null,null,null,null,null,FALSE,Withlacoochee State Forest,-82.45,28.8667
228964,20060,S. L. Orzell,E.L. Bridges,Hamilton Co.,Chrysobalanaceae,Geobalanus,null,null,96548,null,null,null,TRUE,2698,null,oblongifolius,Michx.,Small,07/07/1992,"Ca. 0.8 mi. N of FL 6 at a point ca. 0.5 mi. E of its junction with FL 143 at Blue Springs, ca. 2 mi. E of Withlacoochee River, ca. 7 air mi. SSW of Jennings; Blue Springs Longleaf. T1N, R11E, Sec. 10, SW¼.",11-Apr-2017,Typic dry upland burned longleaf pine [Pinus palustris] savanna.,Flower,null,null,null,null,null,null,80,90,ft,FALSE,null,-83.2125,30.49722222
253062,2365,J. M. Kunzer,B.F. Hansen,Polk Co.,Geraniaceae,Geranium,null,null,62724,null,null,null,TRUE,3848,null,carolinianum,L.,null,04/15/2008,"Ca. 2.6 km SE of the C-471 bridge over the Withlacoochee River, ca. 5.3 km NNE of the C-471 and US 98 junction.",null,Pasture edge adjacent to a hydric hammock.,Bud,Flower,Immature Fruit,null,null,null,null,null,null,null,FALSE,Colt Creek State Park,-82.03972222,28.29388889
253289,2693,J. M. Kunzer,,Polk Co.,Amaranthaceae,Gomphrena,null,null,66905,null,null,null,TRUE,1278,null,serrata,L.,null,11/26/2008,"Ca. 2.6 km SSE of FL 471 bridge over the Withlacoochee River, ca. 5.3 km NNE of the junction FL 471 and US 98.",null,Disturbed edge of mesic flatwoods.,Fertile,null,null,null,null,null,null,null,null,null,FALSE,Colt Creek State Park,-82.04083333,28.29222222
204620,261,C. vanHoek,,Sumter Co.,Apocynaceae,Gonolobus,null,null,109986,null,null,null,TRUE,3135,null,suberosus,L.,R. Br.,04/24/1992,"Between canoe launch and group camping area, Croom Wildlife Management Area, Withlacoochee State Forest, ca. 2 mi. SSE of Nobleton. T21S, R21E, Sec. 31.",2004,Moist hammock.,Fertile,null,null,null,null,null,null,null,null,null,FALSE,Hog Island Recreation Area,-82.25,28.6333
27774,8055,G. R. Cooley,"A.S. Pease, O. Lakela",Sumter Co.,Plantaginaceae,Gratiola,null,null,7186,null,null,null,TRUE,3317,null,ramosa,Walter,null,04/07/1961,Withlacoochee Development Project,05/2022,Longleaf pine [Pinus palustris] forest.,Flower,null,null,null,null,"Stoloniferous, prostrate ascending, somewhat succulent plant of moist ground.  Flowers orange-yellow, tube with purplish lines, 11-13 mm long.",null,null,null,null,FALSE,null,-81.8167,28.35
27752,4042,G. R. Cooley,"A.S. Pease, O. Lakela",Sumter Co.,Plantaginaceae,Gratiola,null,null,7203,null,null,null,TRUE,3317,null,ramosa,Walter,null,04/06/1961,Withlacoochee Development Project.,05/2022,On moist ground of margin of cypress [Taxodium] pond.,Flower,Immature Fruit,null,null,null,"Limb of flower cream, tube yellow.",null,null,null,null,FALSE,null,-81.8167,28.35
105099,1862,P. Genelle,G. Fleming,Hernando Co.,Plantaginaceae,Gratiola,null,null,7212,null,null,null,TRUE,3317,null,ramosa,Walter,null,05/20/1973,Richloam section; Yankee Swamp.,05/2022,"Full sun, muck.",Flower,Fruit,null,null,null,null,null,null,null,null,FALSE,Withlacoochee State Forest,-82.1,28.5
105086,1851,P. Genelle,G. Fleming,Hernando Co.,Plantaginaceae,Gratiola,null,null,7217,null,null,null,TRUE,3317,null,ramosa,Walter,null,05/20/1973,Tower Road.,05/2022,Wet damp bog.,Flower,null,null,null,null,null,null,null,null,null,FALSE,Withlacoochee State Forest,-81.8167,28.35
264354,10384,L. Baltzell,,Sumter Co.,Plantaginaceae,Gratiola,null,null,80731,null,null,null,TRUE,3507,null,virginiana,L.,null,06/25/1978,"Along FL 48 at the Withlacoochee River, 9 mi. NW of Bushnell.",Sep 2012,Marsh along the road.,Flower,null,null,null,null,Several plants scattered; flowers white.,null,null,null,null,FALSE,null,-82.112863,28.664992
104204,1713,P. Genelle,G. Fleming,Hernando Co.,Plantaginaceae,Gratiola,null,null,248398,null,null,null,TRUE,3507,null,virginiana,L.,null,01/01/1973,Withlacoochee State Forest.,06/2022,"Croom area; river edge, wet.",Immature Fruit,Bud,null,null,null,null,null,null,null,null,FALSE,null,null,null
206121,300,C. vanHoek,S. Petty,Sumter Co.,Fabaceae,Grona,null,null,2361,null,null,null,TRUE,1495,null,triflora,L.,H. Ohashi & K. Ohashi,09/11/1992,"Croom, Hog Island Recreation Area; ca. 2 mi. SSE of Nobleton; at the campground area.  T21S, R21E, Sec. 31.",Mar 2022,Disturbed area.,Flower,null,null,null,null,null,null,null,null,null,FALSE,Withlacoochee State Forest,-82.25,28.6333
208238,379,C. vanHoek,"S. Petty, J. Blanchard",Citrus Co.,Poaceae,Gymnopogon,null,null,48952,null,null,null,TRUE,2075,null,ambiguus,Michx.,Britton et al.,10/01/1993,"Citrus Wildlife Management Area; ca. 0.5 mi. S of C-480 and ca. 0.25 mi E of Tract 13. T20S, R19E, Sec. 32.",null,Sandhill.,Fertile,null,null,null,null,null,null,null,null,null,FALSE,Withlacoochee State Forest,-82.45,28.8667
247506,2526,J. M. Kunzer,"G. Dauphin, C. Eckert",Polk Co.,Orchidaceae,Habenaria,null,null,30828,null,null,null,TRUE,958,null,quinqueseta,Michx.,Eaton,09/26/2008,"Ca. 2.5 km SSE of the FL 471 bridge over the Withlacoochee River, ca. 5.1 km NNE of the junction of FL 471 and US 98.",null,Mesic flatwoods.,Bud,Flower,null,null,null,null,null,null,null,null,FALSE,Colt Creek State Park,-82.04444444,28.29388889
171786,s.n.,M. Lopez,,Sumter Co.,Orchidaceae,Habenaria,null,null,6204,null,null,null,TRUE,3971,null,repens,Nutt.,null,06/15/1983,"Flood Detention Area, ca. 3 mi. E of FL 471, Little Withlacoochee River and North Loop Road.",null,In water in hyacinth [Eichhornia crassipes] mat.,Bud,Flower,null,null,null,null,null,null,null,null,FALSE,Green Swamp,-81.8167,28.35
122550,2152,P. Genelle,G. Fleming,Sumter Co.,Orchidaceae,Habenaria,null,null,6244,null,null,null,TRUE,3971,null,repens,Nutt.,null,06/28/1975,Cabbage Head Road.,1975,"Edge of lake, sandy soil.",Bud,Immature Fruit,null,null,null,null,null,null,null,null,FALSE,Withlacoochee State Forest,-81.8167,28.35
302721,s.n.,C. Werner,,Hernando Co.,Poaceae,Hackelochloa,null,null,245202,null,null,null,TRUE,1288,null,granularis,L.,Kuntze,09/17/2021,"Croom Tract; ca. 0.7 mi. W of Croom Nobleton Road, and ca. 0.8 mi. N of Forest Road 4.",null,Ruderal; pit with sandy bottom; former cogongrass [Imperata cylindrica] infestation that was treated multiple times with herbicide.,Fertile,null,null,null,null,null,null,null,null,null,FALSE,Withlacoochee State Forest,null,null
232008,2777,M. T. Strong,,Citrus Co.,Asteraceae,Helenium,null,null,40934,null,null,null,TRUE,2751,null,flexuosum,Raf.,null,08/26/2001,"Along sand road 0.2 - 0.6 km S of C-480, 2.5 km E of C-491, 13 km SW of Jumeau and 10 km NE of Bailey Hill.",null,Along sand road in longleaf pine [Pinus palustris] sandhills.,Bud,Flower,Fruit,null,null,Disk corollas dark reddish.,null,null,null,null,FALSE,Withlacoochee State Forest,-82.3,28.7167
120350,2190,P. Genelle,G. Fleming,Pasco Co.,Asteraceae,Helenium,null,null,40944,null,null,null,TRUE,2751,null,flexuosum,Raf.,null,08/09/1975,Clay Sink Road.,null,"Wet, shaded area.",Bud,Flower,Fruit,null,null,Ray flowers absent.,null,null,null,null,FALSE,Withlacoochee State Forest,-82.172029,28.465832
105124,1885,P. Genelle,G. Fleming,Citrus Co.,Asteraceae,Helenium,null,null,40931,null,null,null,TRUE,2751,null,flexuosum,Raf.,null,05/27/1973,"Citrus Section, TR 15.",null,Pinelands. Dry sand.,Bud,Flower,Fruit,null,null,null,null,null,null,null,FALSE,Withlacoochee State Forest,-82.45,28.8667
27385,8045,G. R. Cooley,"A.S. Pease, O.K. Lakela",Sumter Co.,Asteraceae,Helenium,null,null,40548,null,null,null,TRUE,2563,null,pinnatifidum,Schwein. ex Nutt.,Rydb.,04/06/1961,In Withlacoochee Development Project.,null,In shallow freshwater of longleaf pine [Pinus palustris] forest and cypress [Taxodium sp.] swamp.,Flower,null,null,null,null,Yellow ray and disc flowers.,null,null,null,null,FALSE,null,-81.8167,28.35
252826,2517,J. M. Kunzer,"G. Dauphin, C. Eckert",Polk Co.,Asteraceae,Helianthus,null,null,45084,null,null,null,TRUE,3497,null,angustifolius,L.,null,09/26/2008,"Ca. 2.5 km SSE of FL 471 bridge over the Withlacoochee River, ca. 5.1 km NNE of the junction of FL 471 and US 98.",null,Mesic flatwoods.,Flower,null,null,null,null,null,null,null,null,null,FALSE,Colt Creek State Park,-82.04444444,28.29388889
201059,2121,D. W. Crewz,R.P. Wain,Hernando Co.,Asteraceae,Helianthus,null,null,40465,null,null,null,TRUE,2689,null,radula,Pursh,Torr. & A. Gray,11/09/1980,"US 41 N of Brooksville r-o-w, opposite to the entrance to Chinsegut Hill Refuge.",null,R-O-W bordering pine woods.,Flower,null,null,null,null,null,null,null,null,null,FALSE,Withlacoochee State Park,-82.387871,28.555272
247501,2547,J. M. Kunzer,"G. Dauphin, C. Eckert",Polk Co.,Asteraceae,Helianthus,null,null,40475,null,null,null,TRUE,2689,null,radula,Pursh,Torr. & A. Gray,09/26/2008,"Ca. 2.5 km SSE of FL 471 bridge over the Withlacoochee River, ca. 5.1 km NNE of the FL 471 and US 98 junction.",null,Mesic flatwoods.,Flower,null,null,null,null,null,null,null,null,null,FALSE,Colt Creek State Park,-82.04361111,28.29388889
234783,s.n.,W. K. Taylor,,Hernando Co.,Poaceae,Heteropogon,null,null,48828,null,null,null,TRUE,708,null,contortus,L.,P. Beauv. ex Roemer & Schult.,11/02/2002,Croom Tract.,null,Sandhill along road.,Fertile,null,null,null,null,null,null,null,null,null,FALSE,Withlacoochee State Forest,-82.227588,28.587772
241975,13081,B. F. Hansen,,Sumter Co.,Asteraceae,Heterotheca,null,null,40187,null,null,null,TRUE,3339,null,subaxillaris,Lam.,Britton & Rusby,11/09/2005,"1.5 mi. N of Croom. T22S, R21E, Sec. 5, NE¼.",null,Sandhill.,Fruit,null,null,null,null,null,null,null,null,null,FALSE,Withlacoochee State Forest,-82.2167,28.5833
104638,1743 Ct,G. Fleming,P. Genelle,Citrus Co.,Asteraceae,Heterotheca,null,null,40338,null,null,null,TRUE,3339,null,subaxillaris,Lam.,Britton & Rusby,04/15/1973,FL 480.,null,"Roadside, edge of forest; sandy; full sun.",Flower,null,null,null,null,null,null,null,null,null,FALSE,Withlacoochee State Forest,-81.8167,28.35
120711,2192,G. Fleming,P. Genelle,Pasco Co.,Asteraceae,Heterotheca,null,null,40148,null,null,null,TRUE,3339,null,subaxillaris,Lam.,Britton & Rusby,08/09/1975,Clay Sink Road.,null,Roadside.,Flower,null,null,null,null,null,null,null,null,null,FALSE,Withlacoochee State Forest,-82.172029,28.465832
10300,6981,G. R. Cooley,"R.J. Eaton, D.B. Ward",Levy Co.,Asteraceae,Heterotheca,null,null,40331,null,null,null,TRUE,3339,null,subaxillaris,Lam.,Britton & Rusby,09/16/1959,Island in mouth of Withlacoochee River.,null,Soil largely shell conglomerate and sand and organic matter.,Flower,null,null,null,null,Ray flowers yellow.,null,null,null,null,FALSE,null,-81.8167,28.35
83009,9203,C. E. Wood,"K.A. Wilson, G.R. Cooley",Levy Co.,Orchidaceae,Hexalectris,null,null,6273,null,null,null,TRUE,3087,null,spicata,Walter,Barnhart,05/04/1959,Contact USF Herbarium if additional information is required,1959,"On low limestone ""island"" (with Sabal, Juniperus, Persea, Yucca, etc.) in salt marsh.",Flower,null,null,null,null,"Ovary, sepals & lateral petals tan, veined with reddish brown; lip white veined with magenta; column white, fleshy.",Scattered plants.,null,null,null,TRUE,null,null,null
204779,278,C. vanHoek,S. Petty,Sumter Co.,Orchidaceae,Hexalectris,null,null,6274,null,null,null,TRUE,3087,null,spicata,Walter,Barnhart,06/12/1992,Contact USF Herbarium if additional information is required,1992,null,Flower,Immature Fruit,null,null,null,null,null,null,null,null,TRUE,Withlacoochee State Forest,null,null
253137,2555,J. M. Kunzer,"G. Dauphin, C. Eckert",Polk Co.,Rubiaceae,Hexasepalum,null,null,71292,null,null,null,TRUE,3178,null,teres,Walter,J. H. Kirkbr.,09/26/2008,"Ca. 2.5 km SSE of FL 471 bridge over the Withlacoochee River, ca. 5.1 km NNE of junction FL 471 and US 98.",22 Jan 2018,Mesic flatwoods.,Fertile,null,null,null,null,null,null,null,null,null,FALSE,Colt Creek State Park,-82.04361111,28.29388889
120746,2127,P. Genelle,G. Fleming,Pasco Co.,Rubiaceae,Hexasepalum,null,null,71232,null,null,null,TRUE,3178,null,teres,Walter,J. H. Kirkbr.,06/14/1975,Richloam section.,22-Jan-2018,White sand; roadside.,Fertile,null,null,null,null,null,null,null,null,null,FALSE,Withlacoochee State Forest,-82.172029,28.465832
104797,1793,G. Fleming,P. Genelle,Hernando Co.,Asteraceae,Hieracium,null,null,40091,null,null,null,TRUE,2492,null,megacephalon,Nash,null,05/05/1973,null,1978,Sandy pineland; Pinus elliottii.,Flower,Fruit,null,null,null,null,null,null,null,null,FALSE,Withlacoochee State Forest,-81.8167,28.35
252930,2333,J. M. Kunzer,"A. Bard, S. Spaulding",Polk Co.,Asteraceae,Hieracium,null,null,45385,null,null,null,TRUE,2492,null,megacephalon,Nash,null,04/03/2008,"Ca. 1.2 km SE of the FL 471 bridge over the Withlacoochee River, ca. 6 km NNE of the junction of FL 471 and US 98.",null,Poorly drained flatwoods.,Flower,Fruit,null,null,null,null,null,null,null,null,FALSE,Colt Creek State Park,-82.05055556,18.3025
263854,9965,L. Baltzell,,Hernando Co.,Asteraceae,Hieracium,null,null,79246,null,null,null,TRUE,2492,null,megacephalon,Nash,null,10/09/1977,"Along a State Forest Road in Indianhouse Swamp, 1.8 mi. NO f FL 50, 2.5 mi. NW of Richloam.",null,null,Flower,null,null,null,null,Several scattered plants; flowers yellow.,null,null,null,null,FALSE,Withlacoochee State Forest,-82.1,28.5
253252,2719,J. M. Kunzer,,Polk Co.,Rubiaceae,Houstonia,null,null,82462,null,null,null,TRUE,3244,null,procumbens,J. F. Gmel.,Standl.,02/19/2009,"Ca. 2.5 km SE of FL 471 bridge over the Withlacoochee River, ca. 5.3 km NNE of junction FL 471 and US 98.",null,Dry bank of channelized Colt Creek.,Fertile,null,null,null,null,null,null,null,null,null,FALSE,Colt Creek State Park,-82.03972222,28.29416667
104185,1701,P. Genelle,G. Fleming,Hernando Co.,Rubiaceae,Houstonia,null,null,82393,null,null,null,TRUE,3244,null,procumbens,J. F. Gmel.,Standl.,01/08/1973,Croom area.,Sep 2001,"River edge, low water, sand, Quercus, Juglans, Taxodium, Serenoa.",Fertile,null,null,null,null,null,null,null,null,null,FALSE,Withlacoochee State Forest,-82.227588,28.587772
239256,19112,S. L. Orzell,E.L. Bridges,Sumter Co.,Rubiaceae,Houstonia,null,null,82335,null,null,null,TRUE,3244,null,procumbens,J. F. Gmel.,Standl.,03/02/1992,"N side of Center Grade Road, ca. 1.3 mi. E of junction FL 471, near Weeks Pond and N of Gator Hole Slough, ca. 7.7 mi. S of junction FL 50 at Tarrytown. T23S, R23E, Sec. 29, NW¼",Aug 2004,Wet marly pnie flatwoods and cypress [Taxodium] pond edges. Soils - Vero (Alfic Haplaquods).,Fertile,null,null,null,null,null,null,90,92,ft,FALSE,Withlacoochee State Forest,-82.03611111,28.45833333
243391,1825,J. M. Kunzer,"A. Schmidt, J. Stites, C. Liberton",Hernando Co.,Hydrocharitaceae,Hydrilla,null,null,18784,null,null,null,TRUE,1469,null,verticillata,L. f.,Royle,06/10/2006,"Withlacoochee River, ca. 5.7 km NW of the junction of FL 50 and US 98.  T22S, R21E, Sec. 27.",null,null,null,null,null,null,null,"Sessile, benthic.",null,null,null,null,FALSE,null,-81.8167,28.35
193365,88,C. vanHoek,,Pasco Co.,Araliaceae,Hydrocotyle,null,null,61825,null,null,null,TRUE,2907,null,ranunculoides,L. f.,null,10/26/1987,"Along the shores of the Withlacoochee River from High Bluffs to FL 575, 2.5 mi. E of Lacoochee.",null,null,null,null,null,null,null,null,null,null,null,null,FALSE,null,-82.172029,28.465832
245206,2188,J. M. Kunzer,,Hernando Co.,Araliaceae,Hydrocotyle,null,null,61818,null,null,null,TRUE,2907,null,ranunculoides,L. f.,null,09/22/2007,"W bank of Withlacoochee River, ca. 0.75 km (sld) NE of the FL 50 bridge over the Withlacoochee River.",null,null,null,null,null,null,null,"Floating, emergent aquatic.",null,null,null,null,FALSE,null,-82.20555556,28.52472222
185039,10376,B. F. Hansen,"R.P. Wunderlin, N. Mawhinney",Sumter Co.,Araliaceae,Hydrocotyle,null,null,14595,null,null,null,TRUE,3906,null,umbellata,L.,null,04/02/1985,"Along dirt road 1 mi. NE of FL 48, ca. 1 mi. E of the Withlacoochee River; 3 mi. NW of Wahoo.  T20S, R21E, Sec. 20, SE¼ of SE¼.",null,null,Flower,null,null,null,null,null,null,null,null,null,FALSE,null,-82.1833,28.6833
252972,2394,J. M. Kunzer,B.F. Hansen,Polk Co.,Araliaceae,Hydrocotyle,null,null,45388,null,null,null,TRUE,3906,null,umbellata,L.,null,04/15/2008,"Ca. 3.3 km SE of the FL 471 bridge over the Withlacoochee River, ca. 4.6 km NNE of the junction of FL 471 and US 98.",null,Pasture edge adjacent to Taxodium swamp.,Flower,null,null,null,null,null,null,null,null,null,FALSE,Colt Creek State Park,-82.03916667,28.28694444
305930,1165,C. F. Caudle,"M.L. Gilbert, M.S. Tisdale",Pasco Co.,Araliaceae,Hydrocotyle,null,null,252893,null,null,null,TRUE,null,null,verticillata,Thunb.,null,05/25/1963,"2-R Ranch, Withlacoochee River.",null,null,Fertile,null,null,null,null,null,null,null,null,null,FALSE,null,null,null
305928,956,C. F. Caudle,"M.L. Gilbert, M.S. Tisdale",Polk Co.,Araliaceae,Hydrocotyle,null,null,252897,null,null,null,TRUE,null,null,verticillata,Thunb.,null,06/29/1962,"Rock Ridge Road, Withlacoochee River.",null,null,Fertile,null,null,null,null,null,null,null,null,null,FALSE,null,null,null
185041,10374,B. F. Hansen,"R.P. Wunderlin, N. Mawhinney",Sumter Co.,Araliaceae,Hydrocotyle,null,null,61701,triradiata,A. Rich.,Fernald,TRUE,3074,var.,verticillata,Thunb.,null,04/02/1985,"Along dirt road 1 mi. NE of FL 48, ca. 1 mi. E of Withlacoochee River, 3 mi. NW of Wahoo.  T20S, R21E, Sec. 20, SE¼ of SE¼.",null,null,Fertile,null,null,null,null,null,null,null,null,null,FALSE,null,-82.1833,28.6833
104759,1785,P. Genelle,G. Fleming,Hernando Co.,Araliaceae,Hydrocotyle,null,null,61696,triradiata,A. Rich.,Fernald,TRUE,3074,var.,verticillata,Thunb.,null,04/22/1973,Vicinity of where Withlacoochee River enters Silver Lake.,1979,"Damp area, partial shade.",Fertile,null,null,null,null,null,null,null,null,null,FALSE,Withlacoochee State Forest,-81.8167,28.35
8512,57173,R. K. Godfrey,,Sumter Co.,Araliaceae,Hydrocotyle,null,null,61708,verticillata,null,null,TRUE,1048,var.,verticillata,Thunb.,null,06/12/1958,"Along the Withlacoochee River, E of Inverness.",1968,Swampy woodland.,Fertile,null,null,null,null,null,null,null,null,null,FALSE,null,-81.8167,28.35
227163,2586,M. T. Strong,,Sumter Co.,Hydroleaceae,Hydrolea,null,null,85203,null,null,null,TRUE,3238,null,corymbosa,J. Macbr. ex Elliott,null,09/02/2000,"0.2-0.4 km NE of fish hatchery, 8 km S of Tarrytown.",null,Border of sand road through pine flatwoods.,Flower,null,null,null,null,Corolla deep blue.,null,null,null,null,FALSE,Withlacoochee State Forest,-82.05,28.55
55815,26420,O. K. Lakela,,Citrus Co.,Amaryllidaceae,Hymenocallis,null,null,49116,null,null,null,TRUE,4098,null,rotata,Ker Gawl.,Herb.,09/17/1963,"Pineola, E of Floral City; Withlacoochee River.",1996,Margin of hammock sloping to Withlacoochee River swamp; sandy muck.,null,null,null,null,null,Several sterile plants noted.,null,null,null,null,FALSE,null,-82.2667,28.6833
108176,1918,P. Genelle,G. Fleming,Hernando Co.,Clusiaceae,Hypericum,null,null,92704,null,null,null,TRUE,1028,null,cistifolium,Lam.,null,11/18/1973,"Richloam section, road to Yankee Swamp.",null,Open field.,Fertile,null,null,null,null,null,null,null,null,null,FALSE,Withlacoochee State Forest,-82.1,28.5
253035,2345,J. M. Kunzer,,Polk Co.,Clusiaceae,Hypericum,null,null,45649,null,null,null,TRUE,539,null,fasciculatum,Lam.,null,04/03/2008,"Ca. 1.2 km SE of FL 471 bridge over the Withlacoochee River, ca. 6 km NNE of the junction of FL 471 and US 98.",null,Mowed firebreak/ecotone between poorly drained flatwoods and Taxodium dome.,Flower,null,null,null,null,Ca. 1 m tall.,null,null,null,null,FALSE,Colt Creek State Park,-82.05222222,28.30333333
105103,1866,P. Genelle,G. Fleming,Hernando Co.,Clusiaceae,Hypericum,null,null,14339,null,null,null,TRUE,539,null,fasciculatum,Lam.,null,s.d.,"Richloam section, Yankee Swamp.",25-Mar-1974,"Full sun, muck.",Flower,Fruit,null,null,null,null,null,null,null,null,FALSE,Withlacoochee State Forest,-82.1,28.5
216591,16392,S. L. Orzell,E.L. Bridges,Sumter Co.,Clusiaceae,Hypericum,null,null,14439,null,null,null,TRUE,539,null,fasciculatum,Lam.,null,04/29/1991,"N side of Center Grade Road, ca. 1.3 mi. E of its junction with FL 471, near Weeks Pond and N of Gator Hole Slough, ca. 7.7 mi. S of the junction with FL 50 at Tarrytown.  T23S, R23E, Sec. 29, NW¼.",null,Wet marly pine flatwoods and cypress [Taxodium] pond edges.  Soils - Vero (Alfic Haplaquods).,Flower,Flower,null,null,null,null,null,90,92,ft,FALSE,Withlacoochee State Forest,-82.03611111,28.45833333
228763,19759,S. L. Orzell,E.L. Bridges,Pasco Co.,Clusiaceae,Hypericum,null,null,14534,null,null,null,TRUE,539,null,fasciculatum,Lam.,null,06/29/1992,"E of unimproved access road heading S to the Withlacoochee River, ca. 0.7 mi. S of Lacoochee Park Road, ca. 1.8 air mi. SE of Lacoochee.  T23S, R22E, Sec. 30, NW¼ of SE¼.",null,Cypress [Taxodium] savanna in sandy shallow depression.  Soils - Basinger (Spodic Psammaquents).,Flower,Flower,null,null,null,null,null,70,null,ft,FALSE,Withlacoochee State Forest,-82.14583333,28.45305556
244885,s.n.,K. Holland,R. Batty,Hernando Co.,Clusiaceae,Hypericum,null,null,92982,null,null,null,TRUE,538,null,galioides,Lam.,null,03/14/2006,"N side of Florida Trail, ca. 200 yards W of FL 50, S of the Withlacoochee River.",null,Riverine floodplain - cypress [Taxodium] strand.,Fertile,null,null,null,null,Shrub 1.5 m tall; flowers yellow.,null,null,null,null,FALSE,null,-84.6667,30.2333
15831,6959,G. R. Cooley,"R.J. Eaton, J.D. Ray, Jr.",Levy Co.,Clusiaceae,Hypericum,null,null,92942,null,null,null,TRUE,2821,null,hypericoides,L.,Crantz,09/16/1959,Secon island off the mouth of Withlacoochee River.,04 Jun 1978,null,Fruit,null,null,null,null,"8 dm high, with thick growth; limited [?] sepas differ from petals; petals yellow.",null,null,null,null,FALSE,null,-81.8167,28.35
253080,2538,J. M. Kunzer,"G. Dauphin, C. Eckert",Polk Co.,Clusiaceae,Hypericum,null,null,93366,null,null,null,TRUE,2821,null,hypericoides,L.,Crantz,09/26/2008,"Ca. 2.5 km SSE of the FL 471 bridge over Withlacoochee River, ca. 5.1 km NNE of the junction of FL 471 and US 98.",null,Mesic flatwoods.,Flower,Fruit,null,null,null,null,null,null,null,null,FALSE,Colt Creek State Park,-82.04444444,28.29388889
245114,3668,M. T. Strong,null,Sumter Co.,Clusiaceae,Hypericum,null,null,93379,null,null,null,TRUE,2821,null,hypericoides,L.,Crantz,08/27/2006,"Cemetery grounds, at Florida National Cemetery, ca. 9.7 km (by air) SW of Bushnell, bordering Withlacoochee State Forest.",null,Edge of hammock.,Immature Fruit,null,null,null,null,Petals yellow.,null,null,null,null,FALSE,null,-82.112863,28.664992
10287,7243,G. R. Cooley,"J.D. Ray, Jr.",Hernando Co.,Clusiaceae,Hypericum,null,null,14198,null,null,null,TRUE,3508,null,mutilum,L.,null,01/06/1960,Upper flood-banks of the Withlacoochee River.,null,null,Fruit,null,null,null,null,null,null,null,null,null,FALSE,null,-81.8167,28.35
122560,2140,P. Genelle,G. Fleming,Pasco Co.,Clusiaceae,Hypericum,null,null,14205,null,null,null,TRUE,3508,null,mutilum,L.,null,06/28/1975,"Richloam section, S of Slaughter.",null,Wet roadside ditch.,Flower,Fruit,null,null,null,null,null,null,null,null,FALSE,Withlacoochee State Forest,-82.0667,28.4667
105084,1849,P. Genelle,G. Fleming,Hernando Co.,Clusiaceae,Hypericum,null,null,14212,null,null,null,TRUE,3508,null,mutilum,L.,null,05/20/1973,"Richloam section; Forest Road, off Tower Road.",null,"Damp, sandy, shaded.",Flower,Fruit,null,null,null,null,null,null,null,null,FALSE,Withlacoochee State Forest,-82.1,28.5
120819,2150,P. Genelle,G. Fleming,Sumter Co.,Clusiaceae,Hypericum,null,null,14213,null,null,null,TRUE,3508,null,mutilum,L.,null,06/28/1975,Cabbage Head Road.,null,"Moist edge of lake, sandy soil.",Flower,Fruit,null,null,null,null,null,null,null,null,FALSE,Withlacoochee State Forest,-81.8167,28.35
216606,16440,S. L. Orzell,E.L. Bridges,Sumter Co.,Clusiaceae,Hypericum,null,null,14288,null,null,null,TRUE,3508,null,mutilum,L.,null,04/29/1991,"N side of Center Grade Road, ca. 1.3 mi. E of its junction with FL 471, near Weeks Pond and N of Gator Hole Slough, ca. 7.7 mi. S of the junction with FL 50 at Tarrytown.  T23S, R23E, Sec. 29, NW¼.",null,Wet marly pine flatwoods and cypress [Taxodium] pond edges.  Soils - Vero (Alfic Haplaquods).,Flower,Fruit,null,null,null,null,null,90,92,ft,FALSE,Withlacoochee State Forest,-82.03611111,28.45833333
299742,463,C. F. Caudle,"M.L. GIlbert, M.S. Tisdale",Polk Co.,Clusiaceae,Hypericum,null,null,231595,null,null,null,TRUE,1014,null,myrtifolium,Lam.,null,06/19/1962,Withlacoochee River.,2018,Woods.,Flower,null,null,null,null,null,null,null,null,null,FALSE,null,-81.8167,28.35
208167,s.n.,S. Petty,C. vanHoek,Citrus Co.,Clusiaceae,Hypericum,null,null,92753,null,null,null,TRUE,1038,null,punctatum,Lam.,null,08/13/1993,"Citrus Wildlife Management Area; W side of Forest Road 11b, ca. 0.25 mi. N of Forest Road 24.  T21S, R19E, Sec. 4.",null,null,Fruit,null,null,null,null,null,null,null,null,null,FALSE,Withlacoochee State Forest,-82.45,28.8667
299710,449,C. F. Caudle,"M.L. GIlbert, M.S. Tisdale",Polk Co.,Clusiaceae,Hypericum,null,null,231596,null,null,null,TRUE,3004,null,tenuifolium,Pursh,null,06/19/1962,Withlacoochee River.,2018,Woods.,Flower,null,null,null,null,null,null,null,null,null,FALSE,null,-81.8167,28.35
299708,492,C. F. Caudle,"M.L. GIlbert, M.S. Tisdale",Polk Co.,Clusiaceae,Hypericum,null,null,231597,null,null,null,TRUE,3004,null,tenuifolium,Pursh,null,Jun 1962,Withlacoochee River.,2018,Woods.,Flower,null,null,null,null,null,null,null,null,null,FALSE,null,-81.8167,28.35
120849,2107,P. Genelle,G. Fleming,Pasco Co.,Clusiaceae,Hypericum,null,null,90862,null,null,null,TRUE,3004,null,tenuifolium,Pursh,null,06/14/1975,Richloam section.,Mar 2008,"Pinelands; soil sandy, white.",Flower,null,null,null,null,null,null,null,null,null,FALSE,Withlacoochee State Forest,-82.172029,28.465832
27397,8068,G. R. Cooley,"A.S. Pease, O. Lakela",Sumter Co.,Clusiaceae,Hypericum,null,null,13911,null,null,null,TRUE,654,null,tetrapetalum,Lam.,null,04/07/1961,Withlacoochee Development Project.,04-Jun-1978,"In longleaf pine [Pinus palustris] forest, with low shrubs and grasses.",Flower,null,null,null,null,null,Frequent,null,null,null,FALSE,null,-81.8167,28.35
252817,2523,J. M. Kunzer,"G. Dauphin, C. Eckert",Polk Co.,Clusiaceae,Hypericum,null,null,45079,null,null,null,TRUE,654,null,tetrapetalum,Lam.,null,09/26/2008,"Ca. 2.5 km SSE of FL 471 bridge over the Withlacoochee River, ca. 5.1 km NNE of the junction of FL 471 and US 98.",null,Mesic flatwoods.,Flower,null,null,null,null,null,null,null,null,null,FALSE,Colt Creek State Park,-82.04444444,28.29388889
227167,2585,M. T. Strong,,Sumter Co.,Clusiaceae,Hypericum,null,null,14009,null,null,null,TRUE,654,null,tetrapetalum,Lam.,null,09/02/2000,"0.5-1.0 km E of FL 471, ca. 16 km S of Tarrytown.",null,Pine flatwoods.,Fertile,null,null,null,null,null,null,null,null,null,FALSE,Withlacoochee State Forest,-82.05,28.55
104839,1835,P. Genelle,G. Fleming,Sumter Co.,Clusiaceae,Hypericum,null,null,13924,null,null,null,TRUE,654,null,tetrapetalum,Lam.,null,05/06/1973,"Richloam section, River Road.",null,"Moist pinelands, open sun.",Flower,Fruit,null,null,null,null,null,null,null,null,FALSE,Withlacoochee State Forest,-81.8167,28.35
161056,337,G. Robinson,,Sumter Co.,Clusiaceae,Hypericum,null,null,90158,null,null,null,TRUE,3397,null,virginicum,L.,null,09/29/1981,"Along the Little Withlacoochee River, ca. 5 mi. SE of Tarrytown.  T23S, R23E, Sec. 9, NW¼.",18-Sep-2017,Cypress [Taxodium] slough.,Fruit,null,null,null,null,null,null,null,null,null,FALSE,null,-82.05,28.55
27749,8006,G. R. Cooley,"A.S. Pease, O. Lakela",Sumter Co.,Hypoxidaceae,Hypoxis,null,null,104027,null,null,null,TRUE,2412,null,curtissii,Rose,null,04/05/1961,Withlacoochee Development Project.,1992,Pasture area of longleaf pine [Pinus palustris] - oak forest.,Flower,Fruit,null,null,null,"Perianth yellow, green and pubescent on the back.",null,null,null,null,FALSE,null,-81.8167,28.35
1605,5717,G. R. Cooley,"J. Monachino, R.J. Eaton",Sumter Co.,Hypoxidaceae,Hypoxis,null,null,104015,null,null,null,TRUE,2412,null,curtissii,Rose,null,03/25/1958,Near Withlacoochee River at FL 48.,1992,Damp shaded path.,Flower,null,null,null,null,"Corm with dark scales; leaves flat to the apex, trough-shaped to the base; flowers yellow within filaments yellow, the longer opposite the sepals.",null,null,null,null,FALSE,null,-81.8167,28.35
43137,8208,G. R. Cooley,"R.J. Eaton, Esp. et al.",Hernando Co.,Hypoxidaceae,Hypoxis,null,null,103973,null,null,null,TRUE,2412,null,curtissii,Rose,null,05/01/1961,"SW of Withlacoochee FL 50. T23S, R22E, Sec. 4",1992,"Magnolia - live oak [Quercus virginiana] hammock with Osmanthus, Liquidambar, Ulmus floridana, Callicarpa, Morinda royoc, Serenoa.",Flower,Fruit,null,null,null,"Seeds black, papillose; leaves essentially glabrous; capsules greenish yellow.",null,null,null,null,FALSE,null,-81.8167,28.35
162075,452,G. Robinson,,Sumter Co.,Hypoxidaceae,Hypoxis,null,null,104026,null,null,null,TRUE,2412,null,curtissii,Rose,null,11/12/1981,"Along Withlacoochee River, ca. 2.75 mi. SE of Cumpressco. T25S, R23E, Sec. 9, SW¼.",1992,Low hardwood forest.,Flower,null,null,null,null,null,null,null,null,null,FALSE,null,-82.0333,28.35
253076,2497,J. M. Kunzer,"A. Bard, J. Stout, A. Franck",Polk Co.,Hypoxidaceae,Hypoxis,null,null,103996,null,null,null,TRUE,2412,null,curtissii,Rose,null,09/03/2008,"Ca. 4.4 km SSE of FL 471 bridge over the Withlacoochee River, ca. 3.2 km NNE of junction FL 471 and US 98.",null,Hydric hammock.,Fruit,null,null,null,null,null,null,null,null,null,FALSE,Colt Creek State Park,-82.0425,28.27472222
238748,3066,M. T. Strong,,Citrus Co.,Hypoxidaceae,Hypoxis,null,null,103997,null,null,null,TRUE,2412,null,curtissii,Rose,null,12/28/2002,"S side of FL 44, Tsala Apopka Lake region, 4-5 km W of the Withlacoochee River, ca. 7 km E of Inverness.",null,Wet hammock forest.,Fruit,null,null,null,null,null,null,null,null,null,FALSE,null,-82.330372,28.835818
120747,2117,P. Genelle,G. Fleming,Pasco Co.,Hypoxidaceae,Hypoxis,null,null,104043,null,null,null,TRUE,2412,null,curtissii,Rose,null,06/14/1975,Richloam section.,1992,Glades.,Flower,null,null,null,null,null,null,null,null,null,FALSE,Withlacoochee State Forest,-82.172029,28.465832
104195,1703,P. Genelle,G. Fleming,Hernando Co.,Hypoxidaceae,Hypoxis,null,null,103976,null,null,null,TRUE,2412,null,curtissii,Rose,null,01/08/1973,Croom area.,1992,"River edge; low water, sand; association with Quercus, Juglans, Taxodium, Serenoa.",Flower,Fruit,null,null,null,null,null,null,null,null,FALSE,Withlacoochee State Forest,-82.227588,28.587772
252952,2328,J. M. Kunzer,"A. Bard, S. Spaulding",Polk Co.,Hypoxidaceae,Hypoxis,null,null,104058,null,null,null,TRUE,3312,null,juncea,Sm.,null,04/03/2008,"Ca. 4.4 km SE of FL 471 bridge over the Withlacoochee River, ca. 4.9 km NE of junction FL 471 and US 98.",null,Mesic flatwoods.,Flower,Fruit,null,null,null,null,null,null,null,null,FALSE,Colt Creek State Park,-82.02555556,28.28277778
120690,2104,P. Genelle,G. Fleming,Pasco Co.,Hypoxidaceae,Hypoxis,null,null,104082,null,null,null,TRUE,3312,null,juncea,Sm.,null,06/14/1975,"Withlacoochee State Forest, Richloam section.",Oct 1986,"Edge of cypress [Taxodium] swamp; dry, sandy soil.",Flower,Fruit,null,null,null,null,null,null,null,null,FALSE,null,-82.172029,28.465832
161048,346,G. Robinson,,Sumter Co.,Lamiaceae,Hyptis,null,null,58123,null,null,null,TRUE,2859,null,alata,Raf.,Shinners,09/29/1981,"Along the Little Withlacoochee River, ca. 5 mi. SE of Tarrytown. T23S, R23E, Sec. 9, NW¼.",null,Cypress [Taxodium] slough.,Fertile,null,null,null,null,null,null,null,null,null,FALSE,null,-82.05,28.55
252819,2522,J. M. Kunzer,"G. Dauphin, C. Eckert",Polk Co.,Lamiaceae,Hyptis,null,null,58002,null,null,null,TRUE,2859,null,alata,Raf.,Shinners,09/26/2008,"Ca. 2.5 km SSE of the C-471 bridge over the Withlacoochee River, ca. 5 km NE of the C-471 and US 98 junction.",null,Mesic flatwoods.,Fertile,null,null,null,null,null,null,null,null,null,FALSE,Colt Creek State Park,-82.04444444,28.29388889
288229,7317A,M. L. Gilbert,,Pasco Co.,Lamiaceae,Hyptis,null,null,141999,null,null,null,TRUE,2859,null,alata,Raf.,Shinners,09/07/1968,Withlacoochee Road.,2016,null,Flower,null,null,null,null,null,null,null,null,null,FALSE,null,-82.172029,28.465832
241932,13084,B. F. Hansen,,Sumter Co.,Aquifoliaceae,Ilex,null,null,88310,,null,null,TRUE,2048,,ambigua,Michx.,Torr.,11/09/2005,"Ca. 1.5 mi. N of Croom. T22S, R21E, Sec. 5, NE¼.",27-Mar-2013,Sandhill.,null,null,null,null,null,null,null,null,null,null,FALSE,Withlacoochee State Forest,-82.2167,28.5833
104748,1774,P. Genelle,G. Fleming,Hernando Co.,Aquifoliaceae,Ilex,null,null,88074,,null,null,TRUE,2048,,ambigua,Michx.,Torr.,04/22/1973,"Croom section, road edge, near Silver Lake Recreation Area.",1989,"Sandy, dry, shaded.",Flower,null,null,null,null,null,null,null,null,null,FALSE,Withlacoochee State Forest,-82.227588,28.587772
178389,s.n.,T. F. Rochow,,Polk Co.,Aquifoliaceae,Ilex,null,null,88043,,null,null,TRUE,2048,,ambigua,Michx.,Torr.,10/11/1983,"NE of US 98, close to Withlacoochee River. T25S, R22E, Sec. 28.",1989,null,Fruit,null,null,null,null,null,null,null,null,null,FALSE,null,-81.8167,28.35
253163,2602,J. M. Kunzer,G. Dauphin,Polk Co.,Aquifoliaceae,Ilex,null,null,46001,cassine,null,null,TRUE,3866,var.,cassine,L.,null,09/26/2008,"Ca. 1 km SSE of the FL 471 bridge over Withlacoochee River, ca. 6.3 km NNE of the junction of FL 471 and US 98.",null,Hydric hammock.,Fruit,null,null,null,null,"Small tree ca. 5 m tall, ca. 12 cm dbh.",null,null,null,null,FALSE,Colt Creek State Park,-82.05333333,28.30611111
104822,1818,P. Genelle,G. Fleming,Hernando Co.,Aquifoliaceae,Ilex,null,null,13621,cassine,null,null,TRUE,3866,var.,cassine,L.,null,05/06/1973,"Richloam section, Tower road.",null,Roadside.,Flower,null,null,null,null,null,null,null,null,null,FALSE,Withlacoochee State Forest,-82.1,28.5
108382,1903,P. Genelle,G. Fleming,Hernando Co.,Aquifoliaceae,Ilex,null,null,13692,cassine,null,null,TRUE,3866,var.,cassine,L.,null,11/18/1973,"Richloam section, Fire Tower Road.",Dec 1980,Swamp edge.,Flower,null,null,null,null,null,null,null,null,null,FALSE,Withlacoochee State Forest,-82.1,28.5
27400,8074,G. R. Cooley,"A.S. Pease, O. Lakela",Sumter Co.,Aquifoliaceae,Ilex,null,null,13536,null,null,null,TRUE,3793,null,glabra,L.,A. Gray,04/07/1961,Withlacoochee Development Project.,Dec 1980,"Longleaf pine [Pinus palustris], with Myrica, running oaks [Quercus minima].",Bud,Flower,null,null,null,Shrubs in understory; flowers mostly in bud stage.,null,null,null,null,FALSE,null,-81.8167,28.35
162071,462,G. Robinson,,Sumter Co.,Aquifoliaceae,Ilex,null,null,13464,null,null,null,TRUE,3793,null,glabra,L.,A. Gray,11/12/1981,"Along the Withlacoochee River, ca. 2.75 mi. SE of Cumpressco.  T25S, R23E, Sec. 9, SW¼.",null,null,null,null,null,null,null,null,null,null,null,null,FALSE,null,-82.0333,28.35
227242,2543,M. T. Strong,,Hernando Co.,Aquifoliaceae,Ilex,null,null,13547,null,null,null,TRUE,3793,null,glabra,L.,A. Gray,08/29/2000,"Just N and S of sand road W of FL 471 and fish hatchery, just N of the Hernando/Polk County line, 8 km S of Tarrytown, and 9-11 km NE of Lacoochee.",null,Pine flatwoods.,Immature Fruit,null,null,null,null,null,null,null,null,null,FALSE,Withlacoochee State Forest,-82.45,28.5333
108175,1917,P. Genelle,G. Fleming,Hernando Co.,Aquifoliaceae,Ilex,null,null,13431,null,null,null,TRUE,3793,null,glabra,L.,A. Gray,11/18/1973,Richloam section; road to Yankee Swamp.,null,Open pinelands.,Flower,Fruit,null,null,null,null,null,null,null,null,FALSE,Withlacoochee State Forest,-82.1,28.5
104830,1826,P. Genelle,G. Fleming,Sumter Co.,Aquifoliaceae,Ilex,null,null,13513,null,null,null,TRUE,3793,null,glabra,L.,A. Gray,05/05/1973,River Road.,Dec 1980,"Sandy pinelands, full sun.",Flower,null,null,null,null,null,null,null,null,null,FALSE,Withlacoochee State Forest,-81.8167,28.35
122559,2153,P. Genelle,G. Fleming,Sumter Co.,Aquifoliaceae,Ilex,null,null,13514,null,null,null,TRUE,3793,null,glabra,L.,A. Gray,06/28/1975,Cabbage Head Road.,Dec 1980,Pinelands.,Fruit,null,null,null,null,null,null,null,null,null,FALSE,Withlacoochee State Forest,-81.8167,28.35
245682,13228,B. F. Hansen,J. Hansen,Hamilton Co.,Aquifoliaceae,Ilex,null,null,88368,opaca,null,null,TRUE,3826,var.,opaca,Aiton,null,06/13/2008,"Along the N side of FL 6, 0.25 mi. E of the Withlacoochee River bridge, ca. 1.5 mi. W of Blue Springs. T1N, R11E, Sec. 17, SW¼.",null,Mixed deciduous forest and weedy edges.,null,null,null,null,null,null,null,null,null,null,FALSE,null,-81.8167,28.35
185066,10356,B. F. Hansen,"R.P. Wunderlin, N. Mawhinney",Sumter Co.,Aquifoliaceae,Ilex,null,null,88346,opaca,null,null,TRUE,3826,var.,opaca,Aiton,null,04/02/1985,"Along dirt road 1 mi. NE of FL 48, ca. 1 mi. E of Withlacoochee River; 3 mi. NW of Wahoo. T20S, R21E, Sec. 20, SE¼ of SE¼.",null,Drier site.,Flower,null,null,null,null,Small tree 6 m tall.,null,null,null,null,FALSE,null,-82.1833,28.6833
55490,25777,O. K. Lakela,,Citrus Co.,Aquifoliaceae,Ilex,null,null,88386,opaca,null,null,TRUE,3826,var.,opaca,Aiton,null,04/13/1963,"Off FL 491, S of Lecanto.",Dec 1980,Open oak forest with Juniperus over pink limestone outcrops.,Flower,null,null,null,null,Frequent; large trees to 6 m tall.,null,null,null,null,FALSE,Withlacoochee State Forest,-82.487598,28.851649
15623,6967,G. R. Cooley,"R.J. Eaton, D.B. Ward",Levy Co.,Aquifoliaceae,Ilex,null,null,88589,null,null,null,TRUE,2337,null,vomitoria,Aiton,null,09/16/1959,2nd island off the mouth of the Withlacoochee River.,null,null,null,null,null,null,null,Low shrub.,null,null,null,null,FALSE,null,-81.8167,28.35
246542,2388,J. M. Kunzer,B.F. Hansen,Polk Co.,Poaceae,Imperata,null,null,28823,null,null,null,TRUE,1407,null,cylindrica,L.,P. Beauv.,04/15/2008,"Ca. 2.6 km SE of FL 471 bridge over the Withlacoochee River, ca. 5.3 km NNE of the junction of FL 471 and US 98.",null,Disturbed mesic flatwoods and firebreak.,Fertile,null,null,null,null,null,null,null,null,null,FALSE,Colt Creek State Park,-82.03972222,28.29388889
227047,2331,M. T. Strong,,Sumter Co.,Fabaceae,Indigofera,null,null,2966,null,null,null,TRUE,998,null,caroliniana,Mill.,null,22-23 May 2000,"NW side of FL 44, 1.6 km W of its junction with FL 475, ca. 9 km. ENE of the Withlacoochee River (where FL 44 crosses it), and 9.6 km W of Wildwood.",2000,Longleaf pine [Pinus palustris] - turkey oak [Quercus laevis] sandhills.,Flower,null,null,null,null,null,null,null,null,null,FALSE,null,-82.038974,28.865264
227079,2502,M. T. Strong,,Sumter Co.,Fabaceae,Indigofera,null,null,2977,null,null,null,TRUE,998,null,caroliniana,Mill.,null,08/28/2000,"NW side of FL 44, 1.6 km. W of its junction with FL 475, ca. 9 km ENE of the Withlacoochee River (where FL 44 crosses it) and 9.6 km W of Wildwood.",2000,Longleaf pine [Pinus palustris] - turkey oak [Quercus laevis] sandhills.,Fruit,null,null,null,null,null,null,null,null,null,FALSE,null,-82.038974,28.865264
206125,299,C. vanHoek,S. Petty,Sumter Co.,Fabaceae,Indigofera,null,null,2999,null,null,null,TRUE,1663,null,hirsuta,L.,null,09/11/1992,"At the canoe launch, Withlacoochee River at Hog Island Recreational Area, Croom; ca. 2 mi. SSE of Nobleton.  T21S, R21E, Sec. 31.",1992,Riverbank.,Flower,null,null,null,null,null,null,null,null,null,FALSE,Withlacoochee State Forest,-82.25,28.6333
302312,s.n.,C. Werner,,Hernando Co.,Fabaceae,Indigofera,null,null,243889,null,null,null,TRUE,392,null,suffruticosa,Mill.,null,01/15/2020,Annuteliga Unit.,null,Edge of dirt road with Paspalum notatum undera canopy of Quercus laurifolia and Liquidambar styraciflua.,Fruit,null,null,null,null,null,null,null,null,null,FALSE,Withlacoochee State Forest,-82.45222222,28.68
206074,294,C. vanHoek,S. Petty,Sumter Co.,Convolvulaceae,Ipomoea,null,null,61108,null,null,null,TRUE,1277,null,macrorhiza,Michx.,null,08/28/1992,"Station 12, nature trail; Withlacoochee State Forest.",null,Sandy soil.,Fertile,null,null,null,null,null,null,null,null,null,FALSE,Hog Island Recreation Area,-81.8167,28.35
120358,2173,P. Genelle,G. Fleming,Pasco Co.,Convolvulaceae,Ipomoea,null,null,60925,null,null,null,TRUE,3540,null,pandurata,L.,G. Mey.,08/09/1975,Clay Sink Road.,Oct 1977,"Roadside, full sun.",Flower,null,null,null,null,null,null,null,null,null,FALSE,Withlacoochee State Forest,-82.172029,28.465832
9806,6950,G. R. Cooley,"R.J. Eaton, D.B. Ward",Levy Co.,Convolvulaceae,Ipomoea,null,null,60705,null,null,null,TRUE,553,null,sagittata,Poir.,null,09/16/1959,Yankeetown; on off-shore island at mouth of Withlacoochee River.,Oct 1977,Shell conglomerate and sand.,Flower,null,null,null,null,"Vine; flowers purplish pink, Munsell hue 10P 7/7.",null,null,null,null,FALSE,null,-82.823055,29.031521
120357,2175,P. Genelle,G. Fleming,Pasco Co.,Convolvulaceae,Ipomoea,null,null,60685,null,null,null,TRUE,553,null,sagittata,Poir.,null,08/09/1975,May Place Road.,Oct 1977,"Roadside, shaded area.",Flower,null,null,null,null,null,null,null,null,null,FALSE,Withlacoochee State Forest,-82.172029,28.465832
15938,6962,G. R. Cooley,"R.J. Eaton, J.D. Ray, Jr.",Levy Co.,Amaranthaceae,Iresine,null,null,66958,null,null,null,TRUE,3079,null,diffusa,Humb. & Bonpl. ex Willd.,null,09/16/1959,The second island off the mouth of the Withlacoochee River.,1982,null,Fertile,null,null,null,null,null,null,null,null,null,FALSE,null,-81.8167,28.35
55845,26410,O. K. Lakela,"R. Lassiter, J.A. Lassiter",Citrus Co.,Amaranthaceae,Iresine,null,null,67000,null,null,null,TRUE,3079,null,diffusa,Humb. & Bonpl. ex Willd.,null,09/17/1963,"Withlacoochee River, E of Pineola.",1982,Remnants of ancient fern grottoes and associations of notably large trees; limestone formations.,Fertile,null,null,null,null,Few noted.,null,null,null,null,FALSE,null,-82.2667,28.6833
185036,10379,B. F. Hansen,"R.P. Wunderlin, N. Mawhinney",Sumter Co.,Iridaceae,Iris,null,null,87022,null,null,null,TRUE,3156,null,savannarum,Small,null,04/02/1985,"Along dirt road 1 mi. NE of FL 48, ca. 1 mi. E of Withlacoochee River; 3 mi. NW of Wahoo. T20S, R21E, Sec. 20, SE¼ of SE¼.",25 May 2017,null,Flower,null,null,null,null,null,null,null,null,null,FALSE,null,-82.1833,28.6833
27765,8017,G. R. Cooley,null,Sumter Co.,Iridaceae,Iris,null,null,87007,null,null,null,TRUE,3156,null,savannarum,Small,null,04/05/1961,Withlacoochee Development Project.,25-May-2017,Ditches and pond margins of longleaf [pine; Pinus palustris] - oak forest.,Flower,null,null,null,null,"Frequent; blade of sepals purple, base yellow with green veins, area betwen purple and yellow, white with purple veins; petaloid ends of styles lavender to purple.",null,null,null,null,FALSE,null,-81.8167,28.35
1621,5896,G. R. Cooley,"J. Monachino, R.J. Eaton",Citrus Co.,Iridaceae,Iris,null,null,87010,null,null,null,TRUE,3156,null,savannarum,Small,null,03/25/1958,"Backwaters of Withlacoochee River, Pineola.",25 May 2017,null,Flower,null,null,null,null,Sepals blue-violet with yellow midrib and yellow splotch towards base.,null,null,null,null,FALSE,null,-82.2667,28.6833
1616,5895,G. R. Cooley,"J. Monachino, R.J. Eaton",Sumter Co.,Iridaceae,Iris,null,null,87011,null,null,null,TRUE,3156,null,savannarum,Small,null,03/25/1958,Backwaters of Withlacoochee River.,25 May 2017,null,Flower,null,null,null,null,"Sepals blue-violet, with yellow midrib.",null,null,null,null,FALSE,null,-81.8167,28.35
1620,5896,G. R. Cooley,"J. Monachino, R.J. Eaton",Sumter Co.,Iridaceae,Iris,null,null,87015,null,null,null,TRUE,3156,null,savannarum,Small,null,03/25/1958,Backwaters of Withlacoochee River.,25 May 2017,null,null,null,null,null,null,Sepals blue-violet with yellow midrib and yellow splotch towards base.,null,null,null,null,FALSE,null,-81.8167,28.35
228187,607,J. H. Scudder,,Sumter Co.,Isoetaceae,Isoetes,null,null,62082,null,null,null,TRUE,2508,null,flaccida,Shuttlew. ex A. Braun,null,12/04/1985,"N side of Little Withlacoochee River, E side of FL 471.",Jun 2007,In moving water; full sun and light.,Fertile,null,null,null,null,null,null,null,null,null,FALSE,null,-81.8167,28.35
228186,620,J. H. Scudder,,Sumter Co.,Isoetaceae,Isoetes,null,null,62091,null,null,null,TRUE,2508,null,flaccida,Shuttlew. ex A. Braun,null,03/17/1990,"Little Withlacoochee River, N side at crossing of FL 471.",Jun 2007,null,Fertile,null,null,null,null,null,null,null,null,null,FALSE,null,-81.8167,28.35
200776,s.n.,R. Eilers,,Levy Co.,Isoetaceae,Isoetes,null,null,62093,null,null,null,TRUE,2508,null,flaccida,Shuttlew. ex A. Braun,null,09/26/1986,"N bank of Withlacoochee River, ca. 2.5 mi. upstream from mouth.",Jun 2007,Submerged at edge of bank in highly organic soil.,Fertile,null,null,null,null,null,null,null,null,null,FALSE,null,-81.8167,28.35
185035,10380,B. F. Hansen,"R.P. Wunderlin, N. Mawhinney",Sumter Co.,Iteaceae,Itea,null,null,13229,null,null,null,TRUE,3531,null,virginica,L.,null,04/02/1985,"Along dirt road 1 mi. NE of FL 48, ca. 1 mi. E of the Withlacoochee River; 3 mi. NW of Wahoo.  T20S, R21E, Sec. 20, SE¼ of SE¼.",null,null,Flower,null,null,null,null,null,null,null,null,null,FALSE,null,-82.1833,28.6833
161035,331,G. Robinson,,Sumter Co.,Iteaceae,Itea,null,null,13288,null,null,null,TRUE,3531,null,virginica,L.,null,09/29/1981,"Along the Little Withlacoochee River, ca. 5 mi. SE of Tarrytown.  T23S, R23E, Sec. 9, NW¼.",null,Cypress [Taxodium] slough.,Fruit,null,null,null,null,null,null,null,null,null,FALSE,null,-82.05,28.55
105088,1853,P. Genelle,G. Fleming,Hernando Co.,Iteaceae,Itea,null,null,13250,null,null,null,TRUE,3531,null,virginica,L.,null,05/20/1973,Tower Road.,null,Damp; partial shade.,Fruit,null,null,null,null,null,null,null,null,null,FALSE,Withlacoochee State Forest,-81.8167,28.35
217804,556,C. vanHoek,"S. Petty, J. Buckner",Sumter Co.,Juncaceae,Juncus,null,null,109154,null,null,null,TRUE,3684,null,bufonius,L.,null,05/10/1996,"S side of Center Grade, ca. 2 mi. E of FL 471; Richloam Wildlife Management Area. T23S, R23E, Sec. 29, NE¼.",null,Grassy area.,Fertile,null,null,null,null,null,null,null,null,null,FALSE,Withlacoochee State Forest,-81.8167,28.35
246461,2391,J. M. Kunzer,B.F. Hansen,Polk Co.,Juncaceae,Juncus,null,null,109152,null,null,null,TRUE,3684,null,bufonius,L.,null,04/15/2008,"Ca. 3.3 km SE of FL 471 bridge over the Withlacoochee River, ca. 4.6 km NE of junction FL 471 and US 98.",null,Pasture edge adjacent to hydric hammock.,Fertile,null,null,null,null,null,null,null,null,null,FALSE,Colt Creek State Park,-82.03916667,28.28694444
217744,555,C. vanHoek,"S. Petty, J. Buckner",Sumter Co.,Juncaceae,Juncus,null,null,111488,null,null,null,TRUE,3880,null,dichotomus,Elliott,null,05/10/1996,"Richloam Wildlife Management Area; S side of Center Grade, ca. 2 mi. E of FL 471. T23S, R23E, Sec. 29, NE¼.",null,Grassy area.,Fertile,null,null,null,null,null,null,null,null,null,FALSE,Withlacoochee State Forest,-81.8167,28.35
27382,8048,G. R. Cooley,"A.S. Pease, O. Lakela",Sumter Co.,Juncaceae,Juncus,null,null,111579,solutus,Fernald & Wiegand,Hamet-Ahti,TRUE,2205,subsp.,effusus,L.,null,04/06/1961,null,null,Wet area of of longleaf pine [Pinus palustris] forest.,Fertile,null,null,null,null,null,null,null,null,null,FALSE,Withlacoochee Development Project,-81.8167,28.35
9591,6574,G. R. Cooley,R.J. Eaton,Levy Co.,Juncaceae,Juncus,null,null,111588,solutus,Fernald & Wiegand,Hamet-Ahti,TRUE,2205,subsp.,effusus,L.,null,04/27/1959,Site of power dam on Withlacoochee River.,null,Fresh water.,Fertile,null,null,null,null,null,null,null,null,null,FALSE,null,-81.8167,28.35
208188,366,C. vanHoek,S. Petty,Citrus Co.,Juncaceae,Juncus,null,null,111967,null,null,null,TRUE,3068,null,marginatus,Rostk.,null,06/04/1993,"Brush Sink, near the Florida Trail, in Citrus Wildlife Management Area. T 20S, R18E, Sec. 32, NW¼.",null,Marshy edge.,Fertile,null,null,null,null,null,null,null,null,null,FALSE,Withlacoochee State Forest,-82.45,28.8667
253171,2574,J. M. Kunzer,"G. Dauphin, C. Eckert",Polk Co.,Juncaceae,Juncus,null,null,111868,null,null,null,TRUE,3068,null,marginatus,Rostk.,null,09/26/2008,"Ca. 2.2 km SSE of FL 471 bridge over the Withlacoochee River, ca. 5.5 km NNE of the junction of FL 471 and US 98.",null,Disturbed hammock edge.,Fertile,null,null,null,null,null,null,null,null,null,FALSE,Colt Creek State Park,-82.04194444,28.29666667
238777,3058,M. T. Strong,,Citrus Co.,Juncaceae,Juncus,null,null,112028,null,null,null,TRUE,3068,null,marginatus,Rostk.,null,12/28/2002,"NW side of FL 581, ca. 1.3 km SW of Withlacoochee River, and ca. 8 air km NE of Inverness.",null,Wet grass/sedge meadow.,Fertile,null,null,null,null,null,null,null,null,null,FALSE,null,-82.330372,28.835818
216437,16441,S. L. Orzell,E.L. Bridges,Sumter Co.,Juncaceae,Juncus,null,null,111953,null,null,null,TRUE,3068,null,marginatus,Rostk.,null,04/29/1991,"N side of Center Grade Road, ca. 1.3 mi. E of junction FL 471, near Weeks Pond and N of Gator Hole Slough, ca. 7.7 mi. S of junction FL 50 at Tarrytown. T23S, R23E, Sec. 29, NW¼.",01-Jun-2015,Wet marly pnie flatwoods and cypress [Taxodium] pond edges. Soils - Vero (Alfic Haplaquods).,Fertile,null,null,null,null,null,null,90,92,ft,FALSE,Withlacoochee State Forest,-82.03611111,28.45833333
226395,19789,S. L. Orzell,E.L. Bridges,Sumter Co.,Juncaceae,Juncus,null,null,111975,null,null,null,TRUE,3068,null,marginatus,Rostk.,null,06/29/1992,"N side of Center Grade Road, ca. 1.3 mi. E of junction FL 471, near Weeks Pond and N of Gator Hole Slough, ca. 7.7 mi. S of junction FL 50 at Tarrytown. T23S, R23E, Sec. 29, NW¼.",01-Jun-2015,Wet marly pine flatwoods and cypress [Taxodium] pond edges. Soils - Vero (Alfic Haplaquods).,Fertile,null,null,null,null,null,null,80,92,ft,FALSE,Withlacoochee State Forest,-82.03611111,28.45833333
279841,6972,G. R. Cooley,"R.J. Eaton, D.B. Ward",Levy Co.,Juncaceae,Juncus,null,null,112257,null,null,null,TRUE,785,null,megacephalus,M. A. Curtis,null,09/16/1959,Near Withlacoochee River.,null,Wet pinelands.,Fertile,null,null,null,null,null,null,null,null,null,FALSE,Yankeetown,-82.823055,29.031521
205416,291,C. vanHoek,S. Petty,Sumter Co.,Juncaceae,Juncus,null,null,112754,null,null,null,TRUE,1017,null,scirpoides,Lam.,null,07/10/1992,"Croom Wildlife Management Area; Hog Island Recreational Area; ca. 2.5 mi. SE of Nobleton. T21S, R21E, Sec. 31.",null,Riverbank.,Fertile,null,null,null,null,null,null,null,null,null,FALSE,Withlacoochee State Forest,-82.25,28.6333
253257,2725,J. M. Kunzer,,Polk Co.,Cupressaceae,Juniperus,null,null,45995,null,null,null,TRUE,3925,null,virginiana,L.,null,02/19/2009,"Ca. 4.4 km SE of the FL 471 bridge over Withlacoochee River, ca. 4 km NE of the junction of FL 471 and US 98.",null,"Mature, disturbed hammock.",null,null,null,null,null,Small tree ca. 3 m tall.,null,null,null,null,FALSE,Colt Creek State Park,-82.03277778,28.27777778
55415,25778,O. K. Lakela,,Citrus Co.,Cupressaceae,Juniperus,null,null,42408,null,null,null,TRUE,3925,null,virginiana,L.,null,04/13/1963,Off C-491.,1987,"Open oak forest with Juniperus and Ilex, over outcrops of pink limestone; soil thin, very dry.",null,null,null,null,null,null,null,null,null,null,FALSE,Withlacoochee State Forest,-81.8167,28.35
232055,2683,M. T. Strong,,Pasco Co.,Acanthaceae,Justicia,null,null,50660,null,null,null,TRUE,1065,null,angusta,Chapm.,Small,05/10/2001,"0.2-0.5 km W of FL 471, 1.6 km N of the Withlacoochee River (tri-county line of Sumter, Polk, and Pasco), ca. 15 air km NE of Zephyrhills.",null,Depression in pine flatwoods.,Flower,Immature Fruit,null,null,null,Corollas purple.,null,null,null,null,FALSE,Withlacoochee State Forest,-82.181195,28.23362
120824,2135,P. Genelle,G. Fleming,Pasco Co.,Acanthaceae,Justicia,null,null,50598,null,null,null,TRUE,1065,null,angusta,Chapm.,Small,06/28/1975,Richloam section; forest road S of Slaughter.,2010,Wet roadside ditch.,Flower,null,null,null,null,null,null,null,null,null,FALSE,Withlacoochee State Forest,-82.0667,28.4667
120847,2151,P. Genelle,G. Fleming,Sumter Co.,Acanthaceae,Justicia,null,null,50689,null,null,null,TRUE,1065,null,angusta,Chapm.,Small,06/28/1975,Cabbage Head Road.,1972,Edge of lake; moist sand.,Bud,Flower,Immature Fruit,Fruit,null,null,null,null,null,null,FALSE,Withlacoochee State Forest,-81.8167,28.35
214513,16424,S. L. Orzell,E.L. Bridges,Sumter Co.,Acanthaceae,Justicia,null,null,50673,null,null,null,TRUE,1065,null,angusta,Chapm.,Small,04/29/1991,"On the N side of Center Grade Road, ca. 1.3 mi. E of the junction with FL 471, near Weeks Pond and N of Gator Hole Slough, ca. 7.7 mi. S of the FL 50 junction with Tarrytown. T23S, R23E, Sec. 29, NW¼.",null,"Roadside ditch through wet, marly pine flatwoods and cypress [Taxodium] pond edges. Vero (Alfic Haplaquods) soil.",Bud,null,null,null,null,null,null,90,92,ft,FALSE,Withlacoochee State Forest,-82.03611111,28.45833333
265220,3182,A. R. Franck,C. vanHoek,Sumter Co.,Acanthaceae,Justicia,null,null,92434,null,null,null,TRUE,1154,null,pringlei,B. L. Rob.,null,10/23/2012,Contact USF Herbarium if additional information is required,null,Around oak tree in mown lawn grading into hammock.,Fertile,null,null,null,null,null,null,null,null,null,TRUE,Withlacoochee State Forest,null,null
265217,3177,A. R. Franck,"C. vanHoek, C. Werner",Citrus Co.,Acanthaceae,Justicia,null,null,92431,null,null,null,TRUE,1154,null,pringlei,B. L. Rob.,null,10/23/2012,Contact USF Herbarium if additional information is required,null,Mixed oak - Liquidambar hammock.,Fertile,null,null,null,null,null,null,null,null,null,TRUE,Withlacoochee State Forest,null,null
265218,3180,A. R. Franck,"C. vanHoek, C. Werner",Hernando Co.,Acanthaceae,Justicia,null,null,92432,null,null,null,TRUE,1154,null,pringlei,B. L. Rob.,null,10/23/2012,Contact USF Herbarium if additional information is required,null,Along path through oak hammock.,Fertile,null,null,null,null,null,null,null,null,null,TRUE,Withlacoochee State Forest,null,null
265219,3181,A. R. Franck,"C. vanHoek, C. Werner",Hernando Co.,Acanthaceae,Justicia,null,null,92433,null,null,null,TRUE,1154,null,pringlei,B. L. Rob.,null,10/23/2012,Contact USF Herbarium if additional information is required,null,Along path through oak hammock.,Fertile,null,null,null,null,null,null,null,null,null,TRUE,Withlacoochee State Forest,null,null
214552,489,C. vanHoek,"S. Petty, J. Buckner",Sumter Co.,Acanthaceae,Justicia,null,null,19930,null,null,null,TRUE,1154,null,pringlei,B. L. Rob.,null,09/22/1995,Contact USF Herbarium if additional information is required,Apr 2014,In moist hammocks and disturbed areas underlain with limestone.,Bud,Flower,null,null,null,Widespread.,null,null,null,null,TRUE,Withlacoochee State Forest,null,null
253066,2534,J. M. Kunzer,"G. Dauphin, C. Eckert",Polk Co.,Poaceae,Kellochloa,null,null,45663,null,null,null,TRUE,2104,null,verrucosa,Muhl.,Lizarazu et al.,09/26/2008,"Ca. 2.5 km SSE of FL 471 bridge over the Withlacoochee River, ca. 5.1 km NNE of the junction of FL 471 and US 98.",27-Sep-2016,Transition zone between flatwoods and cypress [Taxodium] swamp.,Fertile,null,null,null,null,null,null,null,null,null,FALSE,Colt Creek State Park,-82.04527778,28.29388889
10192,7001,G. R. Cooley,"J.D. Ray, Jr., R.J. Eaton",Citrus Co.,Malvaceae,Kosteletzkya,null,null,25844,null,null,null,TRUE,862,null,pentacarpos,L.,Ledeb.,09/16/1959,On floodplain of S bank of Withlacoochee River.,Mar 2008,null,Flower,Fruit,null,null,null,"1.3 m tall; leaves gray-green, petals roseate.",null,null,null,null,FALSE,Yankeetown,-82.823055,29.031521
245085,3728,M. T. Strong,,Citrus Co.,Malvaceae,Kosteletzkya,null,null,26361,null,null,null,TRUE,862,null,pentacarpos,L.,Ledeb.,08/15/2007,"Along S side of FL 44, 0.5 km E of the Withlacoochee River and ca. 1 km E of Rutland.",Jun 2008,Border of prairie wetland.,Flower,null,null,null,null,Corolla pink.,null,null,null,null,FALSE,null,-81.8167,28.35
178108,30,N. L. Mawhinney,,Citrus Co.,Malvaceae,Kosteletzkya,null,null,25859,null,null,null,TRUE,862,null,pentacarpos,L.,Ledeb.,10/22/1982,FL 44 at Withlacoochee River.,Mar 2008,null,Flower,null,null,null,null,null,null,null,null,null,FALSE,Inverness,-82.330372,28.835818
226986,2351,M. T. Strong,,Sumter Co.,Krameriaceae,Krameria,null,null,83273,null,null,null,TRUE,779,null,lanceolata,Torr.,null,22-23 May 2000,"NW side of FL 44, 1.6 km W of junction with FL 475, ca. 9 km ENE of the Withlacoochee River (where FL 44) crosses it), and 9.6 km W of Wildwood.",null,Longleaf pine [Pinus palustris] - turkey oak [Quercus laevis] sandhills.,Flower,null,null,null,null,Sepals reddish purple adaxially; corolla whitish with reddish black lobes.,null,null,null,null,FALSE,null,-82.038974,28.865264
226982,2342,M. T. Strong,,Sumter Co.,Krameriaceae,Krameria,null,null,83274,null,null,null,TRUE,779,null,lanceolata,Torr.,null,22-23 May 2000,"NW side of FL 44, 1.6 km W of junction with FL 475, ca. 9 km ENE of the Withlacoochee River (where FL 44) crosses it), and 9.6 km W of Wildwood.",null,Longleaf pine [Pinus palustris] - turkey oak [Quercus laevis] sandhills.,Flower,null,null,null,null,Sepals reddish purple adaxially; corolla whitish with reddish black lobes.,null,null,null,null,FALSE,null,-82.038974,28.865264
229267,19742,S. L. Orzell,E.L. Bridges,Citrus Co.,Krameriaceae,Krameria,null,null,83277,null,null,null,TRUE,779,null,lanceolata,Torr.,null,06/29/1992,"Just E of section line road, ca. 1.4 mi. W of Fivemile Pond, ca. 3.5 air mi. S of FL 44, ca. 10 air mi. E of Homosassa Springs. T19S, R19E, Sec. 27, SW¼.",null,Mature burned longleaf pine [Pinus palustris] sandhill. Soils - Lakeland (Typic Quartzipsamments).,Flower,null,null,null,null,null,null,100,130,ft,FALSE,Withlacoochee State Forest,-82.4025,28.80472222
104800,1796,G. Fleming,P. Genelle,Hernando Co.,Asteraceae,Krigia,null,null,39615,null,null,null,TRUE,3573,null,virginica,L.,Willd.,05/05/1973,null,null,Sandy pinelands; Pinus elliottii.,Fertile,null,null,null,null,null,null,null,null,null,FALSE,Withlacoochee State Forest,-81.8167,28.35
104729,1756 CR,G. Fleming,P. Genelle,Hernando Co.,Asteraceae,Krigia,null,null,39619,null,null,null,TRUE,3573,null,virginica,L.,Willd.,04/22/1973,"Withlacoochee State Forest, Croom Road.",null,Partial shade on dry sandy road side.,Fertile,null,null,null,null,null,null,null,null,null,FALSE,null,-82.227588,28.587772
192403,79,C. vanHoek,,Citrus Co.,Fabaceae,Kummerowia,null,null,3182,null,null,null,TRUE,227,null,striata,Thunb.,Schindl.,09/19/1987,"Citrus Wildlife Management Area, W of Forest Service Road 13, N of Forest Service Road 18.",1987,"In disturbed, grassy area.",Flower,Immature Fruit,null,null,null,null,null,null,null,null,FALSE,Withlacoochee State Forest,-82.45,28.8667
253161,2603,J. M. Kunzer,G. Dauphin,Polk Co.,Eriocaulaceae,Lachnocaulon,null,null,102959,null,null,null,TRUE,3104,null,anceps,Walter,Morong,09/26/2008,"Ca. 1 km SSE of FL 471 bridge over the Withlacoochee River, ca. 6.3 km NNE of junction FL 471 and US 98.",null,Hydric hammock downslope from mesic flatwoods.,Flower,null,null,null,null,null,null,null,null,null,FALSE,Colt Creek State Park,-82.05333333,28.30611111
253090,2541,J. M. Kunzer,"G. Dauphin, C. Eckert",Polk Co.,Eriocaulaceae,Lachnocaulon,null,null,103039,null,null,null,TRUE,3104,null,anceps,Walter,Morong,09/26/2008,"Ca. 2.5 km SSE of FL 471 bridge over the Withlacoochee River, ca. 5.1 km NNE of junction FL 471 and US 98.",null,Edge of unpaved service road through mesic flatwoods.,Fertile,null,null,null,null,null,null,null,null,null,FALSE,Colt Creek State Park,-82.04361111,28.29388889
104805,1801,P. Genelle,G. Fleming,Hernando Co.,Eriocaulaceae,Lachnocaulon,null,null,103102,null,null,null,TRUE,3104,null,anceps,Walter,Morong,05/06/1973,Richloam section FL 50.,1981,"Sandy, shade.",Fertile,null,null,null,null,null,null,null,null,null,FALSE,Withlacoochee State Forest,-82.1,28.5
229152,19764,S. L. Orzell,E.L. Bridges,Pasco Co.,Eriocaulaceae,Lachnocaulon,null,null,103055,null,null,null,TRUE,3104,null,anceps,Walter,Morong,06/29/1992,"N of Center Grade, 0.5 mi. W of Sumter County line and FL 471, ca. 1.1 mi. SSE of Clay Sink, ca. 9.5 air mi. NE of Dade City. T23S, R22E, Sec. 25, SW¼ of NE¼.",null,Wetland pine savanna. Soils - Aeric Haplaquods).,Fertile,null,null,null,null,null,null,85,90,ft,FALSE,Withlacoochee State Forest,-82.06111111,28.45805556
229159,19757B,S. L. Orzell,E.L. Bridges,Pasco Co.,Eriocaulaceae,Lachnocaulon,null,null,103067,null,null,null,TRUE,3104,null,anceps,Walter,Morong,06/29/1992,"E of unimproved access road heading S to the Withlacoochee River, ca. 0.7 mi. S of Lacoochee Park Road, ca. 1.8 air mi. SE of Lacoochee. T23S, R22E, Sec. 30, NW¼ of SE¼.",null,Cypress [Taxodium] savanna in sandy shallow depression. Soils - Basinger (Spodic Psammaquents).,Fertile,null,null,null,null,"Small, hairy form.",null,70,null,ft,FALSE,Withlacoochee State Forest,-82.14583333,28.45305556
210642,14601,S. L. Orzell,E.L. Bridges,Hernando Co.,Eriocaulaceae,Lachnocaulon,null,null,102858,null,null,null,TRUE,3104,null,anceps,Walter,Morong,08/04/1990,"S side of FL 50, ca. 1.2 mi. E of the US 301 junction at Ridge Manor. T23S, R22E, Sec. 7, NW¼ of NW¼.",null,Sandy margins of limesink depression pond; community dominated by Hypericum fasciculatum. Soils - Paisley (Typic Albaqualfs).,Flower,null,null,null,null,null,null,70,null,ft,FALSE,Withlacoochee State Forest,-82.13472222,28.50638889
206521,327,C. vanHoek,S. Petty,Hernando Co.,Eriocaulaceae,Lachnocaulon,null,null,103171,null,null,null,TRUE,2510,null,minus,Chapm.,Small,10/23/1992,"W Lakeshore, McKethan Lake Recreational Area, Headquarters Tract; 6 mi. N of Brooksville on US 41.",null,null,Fertile,null,null,null,null,null,null,null,null,null,FALSE,Withlacoochee State Forest,-82.387871,28.555272
206468,313,C. vanHoek,S. Petty,Sumter Co.,Eriocaulaceae,Lachnocaulon,null,null,103184,null,null,null,TRUE,2510,null,minus,Chapm.,Small,08/01/1992,"E of the ranger's home, Hog Island Recreational Area; Croom Wildlife Management Area; ca. 2 mi. SSE of Nobleton. T21S, R21E, Sec. 31.",null,Edge of dried pond.,Fertile,null,null,null,null,null,null,null,null,null,FALSE,Withlacoochee State Forest,-82.25,28.6333
228025,19757A,S. L. Orzell,E.L. Bridges,Pasco Co.,Eriocaulaceae,Lachnocaulon,null,null,103203,null,null,null,TRUE,2510,null,minus,Chapm.,Small,06/29/1992,"E of unimproved access road heading S to the Withlacoochee River, ca. 0.7 mi. S of Lacoochee Park Road, ca. 1.8 air mi. SE of Lacoochee. T23S, R22E, Sec. 30, NW¼ of SE¼.",null,Cypress [Taxodium] savanna in sandy shallow depression. Soils - Basinger (Spodic Psammaquents).,Fertile,null,null,null,null,null,null,70,null,ft,FALSE,Withlacoochee State Forest,-82.14583333,28.45305556
197805,s.n.,R. L. Mears,K. Holland,Hernando Co.,Asteraceae,Lactuca,null,null,39576,null,null,null,TRUE,3847,null,canadensis,L.,null,06/18/1988,"T22S, R21E, Sec. 8.",null,null,Bud,Flower,null,null,null,null,null,null,null,null,FALSE,Withlacoochee State Forest,-81.8167,28.35
55941,26457,O. K. Lakela,,Sumter Co.,Asteraceae,Lactuca,null,null,39557,null,null,null,TRUE,975,null,floridana,L.,Gaertn.,09/21/1963,"Indian Field Ledges, W of Withlacoochee River off FL 48.",null,Hammock of interspersed flat limestone outcrops with overhead magnificent oak association; ferns frequent in understory; shade of canopy over limestone.,Fruit,null,null,null,null,Achene somewhat narrowed into a neck; leaves dentate.,null,null,null,null,FALSE,null,-81.8167,28.35
246258,13224,B. F. Hansen,J. Hansen,Hamilton Co.,Asteraceae,Lactuca,null,null,39435,null,null,null,TRUE,3166,null,graminifolia,Michx.,null,06/13/2008,"Along the N side of FL 6, 0.25 mi. E of the Withlacoochee River bridge; ca. 1.5 mi. W of Blue Springs. T1N, R11E, Sec. 17, SW¼.",null,Mixed deciduous forest and weedy edges.,Bud,Flower,Fruit,null,null,Blue flowers.,null,null,null,null,FALSE,null,-81.8167,28.35
27381,8049,G. R. Cooley,"A.S. Pease, O.K. Lakela",Sumter Co.,Asteraceae,Lactuca,null,null,39482,null,null,null,TRUE,3166,null,graminifolia,Michx.,null,04/06/1961,Roadside to Withlacoochee Development Project.,null,Roadside.,Bud,Flower,Fruit,null,null,Blue flowers.,null,null,null,null,FALSE,null,-81.8167,28.35
27772,8049,G. R. Cooley,"O.K. Lakela, A.S. Pease",Sumter Co.,Asteraceae,Lactuca,null,null,39423,null,null,null,TRUE,3166,null,graminifolia,Michx.,null,04/06/1961,Withlacoochee Developmental Project; on road shoulder.,null,"On road shoulder with Cirsium, Gratiola, and Carex.",Bud,Flower,Fruit,null,null,Frequent.,null,null,null,null,FALSE,null,-81.8167,28.35
104730,1757,P. Genelle,G. Fleming,Hernando Co.,Asteraceae,Lactuca,null,null,39488,null,null,null,TRUE,3166,null,graminifolia,Michx.,null,04/22/1973,Edge of road.,null,Partial shade in a dry sandy area roadside.,Bud,Flower,Fruit,null,null,null,null,null,null,null,FALSE,Withlacoochee State Forest,-81.8167,28.35
104813,1809,P. Genelle,G. Fleming,Hernando Co.,Verbenaceae,Lantana,null,null,18627,null,null,null,TRUE,1789,null,strigocamara,R. W. Sanders,null,05/06/1973,"Richloam Section, FL 50.",22-May-2017,"Roadside; wet, shaded loam.",Flower,null,null,null,null,Flowers lavender pink.,null,null,null,null,FALSE,Withlacoochee State Forest,-82.1,28.5
294333,1616,C. F. Caudle,"M.L. Gilbert, M.S. Tisdale",Pasco Co.,Cistaceae,Lechea,null,null,163906,null,null,null,TRUE,2211,null,minor,L.,null,08/07/1962,Withlacoochee River.,2016,null,Fertile,null,null,null,null,null,null,null,null,null,FALSE,null,-82.172029,28.465832
211042,400,C. vanHoek,,Citrus Co.,Cistaceae,Lechea,null,null,98678,null,null,null,TRUE,2211,null,minor,L.,null,08/12/1994,"T19S, R19E, Sec. 6.",null,Scrub border.,Fertile,null,null,null,null,null,null,null,null,null,FALSE,Withlacoochee State Forest,-81.8167,28.35
227083,2503,M. T. Strong,,Sumter Co.,Cistaceae,Lechea,null,null,98687,null,null,null,TRUE,2211,null,minor,L.,null,08/28/2000,"NW side of FL 44, 1.6 km W of its junction with FL 475, ca. 9 km ENE of the Withlacoochee River (where FL 44 crosses it) and 9.6 km W of Wildwood.",null,Longleaf pine [Pinus palustris] - turkey oak [Quercus laevis] sandhills.,Fertile,null,null,null,null,null,null,null,null,null,FALSE,null,-82.038974,28.865264
245578,13220,B. F. Hansen,J. Hansen,Hamilton Co.,Cistaceae,Lechea,null,null,96226,null,null,null,TRUE,2940,null,mucronata,Raf.,null,06/13/2008,"Along the N side of FL 6, 0.25 mi. E of the Withlacoochee River bridge, ca. 1.5 mi. W of Blue Springs.  T1N, R11E, Sec. 17, SW¼.",null,Mixed deciduous forest and weedy edges.,Fertile,null,null,null,null,null,null,null,null,null,FALSE,null,-81.8167,28.35
227294,2539,M. T. Strong,,Hernando Co.,Cistaceae,Lechea,null,null,98589,ramosissima,Hodgdon,Sorrie & Weakley,TRUE,2941,var.,pulchella,Raf.,null,08/29/2000,"Just N and S of a sand road  W of FL 471 and fish hatchery, just N of the Polk County lin, 8 km S of Tarrytown, 9-11 km NE of Lacoochee.",Mar 2014,Cut-over border of pine flatwoods.,Fertile,null,null,null,null,null,null,null,null,null,FALSE,Withlacoochee State Forest,-81.8167,28.35
160877,52585,D. S. Correll,H.B. Correll,Hernando Co.,Cistaceae,Lechea,null,null,98398,null,null,null,TRUE,2083,null,sessiliflora,Raf.,null,09/20/1981,"Off of old FL 50, just E of the Withlacoochee River.",1984,In sandy soil of open woods.,Fertile,null,null,null,null,null,null,null,null,null,FALSE,null,-81.8167,28.35
253145,2606,J. M. Kunzer,G. Dauphin,Polk Co.,Cistaceae,Lechea,null,null,98225,null,null,null,TRUE,2547,null,torreyi,Chapm.,Legg. ex Britton,09/26/2008,"Ca. 1 km SSE of the FL 471 bridge over the Withlacoochee River, ca. 6.3 km NNE of the junction of FL 471 and US 98.",null,Mesic flatwoods with a limestone substrate.,Fertile,null,null,null,null,null,null,null,null,null,FALSE,Colt Creek State Park,-82.0525,28.30527778
253093,2544,J. M. Kunzer,"G. Dauphin, C. Eckert",Polk Co.,Cistaceae,Lechea,null,null,98226,null,null,null,TRUE,2547,null,torreyi,Chapm.,Legg. ex Britton,09/26/2008,"Ca. 2 km SSE of the FL 471 bridge over the Withlacoochee River, ca. 5.1 km NNE of the junction of FL 471 and US 98.",null,Mesic flatwoods.,Fertile,null,null,null,null,null,null,null,null,null,FALSE,Colt Creek State Park,-82.04333333,28.29388889
55508,25940,O. K. Lakela,"J.A. Lassiter, R. Lassiter",Citrus Co.,Araceae,Lemna,null,null,102144,null,null,null,TRUE,554,null,aequinoctialis,Welw.,null,05/06/1963,Trails End Road; Withlacoochee River marsh; boat landing at the Fishing Camp.,1988,"Water-filled boat; [with Lemna valdiviana, Wolffiella gladiata, and Wolffiella oblonga].",Flower,null,null,null,null,null,null,null,null,null,FALSE,null,-81.8167,28.35
56821,26423,O. K. Lakela,"R. Lassiter, J.A. Lassiter",Citrus Co.,Lamiaceae,Leonotis,null,null,28622,null,null,null,TRUE,352,null,nepetifolia,L.,R. Br.,09/17/1963,"Withlacoochee River, E of Pineola. Along trail to grotto hammock.",null,Limestone formations. Remnants of ancient fern grottoes and associations of notably large trees.,Flower,null,null,null,null,null,null,null,null,null,FALSE,null,-82.2667,28.6833
248138,2722,J. M. Kunzer,,Polk Co.,Brassicaceae,Lepidium,null,null,55556,null,null,null,TRUE,398,null,didymum,L.,null,02/19/2009,"Ca. 1.85 km SSE of FL 471 bridge over the Withlacoochee River, ca. 5.5 km NNE of junction FL 471 and US 98.",null,Cultivated area.,Fertile,null,null,null,null,"Prostrate, spreading weed.",null,null,null,null,FALSE,Colt Creek State Park,-82.04861111,28.29805556
127811,9554,L. Baltzell,,Sumter Co.,Brassicaceae,Lepidium,null,null,55618,null,null,null,TRUE,2129,null,virginicum,L.,null,05/01/1977,4.2 mi. S of Tarrytown along FL 471.,null,Roadside.,Fertile,null,null,null,null,Flowers white; several.,null,null,null,null,FALSE,Withlacoochee State Forest,-82.05,28.55
104622,1726,P. Genelle,G. Fleming,Citrus Co.,Brassicaceae,Lepidium,null,null,55697,null,null,null,TRUE,2129,null,virginicum,L.,null,04/15/1973,C-480 and C-491.,null,"Roadside ditch, sandy, full sun.",Fertile,null,null,null,null,null,null,null,null,null,FALSE,Withlacoochee State Forest,-81.8167,28.35
154603,s.n.,T. F. Rochow,,Sumter Co.,Brassicaceae,Lepidium,null,null,55705,null,null,null,TRUE,2129,null,virginicum,L.,null,04/23/1980,"Green Swamp, crossing of North Loop Road with Little Withlacoochee River.",null,Roadside.,Fertile,null,null,null,null,null,null,null,null,null,FALSE,null,-81.8167,28.35
198578,s.n.,K. Holland,,Citrus Co.,Fabaceae,Lespedeza,null,null,3187,null,null,null,TRUE,3548,null,angustifolia,Pursh,Elliott,10/17/1988,"Citrus Wildlife Management area.  T20S, R19E, Sec. 29.",1992,Dry mixed woods.,Flower,null,null,null,null,null,null,null,null,null,FALSE,Withlacoochee State Forest,-82.45,28.8667
214571,16129,S. L. Orzell,E.L. Bridges,Hamilton Co.,Ericaceae,Leucothoe,null,null,74096,null,null,null,TRUE,911,null,axillaris,Lam.,D. Don,03/21/1991,"In unnamed tributary to Withlacoochee River, ca. 1 air mi. NW of the junction of FL 143 and FL 146, ca. 1.6 air mi. S of Octahatchee. T2N, R11E, Sec. 23, NE¼ of NW¼ of SW¼.",null,"Mesic mixed hardwood slope forest, adjacent to elongate sinkholes; community dominated by Fagus grandifolia, Magnolia grandiflora, Carya spp.",Flower,null,null,null,null,null,null,90,110,ft,FALSE,null,-83.19694444,30.55833333
252824,2518,J. M. Kunzer,"G. Dauphin, C. Eckert",Polk Co.,Asteraceae,Liatris,null,null,45083,null,null,null,TRUE,2648,null,gracilis,Pursh,null,09/26/2008,"Ca. 2.5 km SSE of FL 471 bridge over the Withlacoochee River, ca. 5.1 km NNE of the junction of FL 471 and US 98.",null,Mesic flatwoods.,Flower,null,null,null,null,null,null,null,null,null,FALSE,Colt Creek State Park,-81.8167,28.35
274826,18661,S. L. Orzell,E.L. Bridges,Hamilton Co.,Asteraceae,Liatris,null,null,103441,null,null,null,TRUE,2648,null,gracilis,Pursh,null,10/19/1991,"S side of FL 6, ca. 1.6 mi. E of its junction with FL 143 at Blue Springs, ca. 3.1 mi. E of the Withlacoochee River and the Madison County line, ca. 16 mi. W of Jasper.  T1N, R11E, Sec. 14, NE¼ of SW¼.",null,Cutover disturbed sandhill woodland.,Flower,null,null,null,null,null,null,80,null,ft,FALSE,null,-83.19388889,30.48555556
260709,10463,L. Baltzell,,Citrus Co.,Asteraceae,Liatris,null,null,66707,quadriflora,Chapm.,null,TRUE,1204,var.,tenuifolia,Nutt.,null,10/22/1978,"At the junction of FL 44 and Withlacoochee State Forest Road 13, 5 mi. W of Inverness.",Dec 2011,fl,null,null,null,null,null,Few plants; florets rose purplish.,null,null,null,null,FALSE,null,-82.330372,28.835818
260772,10008,L. Baltzell,,Sumter Co.,Asteraceae,Liatris,null,null,67225,quadriflora,Chapm.,null,TRUE,1204,var.,tenuifolia,Nutt.,null,10/06/1977,"Along the Withlacoochee State Forest Road, 1.2 mi. W of FL 50, 4.7 mi. SW of Tarrytown.",Dec 2011,null,Flower,null,null,null,null,Several scattered plants; flowers purple.,null,null,null,null,FALSE,null,-82.05,28.55
299477,s.n.,C. Werner,E. Williamson,Sumter Co.,Liliaceae,Lilium,null,null,226979,null,null,null,TRUE,3148,null,catesbaei,Walter,null,10/02/2018,Contact USF Herbarium if additional information is required,null,Pine flatwoods with matgure slash pine [Pinus elliottii] overstory; area burned in Jan 2018.,Flower,null,null,null,null,null,null,null,null,null,TRUE,Withlacoochee State Forest,null,null
204911,11917,B. F. Hansen,"R.P. Wunderlin, A. Bard",Lake Co.,Hydrocharitaceae,Limnobium,null,null,108013,null,null,null,TRUE,3214,null,spongia,Bosc,Rich. ex Steud.,09/04/1991,"Green Swamp Trail, along former Seabord Coast Line Railroad; upper reaches of the Withlacoochee River swamp, 0.6 mi. NNW of the Polk County line. T24S, R24E, Sec. 35.",null,Standing water in swamp.,Fertile,null,null,null,null,null,null,null,null,null,FALSE,null,-81.8167,28.35
216745,12875,B. F. Hansen,"R.P. Wunderlin, P. Dooris",Hernando Co.,Hydrocharitaceae,Limnobium,null,null,107993,null,null,null,TRUE,3214,null,spongia,Bosc,Rich. ex Steud.,11/05/1995,"Cypress Lakes Preserve, ca. 0.75 mi. E of FL 50 bridge over the Withlacoochee River; ca. 1 mi. W of Ridge Manor. T23S, R21E, Sec. 3, SE¼ of NW¼.",null,"Swamp lake with floating mats of vegetation, surrounded by cypress [Taxodium] trees.",Fertile,null,null,null,null,null,null,null,null,null,FALSE,null,-81.8167,28.35
161599,439,G. Robinson,,Sumter Co.,Hydrocharitaceae,Limnobium,null,null,108016,null,null,null,TRUE,3214,null,spongia,Bosc,Rich. ex Steud.,09/09/1981,"Along Little Withlacoochee River, ca. 5 mi. SE of Tarrytown and 2.25 mi. E of Sumter County line. T23S, R23E, Sec. 9, NW¼.",null,Cypress [Taxodium] slough.,Fertile,null,null,null,null,null,null,null,null,null,FALSE,null,-82.054526,28.554997
9517,6993,G. R. Cooley,"R.J. Eaton, D.B. Ward",Levy Co.,Plumbaginaceae,Limonium,null,null,87294,null,null,null,TRUE,3131,null,carolinianum,Walter,Britton,09/16/1959,"Yankeetown, island offshore at mouth of Withlacoochee River.",1972,null,null,null,null,null,null,Flowers lavender.,null,null,null,null,FALSE,null,-82.823055,29.031521
9516,6993,G. R. Cooley,"R.J. Eaton, D.B. Ward",Levy Co.,Plumbaginaceae,Limonium,null,null,87296,null,null,null,TRUE,3131,null,carolinianum,Walter,Britton,09/16/1959,"Yankeetown, island offshore at mouth of Withlacoochee River.",1972,null,Fertile,null,null,null,null,Flowers lavender.,null,null,null,null,FALSE,null,-82.823055,29.031521
27780,8061,G. R. Cooley,"A.S. Pease, O. Lakela",Sumter Co.,Plantaginaceae,Linaria,null,null,65129,null,null,null,TRUE,774,null,canadensis,L.,Chaz.,04/07/1961,Withlacoochee Development Project.,1961,Open sand along roadside; longleaf pine [Pinus palustris] forest.,Fertile,null,null,null,null,Flowers purple; frequent.,null,null,null,null,FALSE,null,-81.8167,28.35
252973,2389,J. M. Kunzer,B.F. Hansen,Polk Co.,Plantaginaceae,Linaria,null,null,65132,null,null,null,TRUE,774,null,canadensis,L.,Chaz.,04/15/2008,"Ca. 3.3 km SE of FL 471 bridge over the Withlacoochee River, ca. 4.6 km NE of junction FL 471 and US 98.",null,Pasture edge adjacent to hydric hammock.,Fertile,null,null,null,null,null,null,null,null,null,FALSE,Colt Creek State Park,-82.03916667,28.28694444
27376,8008,G. R. Cooley,"A.S. Pease, O. Lakela",Sumter Co.,Linderniaceae,Lindernia,null,null,13157,null,null,null,TRUE,2618,null,grandiflora,Nutt.,null,04/05/1961,Withlacoochee Development Project.,1961,Floor of pine forest.,Flower,null,null,null,null,"Corolla violet-blue, anterior lobes white with two violet-blue blotches near the base of the lobes.",null,null,null,null,FALSE,null,-81.8167,28.35
27380,8008,G. R. Cooley,"A.S. Pease, O. Lakela",Sumter Co.,Linderniaceae,Lindernia,null,null,13169,null,null,null,TRUE,2618,null,grandiflora,Nutt.,null,04/05/1961,Withlacoochee Development Project.,1961,Floor of pinewood forest.,Flower,null,null,null,null,"Corolla violet-blue, anterior lobes white with two violet-blue blotches near the base of the lobe.",null,null,null,null,FALSE,null,-81.8167,28.35
6502,6074,G. R. Cooley,"C.E. Wood, Jr., K.A. Wilson",Sumter Co.,Linderniaceae,Lindernia,null,null,13136,null,null,null,TRUE,2618,null,grandiflora,Nutt.,null,04/29/1958,Withlacoochee River on FL 48.,1961,Floodbank.,Flower,null,null,null,null,"Plants creepin in one local area; corolla white, the lobes each with two violet spots, the tube violet within, whitish without; stamens two.",null,null,null,null,FALSE,null,-81.8167,28.35
227166,2587,M. T. Strong,,Sumter Co.,Linderniaceae,Lindernia,null,null,13112,null,null,null,TRUE,2618,null,grandiflora,Nutt.,null,09/02/2000,"0.2-0.4 km NE of fish hatchery, 8 km S of Tarrytown.",null,Border of sand road through pine flatwoods.,Immature Fruit,null,null,null,null,"Corolla yellowish-white proximally, stained with blue distally, the lobes yellowish-white or stained with blue.",null,null,null,null,FALSE,Withlacoochee State Forest,-82.05,28.55
122568,2136,P. Genelle,G. Fleming,Pasco Co.,Linderniaceae,Lindernia,null,null,13117,null,null,null,TRUE,2618,null,grandiflora,Nutt.,null,06/28/1975,"Richloam section, S of Slaughter.",null,Wet roadside ditch.,Flower,null,null,null,null,null,null,null,null,null,FALSE,Withlacoochee State Forest,-82.0667,28.4667
104833,1829,P. Genelle,G. Fleming,Sumter Co.,Linderniaceae,Lindernia,null,null,13142,null,null,null,TRUE,2618,null,grandiflora,Nutt.,null,05/05/1973,River road.,null,"Sandy pinelands, full sun.",Flower,null,null,null,null,null,null,null,null,null,FALSE,Withlacoochee State Forest,-81.8167,28.35
104194,1702,P. Genelle,G. Fleming,Hernando Co.,Linderniaceae,Lindernia,null,null,13107,null,null,null,TRUE,2618,null,grandiflora,Nutt.,null,01/08/1973,Croom area.,null,"River edge, low water, sand; with Quercus, Juglans [?; Carya?], Taxodium, Serenoa.",Flower,null,null,null,null,null,null,null,null,null,FALSE,Withlacoochee State Forest,-82.227588,28.587772
239344,19111,S. L. Orzell,E.L. Bridges,Sumter Co.,Linderniaceae,Lindernia,null,null,13105,null,null,null,TRUE,2618,null,grandiflora,Nutt.,null,03/02/1992,"N side of Center Grade Road, ca. 1.3 mi. E of its junction with FL 471, near Weeks Pond and N of Gator Hole Slough, ca. 7.7 mi. S of the junction with FL 50 at Tarrytown.  T23S, R23E, Sec. 29, NW¼.",null,Hydric hammock edges.,Flower,null,null,null,null,null,null,90,92,ft,FALSE,Withlacoochee State Forest,-82.03611111,28.45833333
104842,1838,P. Genelle,G. Fleming,Sumter Co.,Linaceae,Linum,null,null,25192,texanum,Planch.,Fernald,TRUE,3352,var.,medium,Planch.,Britton,05/06/1973,Richloam section. River Road.,null,"Moist pinelands, open sun.",Bud,Fruit,null,null,null,null,null,null,null,null,FALSE,Withlacoochee State Forest,-81.8167,28.35
55471,26051,O. K. Lakela,"R. Lassiter, J.A. Lassiter",Citrus Co.,Altingiaceae,Liquidambar,null,null,13012,null,null,null,TRUE,3559,null,styraciflua,L.,null,06/03/1963,"Withlacoochee River, E of Pineola.",null,Limestone formations; remnants of ancient fern grottoes and associations of notably large trees.,Fruit,null,null,null,null,null,Frequent,null,null,null,FALSE,null,-82.272868,28.688879
197806,s.n.,R. L. Mears,K. Holland,Hernando Co.,Boraginaceae,Lithospermum,null,null,106637,null,null,null,TRUE,2037,null,incisum,Lehm.,null,06/18/1988,"Withlacoochee State Forest, Silver Lake Avenue. T22S, R21E, Sec. 6.",null,Sandhill.,Fruit,null,null,null,null,null,null,null,null,null,FALSE,null,-81.8167,28.35
104637,1745,P. Genelle,G. Fleming,Citrus Co.,Boraginaceae,Lithospermum,null,null,107738,null,null,null,TRUE,3399,null,virginianum,L.,null,04/15/1973,"Withlacoochee State Forest, State Forest Road 13.",Feb 2015,Sandy.,Fertile,null,null,null,null,null,null,null,null,null,FALSE,null,-81.8167,28.35
227679,20053,S. L. Orzell,E.L. Bridges,Hamilton Co.,Boraginaceae,Lithospermum,null,null,107715,null,null,null,TRUE,3399,null,virginianum,L.,null,07/07/1992,"Ca. 0.8 mi. N of FL 6, ca. 0.5 mi. E of junction with FL 143 at Blue Springs, ca. 2 mi. E of Withlacoochee River, ca. 7 mi. SSW of Jennings. T1N, R11E, Secs. 10, 11, 14, 15, SW¼.",Feb 2015,Typic dry upland burned longleaf pine [Pinus palustris] savanna.,Fertile,null,null,null,null,null,null,80,90,ft,FALSE,Blue Springs Longleaf,-83.2125,30.49722222
161168,328,G. Robinson,,Sumter Co.,Campanulaceae,Lobelia,null,null,24007,null,null,null,TRUE,3462,null,cardinalis,L.,null,09/29/1981,Contact USF Herbarium if additional information is required,null,Cypress [Taxodium] slough.,Flower,null,null,null,null,null,null,null,null,null,TRUE,null,null,null
161616,328,G. Robinson,,Sumter Co.,Campanulaceae,Lobelia,null,null,24011,null,null,null,TRUE,3462,null,cardinalis,L.,null,09/09/1981,Contact USF Herbarium if additional information is required,null,Cypress [Taxodium] slough.,Flower,null,null,null,null,null,null,null,null,null,TRUE,null,null,null
195891,s.n.,N. L. Mawhinney,,Sumter Co.,Campanulaceae,Lobelia,null,null,24001,null,null,null,TRUE,3462,null,cardinalis,L.,null,s.d.,Contact USF Herbarium if additional information is required,null,null,Flower,null,null,null,null,null,null,null,null,null,TRUE,null,null,null
55972,26471,O. K. Lakela,,Sumter Co.,Campanulaceae,Lobelia,null,null,23995,null,null,null,TRUE,3462,null,cardinalis,L.,null,09/21/1963,Contact USF Herbarium if additional information is required,1969,Wet soil of trailside in hammock of interspersed flat limestone outcrops with overhead of magnificent oak association; ferns frequent in understory.,Flower,Fruit,null,null,null,A few plants noted.,null,null,null,null,TRUE,null,null,null
252953,2326,J. M. Kunzer,"A. Bard, S. Spaulding",Polk Co.,Campanulaceae,Lobelia,null,null,106797,null,null,null,TRUE,1273,null,feayana,A. Gray,null,04/03/2008,"Ca. 4.8 km SE of FL 471 bridge over the Withlacoochee River, ca. 3.2 km NNE of junction with FL 471 and US 98.",null,Roadside ditch traversing flatwoods.,Fertile,null,null,null,null,null,null,null,null,null,FALSE,Colt Creek State Park,-82.03694444,28.27222222
204623,264,C. vanHoek,,Sumter Co.,Campanulaceae,Lobelia,null,null,107292,null,null,null,TRUE,1261,null,homophylla,E. Wimm.,null,04/24/1992,"Riverbluffs, Withlacoochee River, Hog Island Recreactional Area, Croom Wildlife Management Area, Withlacoochee State Forest, ca. 2 mi. SSE of Nobleton. T21S, R21E, Sec. 31.",null,null,Flower,null,null,null,null,null,null,null,null,null,FALSE,null,-82.25,28.6333
55405,25920,O. K. Lakela,,Citrus Co.,Campanulaceae,Lobelia,null,null,107300,null,null,null,TRUE,1261,null,homophylla,E. Wimm.,null,05/06/1963,"Withlacoochee River, E of Pineola.",1969,Limestone formations; remnants of ancient fern grottoes and associations of notably large trees; shallow soil of outcrops.,Flower,null,null,null,null,null,null,null,null,null,FALSE,null,-82.272868,28.688879
104628,1733,P. Genelle,G. Fleming,Citrus Co.,Campanulaceae,Lobelia,null,null,107171,null,null,null,TRUE,1261,null,homophylla,E. Wimm.,null,04/15/1973,Dames Cave area.,null,Shade at edge of limestone opening to cave.,Flower,null,null,null,null,null,null,null,null,null,FALSE,Withlacoochee State Forest,-84.6667,30.2333
264083,11042,L. Baltzell,,Sumter Co.,Campanulaceae,Lobelia,null,null,107441,null,null,null,TRUE,2079,null,paludosa,Nutt.,null,04/06/1980,"2.1 mi. W of FL 50, 5.7 mi. SW of Tarrytown, along the Forest Road.",null,Roadside.,Flower,null,null,null,null,Scattered plant; corollas white.,null,null,null,null,FALSE,Withlacoochee State Forest,-82.05,28.55
172104,146,N. L. Mawhinney,,Citrus Co.,Campanulaceae,Lobelia,null,null,107376,null,null,null,TRUE,2079,null,paludosa,Nutt.,null,05/18/1983,"Inverness, McGregor-Smith Scout Reserve, FL 44 and Withlacoochee River.",null,null,Flower,null,null,null,null,null,null,null,null,null,FALSE,null,-82.330372,28.835818
104840,1836,P. Genelle,G. Fleming,Sumter Co.,Campanulaceae,Lobelia,null,null,107380,null,null,null,TRUE,2079,null,paludosa,Nutt.,null,05/06/1973,"Withlacoochee State Forest, Richloam section; River Road.",null,"Moist pinelands, open sun.",Flower,null,null,null,null,null,null,null,null,null,FALSE,null,-81.8167,28.35
227681,19763,S. L. Orzell,E.L. Bridges,Pasco Co.,Campanulaceae,Lobelia,null,null,107335,null,null,null,TRUE,2079,null,paludosa,Nutt.,null,06/29/1992,"N of Center Grade Road, 0.5 mi. W of Sumter County line and FL 471, ca. 1.1 mi. SSE of Clay Sink, ca. 9.5 mi. NE of Dade City. T23S, R22E, Sec. 25, SW¼ of NE¼.",null,Wetland pine savanna. Soils - Smyrna (Aeric Haplaquods).,Flower,null,null,null,null,null,null,85,90,ft,FALSE,Withlacoochee State Forest,-82.06111111,28.45805556
248491,2734,J. M. Kunzer,,Polk Co.,Caprifoliaceae,Lonicera,null,null,83675,null,null,null,TRUE,3861,null,sempervirens,L.,null,03/21/2009,"Ca. 4.5 km SSE of FL 471 bridge over the Withlacoochee River, ca. 3.95 km NE of junction FL 471 and US 98.",null,Edge of hammock.,Flower,null,null,null,null,Vine in canopy.,null,null,null,null,FALSE,Colt Creek State Park,-82.0325,28.2775
105083,1848,P. Genelle,G. Fleming,Hernando Co.,Caprifoliaceae,Lonicera,null,null,83761,null,null,null,TRUE,3861,null,sempervirens,L.,null,05/20/1973,"Richloam section, Tower Road.",null,"Roadside, damp, shaded.",Flower,null,null,null,null,null,null,null,null,null,FALSE,Withlacoochee State Forest,-82.1,28.5
153771,s.n.,T. F. Rochow,,Polk Co.,Caprifoliaceae,Lonicera,null,null,83688,null,null,null,TRUE,3861,null,sempervirens,L.,null,05/01/1980,"Green Swamp, just W of Tanic Road along Withlacoochee River.",null,Mesic forest.,Flower,null,null,null,null,null,null,null,null,null,FALSE,null,-81.8167,28.35
122562,2156,P. Genelle,G. Fleming,Sumter Co.,Onagraceae,Ludwigia,null,null,86064,null,null,null,TRUE,3176,null,arcuata,Walter,null,06/28/1975,Cabbage Head Road.,1981,"Moist edge of lake, sandy soil.",Fertile,null,null,null,null,null,null,null,null,null,FALSE,Withlacoochee State Forest,-81.8167,28.35
160753,330,G. Robinson,,Sumter Co.,Onagraceae,Ludwigia,null,null,86410,null,null,null,TRUE,2937,null,leptocarpa,Nutt.,H. Hara,09/29/1981,"Along the Little Withlacoochee River, ca. 5 mi. SE of Tarrytown. T23S, R23E, Sec. 9, NW¼.",null,Cypress [Taxodium] slough.,Fertile,null,null,null,null,null,null,null,null,null,FALSE,null,-82.05,28.55
214546,490,C. vanHoek,"S. Petty, J. Buckner",Sumter Co.,Onagraceae,Ludwigia,null,null,86900,null,null,null,TRUE,2626,null,maritima,R. M. Harper,null,09/22/1995,"Baird Tract, Cedar Hammock, 5 mi. E of Tarrytown. T22S, R23E, Sec. 23.",null,"Moist, disturbed hammocks.",Flower,null,null,null,null,null,null,null,null,null,FALSE,Withlacoochee State Forest,-82.05,28.55
253168,2596,J. M. Kunzer,G. Dauphin,Polk Co.,Onagraceae,Ludwigia,null,null,86720,null,null,null,TRUE,2626,null,maritima,R. M. Harper,null,09/26/2008,"Ca. 1 km SSE of FL 471 bridge over the Withlacoochee River, ca. 6.3 km NNE of junction FL 471 and US 98.",null,Mesic flatwods with limestone substrate.,Fertile,null,null,null,null,null,null,null,null,null,FALSE,Colt Creek State Park,-82.0525,28.30527778
227236,2537,M. T. Strong,,Hernando Co.,Onagraceae,Ludwigia,null,null,86851,null,null,null,TRUE,2626,null,maritima,R. M. Harper,null,08/29/2000,"Just N and S of sand road, W of FL 471 and fish hatchery, just N of Polk Co. line, 8 km S of Tarrytown, and 9–11 km NE of Lacoochee.",null,Cutover border of pine flatwoods.,Fertile,null,null,null,null,null,null,null,null,null,FALSE,Withlacoochee State Forest,-81.8167,28.35
252964,2398,J. M. Kunzer,,Polk Co.,Onagraceae,Ludwigia,null,null,87152,null,null,null,TRUE,956,null,octovalvis,Jacq.,P. H. Raven,04/15/2008,"Ca. 2.6 km SE of the FL 471 bridge over Withlacoochee River, ca. 5.3 km NNE of the junction of FL 471 and US 98.",null,Pasture edge adjacent to hydric hammock.,Flower,Immature Fruit,null,null,null,null,null,null,null,null,FALSE,Colt Creek State Park,-82.03972222,28.29388889
27792,8019,G. R. Cooley,"A.S. Pease, O. Lakela",Sumter Co.,Onagraceae,Ludwigia,null,null,86739,null,null,null,TRUE,3618,null,palustris,L.,Elliott,04/05/1961,Withlacoochee Development Project.,1966-1967,Longleaf pine [Pinus palustris] forest.,Fertile,null,null,null,null,A prostrate and loosely ascending plant of ditches and wet areas; in fruit.,null,null,null,null,FALSE,null,-81.8167,28.35
161169,332,G. Robinson,,Sumter Co.,Onagraceae,Ludwigia,null,null,12956,null,null,null,TRUE,3077,null,peruviana,L.,H. Hara,09/29/1981,"Along the Little Withlacoochee River, ca. 5 mi. SE of Tarrytown.  T23S, R23E, Sec. 9, NW¼.",null,Cypress [Taxodium] slough.,Flower,null,null,null,null,null,null,null,null,null,FALSE,null,-82.05,28.55
227304,2538,M. T. Strong,,Hernando Co.,Onagraceae,Ludwigia,null,null,86387,null,null,null,TRUE,3192,null,suffruticosa,Walter,null,08/29/2000,"Just N and S of sand road W of FL 471 and fish hatchery, just N of the Polk County line, 8 km S of Tarrytown and 9-11 km NE of Lacoochee.",null,Cut-over border of pine flatwoods.,Fertile,null,null,null,null,null,null,null,null,null,FALSE,Withlacoochee State Forest,-81.8167,28.35
122561,2148,P. Genelle,G. Fleming,Sumter Co.,Onagraceae,Ludwigia,null,null,86319,null,null,null,TRUE,3192,null,suffruticosa,Walter,null,06/28/1975,Cabbage Head Road.,1981,Moist edge of lake; sandy soil.,Fertile,null,null,null,null,null,null,null,null,null,FALSE,Withlacoochee State Forest,-81.8167,28.35
210539,14596,S. L. Orzell,E.L. Bridges,Hernando Co.,Onagraceae,Ludwigia,null,null,86361,null,null,null,TRUE,3192,null,suffruticosa,Walter,null,08/04/1990,"S side of FL 50, ca. 1.2 mi. E of the US 301 junction at Ridge Manor.  T23S, R22E, Sec. 7, NW¼ of NW¼.",null,Sandy margins of limesink depression pond; community dominated by Hypericum fasciculatum.  Soils - Paisley (Typic Albaqualfs).,Fertile,null,null,null,null,null,null,null,null,null,FALSE,Withlacoochee State Forest,-82.13472222,28.50638889
240529,19753,S. L. Orzell,E.L. Bridges,Pasco Co.,Onagraceae,Ludwigia,null,null,86391,null,null,null,TRUE,3192,null,suffruticosa,Walter,null,06/29/1992,"E of unimproved access road heading S to the Withlacoochee River, ca. 0.6 mi. S of Lacoochee Park Road, ca. 1.8 air mi. SE of Lacoochee.  T23S, R22E, Sec. 20, NW¼ of SE¼.",null,Cypress [Taxodium] savanna in sandy shallow depression.  Soils - Basinger (Spodic Psammaquents).,Fertile,null,null,null,null,null,null,70,null,ft,FALSE,Withlacoochee State Forest,-82.14583333,28.45305556
227043,2518,M. T. Strong,,Hernando Co.,Onagraceae,Ludwigia,null,null,86140,null,null,null,TRUE,3301,null,virgata,Michx.,null,08/29/2000,"Just N and S of sand road W of FL 471 and fish hatchery, just N of the Polk County line, 8 km S of Tarrytown and 9-11 km NE of Lacoochee.",null,Pine flatwoods.,Fruit,null,null,null,null,null,null,null,null,null,FALSE,Withlacoochee State Forest,-81.8167,28.35
227188,2340,M. T. Strong,,Sumter Co.,Fabaceae,Lupinus,null,null,3298,null,null,null,TRUE,2988,null,diffusus,Nutt.,null,22-23 May 2000,"NW side of FL 44, 1.6 km W of its junction with FL 475, ca. 9 km ENE of the Withlacoochee River (where FL 44 crosses it), and 9.6 km W of Wildwood.",2000,Longleaf pine [Pinus palustris] - turkey oak [Quercus laevis] sandhills.,Fruit,null,null,null,null,null,null,null,null,null,FALSE,null,-82.038974,28.865264
104735,1762CR,P. Genelle,G. Fleming,Hernando Co.,Fabaceae,Lupinus,null,null,3352,null,null,null,TRUE,2988,null,diffusus,Nutt.,null,04/22/1973,Croom section forest road to Silver Lake area.,1973,"Dry, sandy, partial shade.",Flower,Fruit,null,null,null,null,null,null,null,null,FALSE,Withlacoochee State Forest,-82.227588,28.587772
8498,6386,R. Kral,,Hamilton Co.,Fabaceae,Lupinus,null,null,3390,null,null,null,TRUE,3426,null,perennis,L.,null,04/20/1958,Just E of the Withlacoochee River on Madison-Blue Springs Road.,7 Oct 1977,On loose sand of open stand of longleaf pine [Pinus palustris].,Flower,null,null,null,null,Flowers caerulean.,One small colony.,null,null,null,FALSE,null,-84.6667,30.2333
14871,6991,G. R. Cooley,"R.J. Eaton, D.B. Ward",Levy Co.,Solanaceae,Lycium,null,null,54164,null,null,null,TRUE,3149,null,carolinianum,Walter,null,09/16/1959,Second island off the mouth of the Withlacoochee River.,null,Shell conglomerate and sand with some organic matter.,Flower,null,null,null,null,Flowers blue.,null,null,null,null,FALSE,null,-81.8167,28.35
10289,7244,G. R. Cooley,"J.D. Ray, Jr.",Hernando Co.,Lamiaceae,Lycopus,null,null,12839,null,null,null,TRUE,3500,null,rubellus,Moench,null,01/06/1960,Upper floodplain of the Withlacoochee River at Istachatta.,null,On a rotted log.,Fruit,null,null,null,null,null,null,null,null,null,FALSE,null,-82.27759,28.659991
161166,333,G. Robinson,,Sumter Co.,Lamiaceae,Lycopus,null,null,12810,null,null,null,TRUE,3500,null,rubellus,Moench,null,09/29/1981,"Along the Little Withlacoochee River, ca. 5 mi. SE of Tarrytown.  T23S, R23E, Sec. 9, NW¼.",null,Cypress [Taxodium] slough.,Bud,null,null,null,null,null,null,null,null,null,FALSE,null,-82.05,28.55
253179,2587,J. M. Kunzer,"G. Dauphin, C. Eckert",Polk Co.,Lamiaceae,Lycopus,null,null,46005,null,null,null,TRUE,3500,null,rubellus,Moench,null,09/26/2008,"Ca. 4.5 km SSE of the FL 471 bridge over Withlacoochee River, ca. 3.9 km NNE of the junction of FL 471 and US 98.",null,Mixed hardwood - conifer slough.,null,null,null,null,null,null,null,null,null,null,FALSE,Colt Creek State Park,-82.03166667,28.27583333
108379,1900,P. Genelle,G. Fleming,Hernando Co.,Lamiaceae,Lycopus,null,null,12807,null,null,null,TRUE,3500,null,rubellus,Moench,null,11/18/1973,"Richloam section, Fire Tower Road.",Dec 2006,Swamp edge.,Flower,Flower,null,null,null,null,null,null,null,null,FALSE,Withlacoochee State Forest,-82.1,28.5
105113,1872,P. Genelle,G. Fleming,Citrus Co.,Asteraceae,Lygodesmia,null,null,38352,null,null,null,TRUE,681,null,aphylla,Nutt.,DC.,05/27/1973,"Citrus section, Tract 20.",null,[Among] pine and oaks in open sun. Sandy.,Bud,Flower,Fruit,null,null,null,null,null,null,null,FALSE,Withlacoochee State Forest,-82.45,28.8667
245990,13236,B. F. Hansen,J. Hansen,Hamilton Co.,Schizaeaceae,Lygodium,null,null,28388,null,null,null,TRUE,1559,null,japonicum,Thunb.,Sw.,06/13/2008,"Along the N side of FL 6, 0.25 mi. E of the Withlacoochee River bridge, ca. 1.5 mi. W of Blue Springs.  T1N, R11E, Sec. 17, SW¼.",null,Mixed deciduous forest and weedy edges.,null,null,null,null,null,null,null,null,null,null,FALSE,null,-81.8167,28.35
204575,271,C. vanHoek,,Sumter Co.,Schizaeaceae,Lygodium,null,null,18409,null,null,null,TRUE,1559,null,japonicum,Thunb.,Sw.,05/08/1992,"Nature Trail #24, Hog Island Recreation Area, Croom Wildlife Management Area, Withlacoochee State Forest; ca. 2 mi. NNE of Nobleton.",null,Limestone rock at bottom of a moist pit.,null,null,null,null,null,null,null,null,null,null,FALSE,null,-82.25,28.6333
247603,2680,J. M. Kunzer,,Polk Co.,Schizaeaceae,Lygodium,null,null,31038,null,null,null,TRUE,1559,null,japonicum,Thunb.,Sw.,11/26/2008,"Ca. 2 km SSE of the FL 471 bridge over the Withlacoochee River, ca. 5.2 km NNE of the junction of FL 471 and US 98.",null,Exsiccated floodplain forest.,Fertile,null,null,null,null,null,null,null,null,null,FALSE,Colt Creek State Park,-82.04916667,28.295
245507,s.n.,C. Werner,,Sumter Co.,Schizaeaceae,Lygodium,null,null,27708,null,null,null,TRUE,1638,null,microphyllum,Cav.,R. Br.,04/17/2008,"Richloam division; E on Bird Dog Road from FL 471, NE corner of pond edge.  T24S, R23E, Sec. 6.",null,"Ruderal; edge of borrow pit in mesic flatwoods, with slash pine [Pinus elliottii] and red maple [Acer rubrum]; saw palmetto [Serenoa repens] and Bahiagrass [Paspalum notatum] present.",Fertile,null,null,null,null,Climbing herb; fertile pinnae present.,null,null,null,null,FALSE,Withlacoochee State Forest,-82.05138889,28.42694444
302841,s.n.,C. Werner,,Hernando Co.,Schizaeaceae,Lygodium,null,null,245728,null,null,null,TRUE,1638,null,microphyllum,Cav.,R. Br.,01/20/2021,Croom Tract.,null,Edge of basin marsh.,null,null,null,null,null,Climbing up small Sweetgum [Liquidambar styraciflua] tree.,null,null,null,null,FALSE,Withlacoochee State Forest,-82.3004,28.5858
246540,2485,J. M. Kunzer,A. Franck,Polk Co.,Schizaeaceae,Lygodium,null,null,28824,null,null,null,TRUE,1638,null,microphyllum,Cav.,R. Br.,09/03/2008,"Ca. 2.6 km SE of FL 471 bridge over the Withlacoochee River, ca. 5 km NNE of the junction of FL 471 and US 98.",null,Cypress [Taxodium] swamp.,null,null,null,null,null,null,null,null,null,null,FALSE,Colt Creek State Park,-82.04472222,28.29194444
185055,10357,B. F. Hansen,"R.P. Wunderlin, N. Mawhinney",Sumter Co.,Ericaceae,Lyonia,null,null,80894,null,null,null,TRUE,2695,null,ferruginea,Walter,Nutt.,04/02/1985,"Along dirt road 1 mi. NE of FL 48, ca. 1 mi. E of Withlacoochee River; 3 mi. NW of Wahoo. T20S, R21E, Sec. 20, SE¼ of SE¼.",null,On drier site.,Bud,null,null,null,null,Shrub 4 m tall.,null,null,null,null,FALSE,null,-82.1833,28.6833
298835,1235,C. F. Caudle,"M. L. Gilbert, M. S. Tisdale",Polk Co.,Ericaceae,Lyonia,null,null,248881,null,null,null,TRUE,2695,null,ferruginea,Nutt.,Walter,05/25/1963,"Withlacoochee Road, 2-R Ranch.",2018,null,Flower,null,null,null,null,null,null,null,null,null,FALSE,null,null,null
227243,2544,M. T. Strong,,Hernando Co.,Ericaceae,Lyonia,null,null,80888,null,null,null,TRUE,2695,null,ferruginea,Walter,Nutt.,08/29/2000,"Just N and S of sand road W of FL 471 and fish hatchery, just N of Hernando and Polk County line, 8 km S of Tarrytown, and 9 to 11 km NE of Lacoochee.",null,Pine flatwoods.,Fruit,null,null,null,null,null,null,null,null,null,FALSE,Withlacoochee State Forest,-82.45,28.5333
306180,1228,C. F. Caudle,"M.L. Gilbert, M.S. Tisdale",Pasco Co.,Ericaceae,Lyonia,null,null,253103,null,null,null,TRUE,679,null,fruticosa,Michx.,G. S. Torr.,05/25/1963,"Withlacoochee River, 2 Rivers Ranch.",06 Jul 2017,null,Flower,null,null,null,null,null,null,null,null,null,FALSE,null,null,null
167222,52594,D. S. Correll,H.B. Correll,Hernando Co.,Ericaceae,Lyonia,null,null,81080,null,null,null,TRUE,679,null,fruticosa,Michx.,G. S. Torr.,09/20/1981,null,null,Rich loam along foot path.,Fruit,null,null,null,null,Shrub to 2 m tall.,null,null,null,null,FALSE,Withlacoochee State Forest,-81.8167,28.35
120371,2184,P. Genelle,G. Fleming,Pasco Co.,Ericaceae,Lyonia,null,null,81010,null,null,null,TRUE,679,null,fruticosa,Michx.,G. S. Torr.,08/09/1975,Clay Sink Road.,1978,"Roadside, sandy soil.",Bud,Immature Fruit,null,null,null,null,null,null,null,null,FALSE,Withlacoochee State Forest,-82.172029,28.465832
229056,19776,S. L. Orzell,E.L. Bridges,Sumter Co.,Ericaceae,Lyonia,null,null,80983,null,null,null,TRUE,679,null,fruticosa,Michx.,G. S. Torr.,06/29/1992,"N side of Center Grade Road, ca. 1.3 mi. E of the FL 471 junction, near Weeks Pind and N of Gator Hole Slough, ca. 7.7 mi. S of the junction with FL 50 at Tarrytown. T23S, R23E, Sec. 29, NW¼.",null,Mesic pine flatwoods. Soils - Vero (Alfic Haplaquods).,Flower,null,null,null,null,null,null,90,92,ft,FALSE,Withlacoochee State Forest,-82.03611111,28.45833333
27777,8038,G. R. Cooley,"A.S. Pease, O. Lakela",Sumter Co.,Ericaceae,Lyonia,null,null,12649,null,null,null,TRUE,3646,null,lucida,Lam.,K. Koch,04/06/1961,Withlacoochee Development Project.,null,"Low, open pineland.",Flower,Fruit,null,null,null,Shrubs to 3.5 m tall; corolla deep pink; calyx lobes green.,null,null,null,null,FALSE,null,-81.8167,28.35
227171,2584,M. T. Strong,,Sumter Co.,Ericaceae,Lyonia,null,null,12608,null,null,null,TRUE,3646,null,lucida,Lam.,K. Koch,09/02/2000,"0.5-1.0 km E of FL 471, ca. 16 km S of Tarrytown.",null,Pine flatwoods.,Fruit,null,null,null,null,null,null,null,null,null,FALSE,Withlacoochee State Forest,-82.05,28.55
122564,2146,P. Genelle,G. Fleming,Sumter Co.,Ericaceae,Lyonia,null,null,12588,null,null,null,TRUE,3646,null,lucida,Lam.,K. Koch,06/28/1975,Cabbage Head Road.,null,Moist edge of lake; sandy soil.,Fruit,null,null,null,null,null,null,null,null,null,FALSE,Withlacoochee State Forest,-81.8167,28.35
228886,19115,S. L. Orzell,E.L. Bridges,Sumter Co.,Ericaceae,Lyonia,null,null,12730,null,null,null,TRUE,3646,null,lucida,Lam.,K. Koch,03/02/1992,"N side of Center Grade Road, ca. 1.3 mi. E of the junction of FL 471, near Weeks Pond and N of Gator Hole Slough, ca. 7.7 mi. S of the junction of FL 50 at Tarrytown.  T23S, R23E, Sec. 29, NW¼.",null,Wet marly pine flatwoods and cypress [Taxodium] pond edges.  Soils - Vero (Alfic Haplaquods).,Flower,null,null,null,null,null,null,90,92,ft,FALSE,Withlacoochee State Forest,-82.03611111,28.45833333
228866,19768,S. L. Orzell,E.L. Bridges,Pasco Co.,Ericaceae,Lyonia,null,null,12731,null,null,null,TRUE,3646,null,lucida,Lam.,K. Koch,06/29/1992,"N of Center Grade Road, 0.5 mi. W of the Sumter County line and FL 471, ca. 1.1 mi. SSE of Clay Sink, ca. 9.5 air mi. NE of Dade City.  T23S, R22E, Sec. 25, SW¼ of NE¼.",null,Wetland pine savanna and cypress [Taxodium] pond edges.  Soils - Smyrna (Aeric Haplaquods).,Fruit,null,null,null,null,null,null,85,90,ft,FALSE,Withlacoochee State Forest,-82.06111111,28.45805556
3617,5704,G. R. Cooley,"J. Monachino, R.J. Eaton",Sumter Co.,Myrsinaceae,Lysimachia,null,null,101894,null,null,null,TRUE,927,null,minima,L.,U. Manns & Anderb.,03/25/1958,null,30-Sep-2017,Upper flood banks.,Flower,Fruit,null,null,null,"In small mats, stems ascending; flowers minute; corolla transparent, white; anthers yellow; capsules green at this time.",null,null,null,null,FALSE,Withlacoochee River,-81.8167,28.35
227226,2533,M. T. Strong,,Hernando Co.,Lythraceae,Lythrum,null,null,85432,lanceolatum,Elliott,Torr. & A.Gray ex Rothr.,TRUE,3282,var.,alatum,Pursh,null,08/29/2000,"Just N and S of sand road W of FL 471 and fish hatchery, just N of Polk Co. line, 8 km S of Tarrytown and 9-11 km NE of Lacoochee.",null,Wet ditch bordering pine flatwoods along sand road.,Fertile,null,null,null,null,Corolla blue.,null,null,null,null,FALSE,Withlacoochee State Forest,-81.8167,28.35
306739,s.n.,C. Werner,null,Hernando Co.,Lythraceae,Lythrum,null,null,253508,null,null,null,TRUE,3999,null,nieuwlandii,A. R. Franck & C. Werner,null,08/30/2022,Croom Tract.,18 Aug 2023,"In full sun on the edge of a depression marsh, within a powerline corridor.",Flower,null,null,null,null,null,null,null,null,null,FALSE,Withlacoochee State Forest.,-82.224,28.5935
48040,25467,O. K. Lakela,"J.S. Allen, Mrs. [Grace] Allen, G.R. Cooley, Mrs. [Myra] Cooley, R. Lassiter, J.A. Lassiter",Citrus Co.,Thelypteridaceae,Macrothelypteris,null,null,100111,null,null,null,TRUE,1569,null,torresiana,Gaudich.,Ching,10/21/1962,"Withlacoochee River, E of Pineola.",1991,"Shady side of ledge facing river marsh; limestone formation, remnants of ancient fern grottoes and primary hammock association of notably large trees, Quercus, Ulmus and Carya spp. Over outcrops; Distichum in marshy borders.",Fertile,null,null,null,null,null,null,null,null,null,FALSE,null,-82.272868,28.688879
56008,26472,O. K. Lakela,,Sumter Co.,Orchidaceae,Malaxis,null,null,6297,null,null,null,TRUE,2767,null,spicata,Sw.,null,09/21/1963,Indian Field Ledges W of Withlacoochee River off FL 48.,1963,"Hammock of interspersed flat limestone outcrops with overhead of magnificent oak association, ferns frequent in understory; in moist soil of hammock ground cover.",Bud,Flower,null,null,null,null,null,null,null,null,FALSE,null,-81.8167,28.35
82985,9223,C. E. Wood,"K.A. Wilson, G.R. Cooley",Levy Co.,Plantaginaceae,Maurandya,null,null,65601,null,null,null,TRUE,295,null,antirrhiniflora,Humb. & Bonpl. ex Willd.,null,05/04/1959,"Port Inglis (abandoned settlement) on Chambers Island, near mouth of Withlacoochee River. T17S, R15E, Sec. 14.",null,Sandy soil at edge of clearing in scrub near abandoned house.,Flower,Immature Fruit,null,null,null,"Corolla tube lavender above, white below, the limb violet-blue, the lowermost lobe with white area lined with blue at base; immature fruit globos; leaves very thin; slender twining vine.",null,null,null,null,FALSE,null,-82.668716,29.030251
264353,7749,L. Baltzell,,Polk Co.,Plantaginaceae,Mecardonia,null,null,80738,peninsularis,Pennell,Rossow,TRUE,1112,subsp.,acuminata,Walter,Small,11/02/1975,"Along FL 471 at the Withlacoochee River, 8.5 mi. S of Dade City.",Feb 2000,Along road.,Fertile,null,null,null,null,Several plants; flowers white.,null,null,null,null,FALSE,null,-81.8167,28.35
232067,2684,M. T. Strong,,Polk Co.,Plantaginaceae,Mecardonia,null,null,65845,peninsularis,Pennell,Rossow,TRUE,1112,subsp.,acuminata,Walter,Small,05/10/2001,"E side of FL 471, 2.7 km S of Withlacoochee River, ca. 11 km W of Rock Ridge.",null,Meadow.,Flower,Fruit,null,null,null,Corollas white.,null,null,null,null,FALSE,null,-81.8167,28.35
104837,1833,P. Genelle,G. Fleming,Sumter Co.,Plantaginaceae,Mecardonia,null,null,65805,peninsularis,Pennell,Rossow,TRUE,1112,subsp.,acuminata,Walter,Small,05/06/1973,River Road.,1989,"Moist pinelands, open sun; richloam section.",Fruit,null,null,null,null,null,null,null,null,null,FALSE,Withlacoochee State Forest,-81.8167,28.35
104755,1781,P. Genelle,G. Fleming,Hernando Co.,Plantaginaceae,Mecardonia,null,null,65809,peninsularis,Pennell,Rossow,TRUE,1112,subsp.,acuminata,Walter,Small,04/22/1973,Croom section; Silver Lake.,1989,River edge at its entrance to lake.,Flower,Fruit,null,null,null,null,null,null,null,null,FALSE,Withlacoochee State Forest,-82.227588,28.587772
246460,2370,J. M. Kunzer,B.F. Hansen,Polk Co.,Plantaginaceae,Mecardonia,null,null,65863,null,null,null,TRUE,2923,null,procumbens,Mill.,Small,04/15/2008,"Ca. 2.6 km SE of FL 471 bridge over the Withlacoochee River, ca. 5.3 km NNE of junction FL 471 and US 98.",null,Pasture edge adjacent to hydric hammock.,Flower,Fruit,null,null,null,null,null,null,null,null,FALSE,Colt Creek State Park,-82.03972222,28.29388889
104640,1741Ct,P. Genelle,G. Fleming,Citrus Co.,Fabaceae,Medicago,null,null,3608,null,null,null,TRUE,1929,null,lupulina,L.,null,04/15/1973,"FL 480, S edge of Forest area.",1973,"Roadside, sandy, full sun.",Flower,Fruit,null,null,null,null,null,null,null,null,FALSE,Withlacoochee State Forest,-81.8167,28.35
15947,6964,G. R. Cooley,"R.J. Eaton, D.B. Ward",Levy Co.,Asteraceae,Melanthera,null,null,37884,null,null,null,TRUE,3274,null,nivea,L.,Small,09/16/1959,Second island off mouth of Withlacoochee River.,1997,Crushed shells and sand with some organic matter.,Flower,null,null,null,null,Plant rough; flowers white.,null,null,null,null,FALSE,null,-81.8167,28.35
253139,2557,J. M. Kunzer,"G. Dauphin, C. Eckert",Polk Co.,Asteraceae,Melanthera,null,null,45670,null,null,null,TRUE,3274,null,nivea,L.,Small,09/26/2008,"Ca. 2.5 km SSE of FL 471 bridge over the Withlacoochee River, ca. 5.1 km NNE of the junction of FL 471 and US 98.",null,Ecotone between mesic flatwoods and wet hammock.,Fertile,null,null,null,null,null,null,null,null,null,FALSE,Colt Creek State Park,-82.04361111,28.29388889
56017,26459,O. K. Lakela,,Sumter Co.,Asteraceae,Melanthera,null,null,37833,null,null,null,TRUE,3274,null,nivea,L.,Small,09/21/1963,"Indian Field Ledges, E of the Withlacoochee River off FL 48.",1997,Hammock of interspersed flat limestone outcrops with overhead of magnificient oak association.,Bud,Flower,null,null,null,Frequent.,null,null,null,null,FALSE,null,-81.8167,28.35
48016,25445,O. K. Lakela,"J.S. Allen, G.R. Cooley, R. Lassiter, J.A. Lassiter",Citrus Co.,Asteraceae,Melanthera,null,null,37830,null,null,null,TRUE,3274,null,nivea,L.,Small,10/21/1962,"Withlacoochee River, E of Pineola.",1997,"Area with limestone formations and remnants of ancient fern grottoes and primary hammock association of notably large trees such as Quercus, Ulmus and Carya spp., over outcrops; Distichum [Taxodium distichum] in marshy borders; shallow soil, limestone crevices.",Bud,Flower,null,null,null,null,null,null,null,null,FALSE,null,-82.2667,28.6833
152398,s.n.,T. F. Rochow,,Polk Co.,Asteraceae,Melanthera,null,null,38090,null,null,null,TRUE,3274,null,nivea,L.,Small,10/14/1980,Green Swamp; S of Stanley Fish Hole on the Withlacoochee River and just N of Colt Creek.,1997,Pine flatwoods.,Bud,Flower,Fruit,null,null,null,null,null,null,null,FALSE,null,-81.8167,28.35
55397,26027,O. K. Lakela,"R. Lassiter, J.A. Lassiter",Citrus Co.,Meliaceae,Melia,null,null,19722,null,null,null,TRUE,1691,null,azedarach,L.,null,06/03/1963,"Withlacoochee River, E of Pineola.",null,Limestone formations. Remnants of ancient fern grottoes and associations of notably large trees. Margin of old excavation bank.,Fruit,null,null,null,null,Few trees.,null,null,null,null,FALSE,null,-82.272868,28.688879
104741,1767Cr,P. Genelle,G. Fleming,Hernando Co.,Fabaceae,Melilotus,null,null,3679,null,null,null,TRUE,510,null,albus,Medik.,null,04/22/1973,Croom Section; forest road to Silver Lake Recreation Area.,1973,"Dry, sandy, partial shade.",Flower,Immature Fruit,null,null,null,null,null,null,null,null,FALSE,Withlacoochee State Forest,-82.227588,28.587772
214551,491,C. vanHoek,"S. Petty, J. Buckner",Sumter Co.,Malvaceae,Melochia,null,null,26003,null,null,null,TRUE,1839,null,corchorifolia,L.,null,09/22/1995,"Baird Tract, Cedar Hammock, 5 mi. E of Tarrytown. T22S, R23E, Sec. 23.",null,"Disturbed areas in moist hammocks, full sun.",Fruit,null,null,null,null,"Flowers pale rose-pink, mallow-like.",null,null,null,null,FALSE,Withlacoochee State Forest,-82.05,28.55
246546,2500,J. M. Kunzer,"A. Bard, J. Stout, A. Franck",Polk Co.,Malvaceae,Melochia,null,null,28827,null,null,null,TRUE,1839,null,corchorifolia,L.,null,09/03/2008,"Ca. 4.4 km SE of FL 471 bridge over the Withlacoochee River, ca. 4 km NNE of the junction of FL 471 and US 98.",null,Edge of unpaved road traversing flatwoods.,Flower,null,null,null,null,null,null,null,null,null,FALSE,Colt Creek State Park,-82.0325,28.27666667
206457,s.n.,S. Petty,,Hernando Co.,Malvaceae,Melochia,null,null,25995,null,null,null,TRUE,1839,null,corchorifolia,L.,null,10/09/1992,"Richloam Wildlife Management Area. T23S, R22E, Sec. 3, S½, Webster 7.5' Quad.",null,Disturbed.,Fruit,null,null,null,null,null,null,null,null,null,FALSE,Withlacoochee State Forest,-82.1,28.5
83010,9187,C. E. Wood,"K.A. Wilson, G.R. Cooley",Levy Co.,Cucurbitaceae,Melothria,null,null,12201,null,null,null,TRUE,3631,null,pendula,L.,null,05/04/1959,"W of Hodges Island, Withlacoochee Bay.",null,"Edge of thickets, scrub of Juniperus, Sabal, Eugenia, Torrubia [?Guapira; does not occur in Levy County; possibly a misidentification of Forestiera segregata], Yucca, Opuntia, etc., on small island of ""dog-tooth"" limestone.",Flower,Immature Fruit,null,null,null,"Climbing on shrubs; staminate flowers yellow, anthers orange; immature fruit green and more or less ellipsoid.",null,null,null,null,FALSE,null,-84.6667,30.2333
301106,913,C. F. Caudle,"M.L. Gilbert, M.S. Tisdale",Polk Co.,Cucurbitaceae,Melothria,null,null,238596,null,null,null,TRUE,3631,null,pendula,L.,null,06/29/1962,Withlacoochee River.,2020,null,Fruit,null,null,null,null,null,null,null,null,null,FALSE,null,-81.8167,28.35
301103,425,C. F. Caudle,"M.L. Gilbert, M.S. Tisdale",Polk Co.,Cucurbitaceae,Melothria,null,null,238597,null,null,null,TRUE,3631,null,pendula,L.,null,06/19/1962,Withlacoochee River.,2020,null,null,null,null,null,null,null,null,null,null,null,FALSE,null,-81.8167,28.35
10290,6978,G. R. Cooley,R.J. Eaton,Levy Co.,Cucurbitaceae,Melothria,null,null,12247,null,null,null,TRUE,3631,null,pendula,L.,null,09/16/1959,Tidal flats of the Withlacoochee River below Yankeetown.,null,null,Flower,Fruit,null,null,null,null,null,null,null,null,FALSE,null,-82.823055,29.031521
10296,6955,G. R. Cooley,R.J. Eaton,Levy Co.,Cucurbitaceae,Melothria,null,null,12227,null,null,null,TRUE,3631,null,pendula,L.,null,09/16/1959,On an island at the mouth of the Withlacoochee River.,null,null,Flower,null,null,null,null,Creeping on the ground; flowers yellow; fruit elliptic.,null,null,null,null,FALSE,null,-81.8167,28.35
161039,352,G. Robinson,,Sumter Co.,Cucurbitaceae,Melothria,null,null,12244,null,null,null,TRUE,3631,null,pendula,L.,null,09/29/1981,"Along the Little Withlacoochee River, ca. 5 mi. SE of Tarrytown.  T23S, R23E, Sec. 9, NW¼.",null,Cypress [Taxodium] slough.,Flower,Immature Fruit,null,null,null,null,null,null,null,null,FALSE,null,-82.05,28.55
253068,2540,J. M. Kunzer,"G. Dauphin, C. Eckert",Polk Co.,Cucurbitaceae,Melothria,null,null,45669,null,null,null,TRUE,3631,null,pendula,L.,null,09/26/2008,"Ca. 2.5 km SSE of FL 471 bridge over the Withlacoochee River, ca. 5.1 km NNE of the junction of FL 471 and US 98.",null,Edge of unpaved service road through mesic flatwoods.,Flower,Fruit,null,null,null,null,null,null,null,null,FALSE,Colt Creek State Park,-82.04361111,28.29388889
227254,2517,M. T. Strong,,Hernando Co.,Cucurbitaceae,Melothria,null,null,12246,null,null,null,TRUE,3631,null,pendula,L.,null,08/29/2000,"Just N and S of a sand road (jeep trail) W of FL 471 and fish hatchery, just N of the Hernando and Polk County line, 8 km S of Tarrytown and 9-11 km NE of Lacoochee.",null,Pine flatwoods.,Flower,Fruit,null,null,null,null,null,null,null,null,FALSE,Withlacoochee State Forest,-82.45,28.5333
7608,57276,R. K. Godfrey,,Citrus Co.,Cucurbitaceae,Melothria,null,null,12211,null,null,null,TRUE,3631,null,pendula,L.,null,07/16/1958,"Along the Withlacoochee River, E of Pineola.",null,Swamp.,Flower,Fruit,null,null,null,Fruit oblong-ellipsoid.,null,null,null,null,FALSE,null,-82.2667,28.6833
18181,6956,G. R. Cooley,"R.J. Eaton, J.D. Ray, Jr.",Levy Co.,Loasaceae,Mentzelia,null,null,61989,null,null,null,TRUE,2587,null,floridana,Nutt.,null,09/16/1959,Second island off the mouth of the Withlacoochee River.,null,In shell conglomerate and sand with some organic matter.,Flower,null,null,null,null,Flowers yellow.,null,null,null,null,FALSE,null,-81.8167,28.35
302467,s.n.,C. Werner,,Hernando Co.,Orchidaceae,Mesadenus,null,null,244358,null,null,null,TRUE,2911,null,lucayanus,Britton,Schltr.,02/12/2021,Contact USF Herbarium if additional information is required,null,Historic phosphate/lime rock pit with mature cedars [Juniperus virginiana]; pit in dry hammock with abundant rock outcrops.,Flower,null,null,null,null,null,null,null,null,null,TRUE,Withlacoochee State Forest,null,null
131714,93,R. Lassiter,J.A. Lassiter,Citrus Co.,Orchidaceae,Mesadenus,null,null,6639,null,null,null,TRUE,2911,null,lucayanus,Britton,Schltr.,03/13/1967,Contact USF Herbarium if additional information is required,21-Feb-2017,"In partial shade of dry, rocky Quercus virginiana woods.",Bud,Fruit,null,null,null,null,Scattered.,null,null,null,TRUE,Withlacoochee State Forest,null,null
206081,297,C. vanHoek,S. Petty,Sumter Co.,Linderniaceae,Micranthemum,null,null,65727,null,null,null,TRUE,3111,null,umbrosum,J. F. Gmel.,S. F. Blake,08/01/1992,"Withlacoochee River at station #14, Hog Island Nature Trail, Hog Island Recreation Area.",null,"Muddy, grassy river banks.",null,null,null,null,null,null,null,null,null,null,FALSE,Withlacoochee State Forest,-81.8167,28.35
253273,2679,J. M. Kunzer,,Polk Co.,Asteraceae,Mikania,null,null,46233,null,null,null,TRUE,2228,null,cordifolia,L. f.,Willd.,11/26/2008,"Ca. 2 km SSE of FL 471 bridge over the Withlacoochee River, ca. 5.2 km NNE of the junction of FL 471 and US 98.",null,Exsiccated floodplain forest.,Flower,null,null,null,null,null,null,null,null,null,FALSE,Colt Creek State Park,-82.04916667,28.295
253141,2561,J. M. Kunzer,"G. Dauphin, C. Eckert",Polk Co.,Asteraceae,Mikania,null,null,45673,null,null,null,TRUE,3395,null,scandens,L.,Willd.,09/26/2008,"Ca. 2.5 km SSE of FL 471 bridge over the Withlacoochee River, ca. 5.1 km NNE of the junction of FL 471 and US 98.",Mar 2010,Disturbed Taxodium swamp.,Flower,null,null,null,null,Vine.,null,null,null,null,FALSE,Colt Creek State Park,-82.04444444,28.29305556
104814,1810RI,P. Genelle,G. Fleming,Hernando Co.,Fabaceae,Mimosa,null,null,3798,null,null,null,TRUE,2162,null,strigillosa,Torr. & A. Gray,null,05/06/1973,Richloam Section; FL 50.,1973,"Roadside; damp, sandy loam.",Bud,Flower,null,null,null,null,null,null,null,null,FALSE,Withlacoochee State Forest,-82.1,28.5
185046,10367,B. F. Hansen,"R.P. Wunderlin, N. Mawhinney",Sumter Co.,Rubiaceae,Mitchella,null,null,43948,null,null,null,TRUE,3615,null,repens,L.,null,04/02/1985,"Along a dirt road 1 mi. off FL 48, ca. 1 mi. E of the Withlacoochee River; 3 mi. NW of Wahoo. T20S, R21E, Sec.20, SE¼ of SE¼.",null,Roadside.,Bud,Flower,Fruit,null,null,null,null,null,null,null,FALSE,null,-82.225673,28.733383
27793,8001,G. R. Cooley,"A.S. Pease, O. Lakela",Sumter Co.,Rubiaceae,Mitchella,null,null,43934,null,null,null,TRUE,3615,null,repens,L.,null,04/05/1961,Border of Withlacoochee Development Project.,null,At bases of oaks in longleaf pine [Pinus palustris] - oak forest.,Flower,null,null,null,null,Flowers white.,null,null,null,null,FALSE,null,-81.8167,28.35
162076,453,G. Robinson,,Sumter Co.,Rubiaceae,Mitchella,null,null,43958,null,null,null,TRUE,3615,null,repens,L.,null,11/12/1983,"Withlacoochee River, ca. 2.75 mi. SE of Cumpressco. T25S, R223E, Sec. 9, SW¼.",null,Low hardwood forest.,Immature Fruit,Fruit,null,null,null,null,null,null,null,null,FALSE,null,-82.0333,28.35
55409,25926,O. K. Lakela,"R. Lassiter, J.A. Lassiter",Citrus Co.,Rubiaceae,Mitchella,null,null,43951,null,null,null,TRUE,3615,null,repens,L.,null,05/06/1963,"On limestone formations of the Withlacoochee River, E of Pineola.",null,Hammock on a terrace with remnants of ancient fern grottoes and associations of notably large trees.,Immature Fruit,null,null,null,null,Fruit half-ripe.,null,null,null,null,FALSE,null,-82.2667,28.6833
16265,6970,G. R. Cooley,"R.J. Eaton, D.B. Ward",Levy Co.,Loganiaceae,Mitreola,null,null,101145,null,null,null,TRUE,3100,null,petiolata,J. F. Gmel.,Torr. & A. Gray,09/16/1959,Below Yankeetown.,null,Tidal flat.,Fruit,Flower,null,null,null,Flowers white.,null,null,null,null,FALSE,Withlacoochee River,-82.823055,29.031521
120890,2122,P. Genelle,G. Fleming,Pasco Co.,Loganiaceae,Mitreola,null,null,101015,null,null,null,TRUE,3100,null,petiolata,J. F. Gmel.,Torr. & A. Gray,06/14/1975,Richloam section.,null,"Shaded, moist area at edge of swamp.",Fertile,null,null,null,null,null,null,null,null,null,FALSE,Withlacoochee State Forest,-82.172029,28.465832
229945,19778,S. L. Orzell,E.L. Bridges,Sumter Co.,Loganiaceae,Mitreola,null,null,101003,null,null,null,TRUE,3100,null,petiolata,J. F. Gmel.,Torr. & A. Gray,06/29/1992,"N side of Center Grade Road, ca. 1.3 mi. E of junction FL 471, near Weeks Pond and N of Gator Hole Slough, ca. 7.7 mi. S of junction FL 50 at Tarrytown. T23S, R23E, Sec. 29, NW¼.",null,Wet marly pine flatwoods. Soils - Vero (Alfic Haplaquods).,Fertile,null,null,null,null,null,null,90,92,ft,FALSE,Withlacoochee State Forest,-82.03611111,28.45833333
253092,2543,J. M. Kunzer,"G. Dauphin, C. Eckert",Polk Co.,Loganiaceae,Mitreola,null,null,101338,null,null,null,TRUE,843,null,sessilifolia,J. F. Gmel.,G. Don,09/26/2008,"Ca. 2.5 km SSE of the FL r471 bridge over the Withlacoochee River, ca. 5.1 km NNE of the junction of FL 471 and US 98.",null,Mesic flatwoods.,Fertile,null,null,null,null,null,null,null,null,null,FALSE,Colt Creek State Park,-82.04361111,28.29388889
287667,7298,M. L. Gilbert,,Pasco Co.,Lamiaceae,Monarda,null,null,134616,null,null,null,TRUE,3478,null,punctata,L.,null,09/07/1968,Withlacoochee River.,19-Oct-2015,null,Fertile,null,null,null,null,null,null,null,null,null,FALSE,null,-82.172029,28.465832
56015,26462,O. K. Lakela,,Sumter Co.,Lamiaceae,Monarda,null,null,58773,null,null,null,TRUE,3478,null,punctata,L.,null,09/21/1963,"Indian Field Ledges, E of Withlacoochee River of FL 48.",null,Hammock of interspersed flat limestone outcrops with overhead of magnificent oak association; ferns frequent in understory.,Fertile,null,null,null,null,null,null,null,null,null,FALSE,null,-81.8167,28.35
127264,58,R. Lassiter,J.A. Lassiter,Hernando Co.,Ericaceae,Monotropsis,null,null,23265,null,null,null,TRUE,3011,null,reynoldsiae,A. Gray,A. Heller,01/18/1977,Contact USF Herbarium if additional information is required,27 Jan 2012,Rich deciduous forest; associated with Cornus florida.,Flower,null,null,null,null,null,null,null,null,null,TRUE,Withlacoochee State Forest,null,null
185954,2194,R. Lassiter,J.A. Lassiter,Hernando Co.,Ericaceae,Monotropsis,null,null,23266,null,null,null,TRUE,3011,null,reynoldsiae,A. Gray,A. Heller,01/19/1985,Contact USF Herbarium if additional information is required,27-Jan-2012,Mesic woods.,Flower,null,null,null,null,Colony of 60 plants.,null,null,null,null,TRUE,Withlacoochee State Forest,null,null
127263,5735,R. P. Wunderlin,,Hernando Co.,Ericaceae,Monotropsis,null,null,23262,null,null,null,TRUE,3011,null,reynoldsiae,A. Gray,A. Heller,01/29/1977,Contact USF Herbarium if additional information is required,Jul 2012,Deciduous woods; associated with Cornus florida.,Flower,null,null,null,null,null,null,null,null,null,TRUE,Withlacoochee State Forest,null,null
246040,13234,B. F. Hansen,J. Hansen,Hamilton Co.,Myricaceae,Morella,null,null,28392,null,null,null,TRUE,3942,null,cerifera,L.,Small,06/13/2008,"Along the N side of FL 6, 0.25 mi. E of the Withlacoochee River bridge, ca. 1.5 mi. W of Blue Springs.  T1N, R11E, Sec. 17, SW¼.",04-Apr-2017,Mixed deciduous forest and weedy edges.,null,null,null,null,null,null,null,null,null,null,FALSE,null,-81.8167,28.35
161003,52593,D. S. Correll,H.B. Correll,Pasco Co.,Myricaceae,Morella,null,null,11831,null,null,null,TRUE,3942,null,cerifera,L.,Small,09/20/1981,S of Slaughter.,Dec 1994,Open moist woods.,Immature Fruit,null,null,null,null,Shrub to 1.5 m. tall.,null,null,null,null,FALSE,Withlacoochee State Forest,-82.0667,28.4667
27747,8070,G. R. Cooley,"A.S. Pease, O. Lakela",Sumter Co.,Myricaceae,Morella,null,null,11940,null,null,null,TRUE,3942,null,cerifera,L.,Small,04/07/1961,Withlacoochee Development Project.,Dec 1994,Longleaf pine [Pinus palustris] forest.,Flower,null,null,null,null,"Shrubs up to 6 dm high, stoloniferous.",null,null,null,null,FALSE,null,-81.8167,28.35
253081,2539,J. M. Kunzer,"G. Dauphin, C. Eckert",Polk Co.,Myricaceae,Morella,null,null,45659,null,null,null,TRUE,3942,null,cerifera,L.,Small,09/26/2008,"Ca. 2.5 km SSE of FL 471 bridge over the Withlacoochee River, ca. 5.1 km NNE of the junction of FL 471 and US 98.",04-Apr-2017,Mesic flatwoods.,Fruit,null,null,null,null,null,null,null,null,null,FALSE,Colt Creek State Park,-82.04444444,28.29388889
9457,6477,G. R. Cooley,R.J. Eaton,Citrus Co.,Moraceae,Morus,null,null,25029,null,null,null,TRUE,3420,null,rubra,L.,null,04/22/1959,"Between Lake Tsala Apopka and Withlacoochee River. T20S, R21E, Sec. 9.",null,Hammock.,Immature Fruit,null,null,null,null,Small tree.,null,null,null,null,FALSE,null,-81.8167,28.35
248490,2733,J. M. Kunzer,,Polk Co.,Moraceae,Morus,null,null,32074,null,null,null,TRUE,3420,null,rubra,L.,null,03/21/2009,"Ca. 4.5 km SSE of FL 471 bridge over the Withlacoochee River, ca. 3.95 km NE of the junction of FL 471 and US 98.",null,Hammock.,null,null,null,null,null,"Tree to ca. 9 m tall, ca. 25 cm dbh.",null,null,null,null,FALSE,Colt Creek State Park,-82.0325,28.2775
55398,26045A,O. K. Lakela,"R. Lassiter, J.A. Lassiter",Citrus Co.,Moraceae,Morus,null,null,25060,null,null,null,TRUE,3420,null,rubra,L.,null,06/03/1963,"Withlacoochee River, E of Pineola.",null,Along trail to grotto. Limestone formations. Remnants of ancient fern grottos and associations of notably large trees.,null,null,null,null,null,Medium-sized tree.,null,null,null,null,FALSE,null,-82.272868,28.688879
190413,28,C. vanHoek,,Hernando Co.,Poaceae,Muhlenbergia,null,null,48380,capillaris,null,null,TRUE,2069,var.,capillaris,Lam.,Trin.,09/29/1986,"Croom Hiking Trail C; 5 mi. E of Brooksville. T22S, R20E, Sec. 14.",null,null,Fertile,null,null,null,null,null,null,null,null,null,FALSE,Withlacoochee State Forest,-82.387871,28.555272
202153,218,C. vanHoek,S. Petty,Hernando Co.,Poaceae,Muhlenbergia,null,null,48139,null,null,null,TRUE,3035,null,schreberi,J. F. Gmel.,null,12/21/1990,"Headquarters tract; E side of US 41 N, between office and McKethan Park entrance, N of FL 476.",null,null,Fertile,null,null,null,null,null,null,null,null,null,FALSE,Withlacoochee State Forest,-81.8167,28.35
214550,492,C. vanHoek,"S. Petty, J. Beckner",Sumter Co.,Poaceae,Muhlenbergia,null,null,48141,null,null,null,TRUE,3035,null,schreberi,J. F. Gmel.,null,09/22/1995,"Baird Tract, Cedar Hammock, 5 mi. E of Tarrytown. T22S, R23E, Sec. 23.",null,Disturbed area of moist hammock underlain with limestone.,Fertile,null,null,null,null,null,null,null,null,null,FALSE,Withlacoochee State Forest,-82.05,28.55
253075,2501,J. M. Kunzer,"A. Bard, J. Stout, A.R. Franck",Polk Co.,Commelinaceae,Murdannia,null,null,67530,null,null,null,TRUE,1352,null,nudiflora,L.,Brenan,09/03/2008,"Ca. 4.4 km SE of the C-471 bridge over the Withlacoochee River, ca. 4 km NE of the C-471 and US 98 junction.",null,Shallow roadside ditch in a mesic hammock.,Fertile,null,null,null,null,null,null,null,null,null,FALSE,Colt Creek State Park,-82.0325,28.27666667
245261,2189,J. M. Kunzer,,Hernando Co.,Haloragaceae,Myriophyllum,null,null,26783,null,null,null,TRUE,1143,null,aquaticum,Vell.,Verdc.,09/22/2007,"Withlacoochee River, ca. 0.8 km (sld) N of the FL 50 bridge.",null,null,null,null,null,null,null,Submerged aquatic.,null,null,null,null,FALSE,null,-82.20527778,28.52527778
148729,s.n.,T. F. Rochow,,Pasco Co.,Haloragaceae,Myriophyllum,null,null,22626,null,null,null,TRUE,1143,null,aquaticum,Vell.,Verdc.,11/30/1978,Withlacoochee River E of Dade City.,1981,In river.,null,null,null,null,null,null,null,null,null,null,FALSE,null,-82.172029,28.465832
302722,s.n.,C. Werner,,Hernando Co.,Pteridaceae,Myriopteris,null,null,245201,null,null,null,TRUE,2830,null,microphylla,Sw.,Grusz & Windham,09/21/2021,Annuteliga Unit.,null,"Rocky ridge with Quercus virginiana, Juniperus virginiana, and Psychotria nervosa.",null,null,null,null,null,null,null,null,null,null,FALSE,Withlacoochee State Forest,-82.46722222,28.68694444
305110,s.n.,D. Carr,,Sumter Co.,Myrsinaceae,Myrsine,null,null,251406,null,null,null,TRUE,3811,null,cubana,A. DC.,Lundell,Apr 2007,Withlacoochee River.,Apr2023,null,Fruit,null,null,null,null,null,null,null,null,null,FALSE,null,null,null
243953,s.n.,D. Carr,,Sumter Co.,Myrsinaceae,Myrsine,null,null,27125,null,null,null,TRUE,3811,null,cubana,A. DC.,null,02/27/2007,"In the Withlacoochee River forest. T25S, R23E, Sec. 14.",Aug 2010,On an old tram berm.,Fruit,null,null,null,null,null,null,null,null,null,FALSE,Green Swamp,-81.98305556,28.30944444
2649,7855,R. Kral,,Sumter Co.,Hydrocharitaceae,Najas,null,null,108568,null,null,null,TRUE,2708,null,guadalupensis,Spreng.,Magnus,08/13/1958,"Withlacoochee, W of Bushnell.",Jan 2015,Shallow backwater.,null,null,null,null,null,Frequent.,null,null,null,null,FALSE,Sumter - Citrus Wildlife Management Area,-82.112863,28.664992
245939,13221,B. F. Hansen,J. Hansen,Hamilton Co.,Vitaceae,Nekemias,null,null,28157,null,null,null,TRUE,980,null,arborea,L.,J. Wen & Boggan,06/13/2008,"Along the N side of FL 6, p.25 mi. E of the Withlacoochee River bridge, ca. 1.5 mi. W of Blue Springs.  T1N, R11E, Sec. 17, SW¼.",04-Oct-2017,Mixed deciduous forest and weedy edges.,null,null,null,null,null,null,null,null,null,null,FALSE,null,-81.8167,28.35
297157,1164,C. F. Caudle,"M.L. Gilbert, M.S. Tisdale",Pasco Co.,Vitaceae,Nekemias,null,null,205460,null,null,null,TRUE,980,null,arborea,L.,J. Wen & Boggan,05/25/1962,"Two-rivers Ranch, Withlacoochee River.",Aug 2018,null,null,null,null,null,null,null,null,null,null,null,FALSE,null,-82.172029,28.465832
9753,6988,G. R. Cooley,"R.J. Eaton, D.B. Ward",Levy Co.,Vitaceae,Nekemias,null,null,7274,null,null,null,TRUE,980,null,arborea,L.,J. Wen & Boggan,09/16/1959,On island offshore at mouth of Withlacoochee River.,04-Oct-2017,null,Immature Fruit,Fruit,null,null,null,Vine climbing in thickets.,null,null,null,null,FALSE,Yankeetown,-82.823055,29.031521
172103,147,N. L. Mawhinney,,Citrus Co.,Vitaceae,Nekemias,null,null,7273,null,null,null,TRUE,980,null,arborea,L.,J. Wen & Boggan,05/18/1983,"McGregor-Smith Scout Reserve, FL 44 and Withlacoochee River.",04-Oct-2017,null,Bud,null,null,null,null,null,null,null,null,null,FALSE,Inverness,-82.330372,28.835818
120354,2176,P. Genelle,G. Fleming,Pasco Co.,Vitaceae,Nekemias,null,null,7237,null,null,null,TRUE,980,null,arborea,L.,J. Wen & Boggan,08/09/1975,May Place Road; roadside.,04-Oct-2017,null,Flower,Fruit,null,null,null,null,null,null,null,null,FALSE,Withlacoochee State Forest,-82.172029,28.465832
247532,2608,J. M. Kunzer,G. Dauphin,Polk Co.,Iridaceae,Nemastylis,null,null,30827,null,null,null,TRUE,1265,null,floridana,Small,null,09/26/2008,Contact USF Herbarium if additional information is required,null,Wet flatwoods with limestone substrate.,Flower,null,null,null,null,null,null,null,null,null,TRUE,Colt Creek State Park,null,null
253177,2584,J. M. Kunzer,"G. Dauphin, C. Eckert",Polk Co.,Nephrolepidaceae,Nephrolepis,null,null,46002,null,null,null,TRUE,2809,null,exaltata,L.,Schott,09/26/2008,"Ca. 4.5 km SSE of the FL 471 bridge over Withlacoochee River, ca. 3.9 km NNE of the junction of FL 471 and US 98.",null,Mixed hardwood - conifer slough.,null,null,null,null,null,null,null,null,null,null,FALSE,Colt Creek State Park,-82.03166667,28.27583333
286630,9216,"C. E. Wood, Jr.","K.A. Wilson, G.R. Cooley",Levy Co.,Apocynaceae,Nerium,null,null,133140,null,null,null,TRUE,1725,null,oleander,L.,null,05/04/1959,"At Port Ingles (abandoned settlement) on Chambers Island, near mouth of Withlacoochee River. T17S, R15E, Sec. 14.",null,In yard of abandoned house.,null,null,null,null,null,"Double-flowered form, the petals bright pink; leaves coriaceous; large bush ca. 15 ft. tall and wide.",null,null,null,null,FALSE,null,-81.8167,28.35
265215,3176,A. R. Franck,"C. vanHoek, C. Werner",Citrus Co.,Alliaceae,Nothoscordum,null,null,82654,null,null,null,TRUE,3782,null,bivalve,L.,Britton,10/23/2012,"0.35 km N of the E-W Hernando County line, 1.5 km E of the N-S Hernando County line, 7.8 km W of US 41.",null,Along pond in mixed oak hammock at base of slope.,Flower,null,null,null,null,null,null,null,null,null,FALSE,Withlacoochee State Forest,-82.40222222,28.66888889
122799,634,R. A. Hilsenbeck,"P. Hilsenbeck, J. Poppleton",Citrus Co.,Alliaceae,Nothoscordum,null,null,81980,null,null,null,TRUE,3782,null,bivalve,L.,Britton,03/25/1976,"Trail 22, off C-491.",null,Sandhill association.,Flower,null,null,null,null,null,null,null,null,null,FALSE,Withlacoochee State Forest,-81.8167,28.35
292352,502,C. F. Caudle,"M.G. Gilbert, M.S. Tisdale",Pasco Co.,Nyssaceae,Nyssa,null,null,151979,null,null,null,TRUE,3117,null,biflora,Walter,null,06/19/1962,Withlacoochee River.,27-Apr-2018,Woods.,null,null,null,null,null,null,null,null,null,null,FALSE,null,-82.172029,28.465832
293808,1204,C. F. Caudle,"M.L. Gilbert, M.S. Tisdale",Polk Co.,Nyssaceae,Nyssa,null,null,166534,null,null,null,TRUE,3117,null,biflora,Walter,null,05/25/1963,"Two-Rivers Ranch, Withlacoochee River.",27-Apr-2018,Pine flatwoods.,Fruit,null,null,null,null,null,null,null,null,null,FALSE,null,-81.8167,28.35
206072,296,C. vanHoek,S. Petty,Sumter Co.,Nyssaceae,Nyssa,null,null,11717,null,null,null,TRUE,3117,null,biflora,Walter,null,08/01/1992,Betwen the park ranger's home and the group camping area at Hog Island Recreation Area.,27-Apr-2018,Bordering a once-wet depression.,Fruit,null,null,null,null,null,null,null,null,null,FALSE,Withlacoochee State Forest,-81.8167,28.35
55380,26054,O. K. Lakela,"R. Lassiter, J.A. Lassiter",Citrus Co.,Nyssaceae,Nyssa,null,null,11748,null,null,null,TRUE,3117,null,biflora,Walter,null,06/03/1963,"Withlacoochee River, E of Pineola.",1990,Marshy area adjoining the grotto in limestone formations; remnants of ancient fern grottoes and associations of notably large trees.,null,null,null,null,null,null,Common,null,null,null,FALSE,null,-82.272868,28.688879
27744,8076,G. R. Cooley,"A. Standley, O. Lakela",Sumter Co.,Asteraceae,Oclemena,null,null,37626,null,null,null,TRUE,2355,null,reticulata,Pursh,G. L. Nesom,04/06/1961,Withlacoochee Development Project.,Jan 2003,Understory with Vaccinium; moist sand.,Flower,null,null,null,null,"Heads prominent, white; just starting to flower.",null,null,null,null,FALSE,null,-81.8167,28.35
258595,9551,L. Baltzell,,Sumter Co.,Asteraceae,Oclemena,null,null,60323,null,null,null,TRUE,2355,null,reticulata,Pursh,G. L. Nesom,05/01/1977,"Along the Withlacoochee River Road, 0.7 mi. NW of FL 50, 4.2 mi. SW of Tarrytown.",02-Jun-2011,null,Flower,null,null,null,null,Several plants; flowers white.,null,null,null,null,FALSE,Withlacoochee State Forest,-82.05,28.55
258593,9534,L. Baltzell,,Hernando Co.,Asteraceae,Oclemena,null,null,60324,null,null,null,TRUE,2355,null,reticulata,Pursh,G. L. Nesom,04/24/1977,"Along the Riverland Rod, 0.8 mi. NE of FL 50, 2.8 mi. N of Richloam in the Indianhouse Swamp.",02-Jun-2011,null,Flower,Fruit,null,null,null,Several plants; flowers white.,null,null,null,null,FALSE,Withlacoochee State Forest,-82.1,28.5
232061,2692,M. T. Strong,,Hernando Co.,Asteraceae,Oclemena,null,null,37764,null,null,null,TRUE,2355,null,reticulata,Pursh,G. L. Nesom,05/10/2001,"2 - 3 km N of the road to Richloam, 3 km W of FL 471, ca. 6 km SW of Tarrytown.",Jan 2003,Pine flatwoods.,Flower,null,null,null,null,Ray flowers yellowish white; disc corollas yellow.,null,null,null,null,FALSE,Withlacoochee State Forest,-82.1,28.5
104825,1821,P. Genelle,G. Fleming,Sumter Co.,Asteraceae,Oclemena,null,null,37798,null,null,null,TRUE,2355,null,reticulata,Pursh,G. L. Nesom,05/05/1973,River Road.,Jan 2003,Full sun; pineland. Sandy.,Bud,Flower,Fruit,null,null,null,null,null,null,null,FALSE,Withlacoochee State Forest,-81.8167,28.35
295289,s.n.,C. Werner,,Hernando Co.,Orchidaceae,Oeceoclades,null,null,168712,null,null,null,TRUE,1327,null,maculata,Lindl.,Lindl.,08/11/2017,Richloam Tract.,null,"Base of a dead large oak in mesic hammock, with saw palmetto [Serenoa repens].",Flower,null,null,null,null,null,null,null,null,null,FALSE,Withlacoochee State Forest,-82.10888889,28.51583333
104734,1761,P. Genelle,G. Fleming,Hernando Co.,Onagraceae,Oenothera,null,null,86043,null,null,null,TRUE,2062,null,laciniata,Hill,null,04/22/1973,Croom Section; Silver Lake Recreation Area.,null,"Dry sandy roadside, partial shade.",Flower,Immature Fruit,null,null,null,null,null,null,null,null,FALSE,Withlacoochee State Forest,-82.227588,28.587772
245921,13222,B. F. Hansen,J. Hansen,Hamilton Co.,Onagraceae,Oenothera,null,null,85759,null,null,null,TRUE,3271,null,simulans,Small,W.L. Wagner & Hoch,06/13/2008,"Along the N side of FL 6, 0.25 mi. E of the Withlacoochee River bridge, ca. 1.5 mi. W of Blue Springs. T1N, R11E, Sec. 17, SW¼.",Aug 2014,Mixed deciduous forest and weedy edges.,Fertile,null,null,null,null,null,null,null,null,null,FALSE,null,-81.8167,28.35
253061,2492,J. M. Kunzer,"J. Stout, A.R. Franck",Polk Co.,Onagraceae,Oenothera,null,null,85752,null,null,null,TRUE,3271,null,simulans,Small,W.L. Wagner & Hoch,09/03/2008,"Ca. 2.6 km SE of FL 471 bridge over the Withlacoochee River, ca. 5 km NNE of junction FL 471 and US 98.",Aug 2014,Ruderal.,Fertile,null,null,null,null,null,null,null,null,null,FALSE,Colt Creek State Park,-82.04472222,28.29333333
104737,1764,P. Genelle,G. Fleming,Hernando Co.,Onagraceae,Oenothera,null,null,85735,null,null,null,TRUE,3271,null,simulans,Small,W.L. Wagner & Hoch,04/22/1973,Croom section forest road to Silver Lake Recreation area.,Aug 2014,"Dry, sandy, partial shade.",Fertile,null,null,null,null,null,null,null,null,null,FALSE,Withlacoochee State Forest,-82.227588,28.587772
104623,1727,P. Genelle,G. Fleming,Citrus Co.,Onagraceae,Oenothera,null,null,85853,null,null,null,TRUE,3271,null,simulans,Small,W.L. Wagner & Hoch,04/15/1973,FL 480 and FL 491.,Aug 2014,"Roadside ditch, sandy, full sun.",Fertile,null,null,null,null,null,null,null,null,null,FALSE,Withlacoochee State Forest,-81.8167,28.35
104817,1813,P. Genelle,G. Fleming,Hernando Co.,Onagraceae,Oenothera,null,null,85949,null,null,null,TRUE,3271,null,simulans,Small,W.L. Wagner & Hoch,05/06/1973,Richloam section; Tower Road.,Aug 2014,"Roadside, sandy loam.",Fertile,null,null,null,null,null,null,null,null,null,FALSE,Withlacoochee State Forest,-82.1,28.5
247540,2578,J. M. Kunzer,"G. Dauphin, C. Eckert",Polk Co.,Rubiaceae,Oldenlandia,null,null,82760,null,null,null,TRUE,249,null,corymbosa,L.,null,09/26/2008,"Ca. 4.5 km SSE of FL 471 bridge over the Withlacoochee River, ca. 3.9 km NNE of junction FL 471 and US 98.",null,Disturbed mesic hammock.,Fertile,null,null,null,null,null,null,null,null,null,FALSE,Colt Creek State Park,-82.03166667,28.27583333
8176,57269,R. K. Godfrey,,Sumter Co.,Rubiaceae,Oldenlandia,null,null,82619,null,null,null,TRUE,249,null,corymbosa,L.,null,07/12/1958,"Along the Withlacoochee River, E of Inverness.",Sep 2001,Moist banks bordering marsh.,Fertile,null,null,null,null,null,null,null,null,null,FALSE,null,-81.8167,28.35
48093,25455,O. K. Lakela,"J.S. Allen, G.R. Cooley, R. Lassiter, J.A. Lassiter",Citrus Co.,Poaceae,Oplismenus,null,null,11641,null,null,null,TRUE,4892,null,setarius,Lam.,Roem. & Schult.,10/21/1962,"Withlacoochee River, E of Pineola.",04 Aug 2025,"Limestone formations in remnants of ancient fern grottoes and primary hammock association of notably large trees; Quercus, Ulmus, and Carya spp. over outcrops; Distichum [?] in marshy borders.",Fertile,null,null,null,null,null,null,null,null,null,FALSE,null,-82.272868,28.688879
104679,1747,P. Genelle,G. Fleming,Citrus Co.,Cactaceae,Opuntia,null,null,24196,null,null,null,TRUE,4961,null,austrina,Sm,null,04/15/1973,Forest Service Road 13.,19 May 2020,Sandy area.,Flower,null,null,null,null,null,null,null,null,null,FALSE,Withlacoochee State Forest,-81.8167,28.35
20046,s.n.,D. B. Ward,"R.J. Eaton, G.R. Cooley",Levy Co.,Cactaceae,Opuntia,null,null,24100,null,null,null,TRUE,3595,null,stricta,Haw.,Haw.,09/16/1959,Contact USF Herbarium if additional information is required,2003,Low brush-covered shell concretion island.,Fruit,null,null,null,null,Sprawling to semi-erect; spines yellow.,Common,null,null,null,TRUE,null,null,null
302529,s.n.,C. Werner,J. Hock,Citrus Co.,Fabaceae,Orbexilum,null,null,244672,null,null,null,TRUE,2049,null,lupinellus,Michx.,Isely,08/22/2019,Citrus Tract.,null,"Sandhill, in open sunny area with mature longleaf pine [Pinus palustris], gopher apple [Geobalanus oblongifolius], and wiregrass [Aristida stricta].",Flower,null,null,null,null,null,null,null,null,null,FALSE,Withlacoochee State Forest,-82.4927,28.7335
202276,s.n.,S. Petty,C. vanHoek,Hernando Co.,Fabaceae,Orbexilum,null,null,3875,null,null,null,TRUE,2049,null,lupinellus,Michx.,Isely,05/31/1991,Headquarters Tract; ca. 2 mi. S of Citrus County line on US 41 N.,1991,Slash pine [Pinus elliottii] - turkey oak [Quercus laevis] woods.,Flower,Fruit,null,null,null,null,null,null,null,null,FALSE,Withlacoochee State Forest,-84.6667,30.2333
83021,9229,C. E. Wood,"K.A. Wilson, G.R. Cooley",Citrus Co.,Araceae,Orontium,null,null,74459,null,null,null,TRUE,3629,null,aquaticum,L.,null,05/04/1959,"S shore of Withlacoochee River, SW of Yankeetown.",1985,"In mud beneath Taxodium, Cornus, etc., on margin of side stream of river.",Fertile,null,null,null,null,Plants flowering and fruiting; flowers dull yellow; fruits green.,null,null,null,null,FALSE,null,-82.823055,29.031521
187500,s.n.,C. vanHoek,,Hernando Co.,Orchidaceae,Orthochilus,null,null,6531,null,null,null,TRUE,2417,null,ecristatus,Fernald,Bytebier,09/14/1985,Contact USF Herbarium if additional information is required,22-Oct-2017,null,Immature Fruit,null,null,null,null,null,null,null,null,null,TRUE,Withlacoochee State Forest,null,null
253164,2590,J. M. Kunzer,"G. Dauphin, C. Eckert",Polk Co.,Apocynaceae,Orthosia,null,null,46004,null,null,null,TRUE,2390,null,scoparia,Nutt.,Liede & Meve,09/26/2008,"Ca. 4.5 km SSE of the FL 471 bridge over Withlacoochee River, ca. 3.9 km NNE of the junction of FL 471 and US 98.",Jan 2016,Mesic hammock.,Flower,null,null,null,null,Vine on Sabal palmetto.,null,null,null,null,FALSE,Colt Creek State Park,-82.03166667,28.27611111
55411,25928,O. K. Lakela,"R. Lassiter, J.A. Lassiter",Citrus Co.,Apocynaceae,Orthosia,null,null,27547,null,null,null,TRUE,2390,null,scoparia,Nutt.,Liede & Meve,05/06/1963,"Withlacoochee River, E of Pineloa.",Jan 2016,Limestone formations. Remnants of ancient fern grottoes and associations of notably large trees. Grotto walls.,null,null,null,null,null,Over vegetation.,null,null,null,null,FALSE,null,-84.6667,30.2333
185037,10378,B. F. Hansen,"R.P. Wunderlin, N. Mawhinney",Sumter Co.,Osmundaceae,Osmunda,null,null,24440,null,null,null,TRUE,3066,null,spectabilis,Willd.,null,04/02/1985,"1 mi. NE of FL 48, ca. 1 mi. E of the Withlacoochee River, 3 mi. NW of Wahoo.  T20S, R21E, Sec. 20, SE¼ of SE¼.",Aug 2024,Along dirt road.,Fertile,null,null,null,null,null,null,null,null,null,FALSE,null,-82.1833,28.6833
144337,173,R. Lassiter,J.A. Lassiter,Hernando Co.,Betulaceae,Ostrya,null,null,84445,null,null,null,TRUE,3489,null,virginiana,Mill.,K. Koch,09/02/1978,McKethan Park.,null,Low woods; with Celtis and Hamamelis.,Fertile,null,null,null,null,Common.,null,null,null,null,FALSE,Withlacoochee State Forest,-81.8167,28.35
292328,968,C. F. Caudle,"M.G. Gilbert, M.S. Tisdale",Polk Co.,Oxalidaceae,Oxalis,null,null,151944,null,null,null,TRUE,2759,null,corniculata,L.,null,06/29/1962,Withlacoochee River.,2016,null,Flower,Fruit,null,null,null,null,null,null,null,null,FALSE,null,-81.8167,28.35
292320,1614,C. F. Caudle,"M.G. Gilbert, M.S. Tisdale",Pasco Co.,Oxalidaceae,Oxalis,null,null,151977,null,null,null,TRUE,2759,null,corniculata,L.,null,08/07/1962,Withlacoochee River.,2016,null,Flower,null,null,null,null,null,null,null,null,null,FALSE,null,-82.172029,28.465832
204178,241,C. vanHoek,S. Petty,Sumter Co.,Oxalidaceae,Oxalis,null,null,93678,null,null,null,TRUE,2759,null,corniculata,L.,null,03/27/1992,"On Hog Island across river from boat ramp at Hog Island Recreational Area, Croom portion of the State Forest, ca. 2 mi. SSE of Nobleton.  T21S, R21E, Sec. 31.",1992,null,Immature Fruit,null,null,null,null,null,null,null,null,null,FALSE,Withlacoochee State Forest,-82.25,28.6333
104648,1717,P. Genelle,G. Fleming,Citrus Co.,Oxalidaceae,Oxalis,null,null,93693,null,null,null,TRUE,2759,null,corniculata,L.,null,04/15/1973,FL 480 and FL 491.,1992,"Roadside ditch; sandy, full sun.",Flower,Fruit,null,null,null,null,null,null,null,null,FALSE,Withlacoochee State Forest,-81.8167,28.35
122554,2139,P. Genelle,G. Fleming,Pasco Co.,Oxalidaceae,Oxalis,null,null,93694,null,null,null,TRUE,2759,null,corniculata,L.,null,06/28/1975,Richloam section; S of Slaughter.,1992,Wet roadside ditch.,Flower,Immature Fruit,null,null,null,null,null,null,null,null,FALSE,Withlacoochee State Forest,-82.0667,28.4667
104752,1799,P. Genelle,G. Fleming,Hernando Co.,Oxalidaceae,Oxalis,null,null,93716,null,null,null,TRUE,2759,null,corniculata,L.,null,04/22/1973,Croom area; river as it enters Silver Lake.,1977,"Damp river edge; shaded, loam.",Flower,Fruit,null,null,null,null,null,null,null,null,FALSE,Withlacoochee State Forest,-82.227588,28.587772
184983,10385,B. F. Hansen,"R.P. Wunderlin, N. Mawhinney",Sumter Co.,Asteraceae,Packera,null,null,37573,null,null,null,TRUE,839,null,glabella,Poir.,C. Jeffrey,04/02/1985,"Along a dirt road 1 mi. NW of FL 48, ca. 1 mi. E of the Withlacoochee River; 3 mi. NW of Wahoo. T20S, R21E, Sec. 20, SE¼ of SE¼.",Apr 2005,Roadside.,Bud,Flower,null,null,null,null,null,null,null,null,FALSE,null,-82.1833,28.6833
172842,s.n.,J. H. Wilson,,Sumter Co.,Rubiaceae,Paederia,null,null,11551,null,null,null,TRUE,1466,null,foetida,L.,null,10/12/1983,"E side of FL 471, 2.5 mi. N of the Withlacoochee bridge.",null,Swampy area along road right-of-way.,Fruit,null,null,null,null,Rampant vine climbing over shrubs and trees to a height of 15 ft.,null,null,null,null,FALSE,null,-81.8167,28.35
247457,2582,J. M. Kunzer,"G. Dauphin, C. Eckert",Polk Co.,Rubiaceae,Paederia,null,null,30822,null,null,null,TRUE,1466,null,foetida,L.,null,09/26/2008,"Ca. 4.5 km SSE of the FL 471 bridge over the Withlacoochee River, ca. 3.9 km NNE of the junction of FL 471 and US 98.",null,Disturbed mesic hammock.,Fruit,null,null,null,null,Vine on Quercus.,null,null,null,null,FALSE,Colt Creek State Park,-82.03166667,28.27583333
299449,s.n.,C. Werner,,Sumter Co.,Poaceae,Panicum,null,null,226978,null,null,null,TRUE,null,null,dichotomiflorum,Michx.,null,10/02/2018,"Richloam Tract; East Grade Road, S of Center Grade Road, N of South Grade Road.",null,Ruderal; edge of dirt road adjacent to wet flatwoods.,Fertile,null,null,null,null,null,null,null,null,null,FALSE,Withlacoochee State Forest,-81.8167,28.35
204692,281,C. vanHoek,,Sumter Co.,Poaceae,Panicum,null,null,17977,null,null,null,TRUE,1652,null,repens,L.,null,06/12/1992,"Withlacoochee River shores at Hog Island Recreation Area, Croom portion of the Withlacoochee State Forest; ca. 2 mi. SSE of Nobleton.  T21S, R21E, Sec. 31.",null,null,Fertile,null,null,null,null,null,null,null,null,null,FALSE,null,-82.25,28.6333
247495,2564,J. M. Kunzer,"G. Dauphin, C. Eckert",Polk Co.,Poaceae,Panicum,null,null,47420,null,null,null,TRUE,3532,null,virgatum,L.,null,09/26/2008,"Ca. 2.5 km SSE of FL 471 over the Withlacoochee River, ca. 5.1 km NNE of the junction FL 471 and US 98.",null,Mesic flatwoods.,Fertile,null,null,null,null,"Culms arching, to 1.6 m tall.",null,null,null,null,FALSE,Colt Creek State Park,-82.04361111,28.29388889
1997,5716,G. R. Cooley,"J. Monachino, R.J. Eaton",Sumter Co.,Urticaceae,Parietaria,null,null,109646,null,null,null,TRUE,2328,null,floridana,Nutt.,null,03/25/1958,Withlacoochee River.,1983,Upper flood banks of river.,Fertile,null,null,null,null,"Forming sprawling mats; stems succulent, translucent, often flushed with red; flowers green, anthers white, pistil green.",null,null,null,null,FALSE,null,-81.8167,28.35
8494,57174,R. K. Godfrey,,Sumter Co.,Urticaceae,Parietaria,null,null,109628,null,null,null,TRUE,2328,null,floridana,Nutt.,null,07/12/1958,"Along Withlacoochee River, E of Inverness.",1983,Swampy woodland.,Fertile,null,null,null,null,null,null,null,null,null,FALSE,null,-81.8167,28.35
185042,10371,B. F. Hansen,"R.P. Wunderlin, N. Mawhinney",Sumter Co.,Urticaceae,Parietaria,null,null,109700,null,null,null,TRUE,2357,null,praetermissa,B. D. Hinton,null,04/02/1985,"1 mi. NE of FL 48, ca. 1 mi. E of Withlacoochee River, 3 mi. NW of Wahoo. T20S, R21E, Sec. 20, SE¼ of SE¼.",null,Dirt road.,Fertile,null,null,null,null,null,null,null,null,null,FALSE,null,-82.1833,28.6833
55424,25933,O. K. Lakela,,Citrus Co.,Urticaceae,Parietaria,null,null,109670,null,null,null,TRUE,2357,null,praetermissa,B. D. Hinton,null,05/06/1963,"Withlacoochee River, E of Pineola.",1983,Limestone formations; outcrops of shade; remnants of ancient fern grottoes and associations of notably large trees.,Fertile,null,null,null,null,Common.,null,null,null,null,FALSE,null,-82.272868,28.688879
161059,358,G. Robinson,,Sumter Co.,Caryophyllaceae,Paronychia,null,null,68329,null,null,null,TRUE,633,null,baldwinii,Torr. & A. Gray,Fenzl ex Walp.,09/29/1981,"Along the Little Withlacoochee River, ca. 5 mi. SE of Tarrytown. T23S, R23E, Sec. 9, NW¼.",1985,Cypress [Taxodium] slough.,Fertile,null,null,null,null,null,null,null,null,null,FALSE,null,-82.05,28.55
242389,3549,M. T. Strong,,Sumter Co.,Caryophyllaceae,Paronychia,null,null,68361,null,null,null,TRUE,633,null,baldwinii,Torr. & A. Gray,Fenzl ex Walp.,08/10/2005,"Bushnell, ca. 9.7 km SW of Bushnell, bordering Withlacoochee State Forest.",null,Cemetery grounds.,Fertile,null,null,null,null,null,null,null,null,null,FALSE,Florida National Cemetery,-82.112863,28.664992
227087,2504,M. T. Strong,,Sumter Co.,Caryophyllaceae,Paronychia,null,null,68511,null,null,null,TRUE,2571,null,patula,Shinners,null,08/28/2000,"NW side of FL 44, 1.6 km W of its junction with FL 475, ca. 9 km ENE of the Withlacoochee River (where FL 44 crosses it) and 9.6 km W of Wildwood.",null,Longleaf pine [Pinus palustris] - turkey oak [Quercus laevis] sandhills.,Fertile,null,null,null,null,Sepals white.,null,null,null,null,FALSE,null,-82.038974,28.865264
281528,1621,C. F. Caudle,"M.L. Gilbert, J.B. Funderburg Jr., M.S. Tisdale, P. Wright, M.V. Truitt, C.B. Oakley, P.E. Moffses, E.P. Arnolds-Patron",Pasco Co.,Caryophyllaceae,Paronychia,null,null,121581,null,null,null,TRUE,2338,null,rugelii,Chapm.,Shuttlew. ex Chapm.,08/07/1962,Withlacoochee River.,16-Oct-2015,null,Fertile,null,null,null,null,null,null,null,null,null,FALSE,null,-82.172029,28.465832
160876,52586,D. S. Correll,H.B. Correll,Hernando Co.,Caryophyllaceae,Paronychia,null,null,68591,null,null,null,TRUE,2338,null,rugelii,,Shuttlew. ex Chapm.,09/20/1981,"Off of old FL 50, just E of the Withlacoochee River.",null,Sandy soil of open woods.,Fertile,null,null,null,null,null,null,null,null,null,FALSE,null,-81.8167,28.35
120698,2188,P. Genelle,G. Fleming,Pasco Co.,Caryophyllaceae,Paronychia,null,null,68605,null,null,null,TRUE,2338,null,rugelii,,Shuttlew. ex Chapm.,08/09/1975,Clay Sink Road.,1985,"Old railroad bed; dry, sandy soil.",Fertile,null,null,null,null,null,null,null,null,null,FALSE,Withlacoochee State Forest,-82.172029,28.465832
55402,26026,O. K. Lakela,"R. Lassiter, J.A. Lassiter",Citrus Co.,Vitaceae,Parthenocissus,null,null,87643,null,null,null,TRUE,3742,null,quinquefolia,L.,Planch.,06/03/1963,"Withlacoochee River, E of Pineola.",1992,Overhanging bank in limestonen formations and remnants of ancient fern grottoes and association of notably large trees.,Flower,null,null,null,null,Frequent.,null,null,null,null,FALSE,null,-82.272868,28.688879
161073,365,G. Robinson,,Sumter Co.,Poaceae,Paspalum,null,null,46733,null,null,null,TRUE,2914,null,botterii,E. Fourn.,Chase,09/29/1981,"Along the Little Withlacoochee River, ca. 5 mi. SE of Tarrytown. T23S, R23E, Sec. 9, NW¼.",Jan 2006,Cypress [Taxodium] slough.,Fertile,null,null,null,null,null,null,null,null,null,FALSE,null,-82.05,28.55
60628,26455,O. K. Lakela,,Sumter Co.,Poaceae,Paspalum,null,null,46734,null,null,null,TRUE,2914,null,botterii,E. Fourn.,Chase,09/21/1963,"Indian Field Ledges, E of Withlacoochee River off FL 48.",Jan 2006,Hammock of interspersed flat limestone outcrops with overhead of magnificent oak association; ferns frequent in understory.,Fertile,null,null,null,null,null,null,null,null,null,FALSE,null,-81.8167,28.35
60627,25457,O. K. Lakela,"J.S. Allen, G.R. Cooley, R. Lassiter, J.A. Lassiter",Citrus Co.,Poaceae,Paspalum,null,null,46739,null,null,null,TRUE,2914,null,botterii,E. Fourn.,Chase,10/21/1962,"Withlacoochee River, E of Pineola.",Jan 2006,"Limestone formations; remants of ancient fern grottoes and primary hammock association of notably large trees, Quercus, Ulmus, and Carya spp. over outcrops; Taxodium distichum in marshy borders; moist trailside.",Fertile,null,null,null,null,Few tufts.,null,null,null,null,FALSE,null,-82.2667,28.6833
253074,22502,J. M. Kunzer,"A. Bard, J. Stout, A. Franck",Polk Co.,Poaceae,Paspalum,null,null,45647,null,null,null,TRUE,850,null,conjugatum,P. J. Bergius,null,09/03/2008,"Ca. 4.4 km SSE of FL 471 bridge over the Withlacoochee River, ca. 4 km NE of the junction of FL 471 and US 98.",null,Mesic hammock.,Fertile,null,null,null,null,null,null,null,null,null,FALSE,Colt Creek State Park,-82.0325,28.27666667
253098,2482,J. M. Kunzer,A.R. Frank,Polk Co.,Poaceae,Paspalum,null,null,46787,null,null,null,TRUE,3897,null,distichum,L.,null,09/03/2008,"Ca. 1.25 km SSE of the FL 471 bridge over the Withlacoochee River, ca. 6 km NNE of the FL 471 and US 98 junction.",null,"Wet, ruderal area.",Fertile,null,null,null,null,null,null,null,null,null,FALSE,Colt Creek State Park,-82.05305556,28.30166667
208232,374,C. vanHoek,S. Petty,Citrus Co.,Poaceae,Paspalum,null,null,46962,null,null,null,TRUE,2327,null,floridanum,Michx.,null,10/01/1993,"Near rocky area of wildlife management area, ca. 0.5 mi. S of C-480, ca. 0.25 mi. E of Forest Service Road 13, ca. 0.25 mi. WSW of Stage Pond. T20S, R19E, Sec. 33, SW¼.",1994,Well-drained hammock.,Fertile,null,null,null,null,null,null,null,null,null,FALSE,Withlacoochee State Forest,-81.8167,28.35
199396,208,C. vanHoek,,Hernando Co.,Poaceae,Paspalum,null,null,11205,null,null,null,TRUE,2608,null,laeve,Michx.,null,07/31/1989,At Station #34 of the Withlacoochee Environmental Education trail; US 41 N.,1994,null,Fertile,null,null,null,null,null,null,null,null,null,FALSE,null,-81.8167,28.35
216357,16432,S. L. Orzell,E.L. Bridges,Sumter Co.,Poaceae,Paspalum,null,null,11211,null,null,null,TRUE,2608,null,laeve,Michx.,null,04/29/1991,"N side of Center Grade Road, ca. 1.3 mi. E of its junction with FL 471, near Weeks Pond and N of Gator Hole Slough, ca. 7.7 mi. S of the junction with FL 50 at Tarrytown.  T23S, R23E, Sec. 29, NW¼.",null,Wet marly pine flatwoods and cypress [Taxodium] pond edges.  Soils - Vero (Alfic Haplaquods).,Fertile,null,null,null,null,null,null,90,92,ft,FALSE,Withlacoochee State Forest,-82.03611111,28.45833333
240270,s.n.,W. K. Taylor,,Citrus Co.,Poaceae,Paspalum,null,null,46976,null,null,null,TRUE,1683,null,lepton,Schult.,null,08/07/2004,Near Tillis Hill.,Dec 2024,Sandhill.,Fertile,null,null,null,null,null,null,null,null,null,FALSE,Withlacoochee State Forest,-81.8167,28.35
246060,13237,B. F. Hansen,J. Hansen,Hamilton Co.,Poaceae,Paspalum,null,null,28391,saurae,Parodi,null,TRUE,1301,var.,notatum,Flüggé,null,06/13/2008,"Along the N side of FL 6, 0.25 mi. E of the Withlacoochee River bridge, ca. 1.5 mi. W of Blue Springs.  T1N, R11E, Sec. 17, SW¼.",null,Mixed deciduous forest and weedy edges.,Fertile,null,null,null,null,null,null,null,null,null,FALSE,null,-81.8167,28.35
216366,16433,S. L. Orzell,E.L. Bridges,Sumter Co.,Poaceae,Paspalum,null,null,47165,null,null,null,TRUE,3877,null,praecox,Walter,null,04/29/1991,"N side of Center Grade Road, ca. 1.3 mi. E of junction FL 471, near Weeks Pond and N of Gator Hole Slough, ca. 7.7 mi. S of junction FL 50 at Tarrytown. T23S, R23E, Sec. 29, NW¼.",null,Wet marly pine flatwoods and cypress [Taxodium] pond edges. Soils - Vero (Alfic Haplaquods).,Fertile,null,null,null,null,null,null,90,92,ft,FALSE,Withlacoochee State Forest,-82.03611111,28.45833333
199136,s.n.,T. F. Rochow,,Lake Co.,Poaceae,Paspalum,null,null,47126,null,null,null,TRUE,3877,null,praecox,Walter,null,05/26/1988,"Green Swamp, N of Withlacoochee River and E of FL 471. T24S, R24E, Sec. 20.",1994,Wet meadow around cypress [Taxodium] dome.,Fertile,null,null,null,null,null,null,null,null,null,FALSE,null,-81.8167,28.35
161044,343,G. Robinson,,Sumter Co.,Poaceae,Paspalum,null,null,47066,null,null,null,TRUE,845,null,repens,P. J. Bergius,null,09/29/1981,"Along the Little Withlacoochee River, ca. 5 mi. SE of Tarrytown. T23S, R23E, Sec. 9, NW¼.",1994,Cypress slough.,Fertile,null,null,null,null,null,null,null,null,null,FALSE,null,-82.05,28.55
253180,2588,J. M. Kunzer,"G. Dauphin, C. Eckert",Polk Co.,Poaceae,Paspalum,null,null,47065,null,null,null,TRUE,845,null,repens,P. J. Bergius,null,09/26/2008,"Ca. 4.5 km SSE of FL 471 bridge over the Withlacoochee River, ca. 3.9 km NNE of junction FL 471 and US 98.",null,Mixed hardwod - conifer slough.,Fertile,null,null,null,null,null,null,null,null,null,FALSE,Colt Creek State Park,-82.03166667,28.27583333
7609,57277,R. K. Godfrey,,Citrus Co.,Poaceae,Paspalum,null,null,47069,null,null,null,TRUE,845,null,repens,P. J. Bergius,null,07/16/1958,"Along the Withlacoochee River, E of Pineola.",1994,Riverine swamp.,Fertile,null,null,null,null,null,null,null,null,null,FALSE,null,-82.2667,28.6833
206160,304,C. vanHoek,,Sumter Co.,Poaceae,Paspalum,null,null,11095,null,null,null,TRUE,3304,null,setaceum,Michx.,null,08/28/1992,"Nature trail at Hog Island Recreation Area, Croom; ca. 2 mi. SSE of Nobleton.  T21S, R21E, Sec. 31.",Aug 1996,null,Fertile,null,null,null,null,null,null,null,null,null,FALSE,Withlacoochee State Forest,-82.25,28.6333
299453,s.n.,C. Werner,C. vanHoek,Hernando Co.,Poaceae,Paspalum,null,null,226977,null,null,null,TRUE,3304,null,setaceum,Michx.,null,09/13/2018,"Croom Tract; ca. 330 ft. S of State Forest Road 4, ca. 0.25 mi. W of State Forest Road 5.",07-Jul-2020,"Sandhill adjacent to basin marsh, with mature longleaf pines [Pinus palustris[.",Fertile,null,null,null,null,null,null,null,null,null,FALSE,Withlacoochee State Forest,-82.227588,28.587772
245078,3662,M. T. Strong,,Sumter Co.,Poaceae,Paspalum,null,null,26263,null,null,null,TRUE,3304,null,setaceum,Michx.,null,08/27/2006,"Florida National Cemetery grounds, Bushnell; ca. 9.7 km (by air) SW of Bushnell, bordering Withlacoochee State Forest.",null,Edge of hammock.,Fertile,null,null,null,null,Plant glabrous.,null,null,null,null,FALSE,null,-82.112863,28.664992
245080,3663,M. T. Strong,,Sumter Co.,Poaceae,Paspalum,null,null,26264,null,null,null,TRUE,3304,null,setaceum,Michx.,null,08/27/2006,"Florida National Cemetery grounds, Bushnell; ca. 9.7 km (by air) SW of Bushnell, bordering Withlacoochee State Forest.",null,Edge of hammock.,Fertile,null,null,null,null,Plant pubescent.,null,null,null,null,FALSE,null,-82.112863,28.664992
222888,19735,S. L. Orzell,E.L. Bridges,Citrus Co.,Poaceae,Paspalum,null,null,11100,null,null,null,TRUE,3304,null,setaceum,Michx.,null,06/29/1992,"Just E of section line road, ca. 1.4 mi. S of Fivemile Pond, ca. 3.5 air mi. S of FL 44, ca. 10 air mi. E of Homosassa Springs.  T19S, R19E, Sec. 27, SW¼.",null,Mature burned longleaf pine [Pinus palustris] sandhill savanna.  Soils - Lakeland (Typic Quartzipsamments).,Fertile,null,null,null,null,null,null,100,130,ft,FALSE,Withlacoochee State Forest,-82.4025,28.80472222
246557,2484,J. M. Kunzer,A.R. Franck,Polk Co.,Poaceae,Paspalum,null,null,47236,null,null,null,TRUE,72,null,urvillei,Steud.,null,09/03/2008,"Ca. 1.25 km SSE of the FL 471 bridge over the Withlacoochee River, ca. 6 km NNE of the FL 471 and US 98 junction.",null,"Wet, ruderal area.",Fertile,null,null,null,null,null,null,null,null,null,FALSE,Colt Creek State Park,-82.05305556,28.30166667
227186,2349,M. T. Strong,,Sumter Co.,Passifloraceae,Passiflora,null,null,84286,null,null,null,TRUE,3464,null,incarnata,L.,null,22-23 May 2000,"NW side of FL 44, 1.6 km W of junction with FL 475, ca. 9 km ENE of the Withlacoochee River (where FL 44 crosses it) and 9.6 km W of Wildwood.",null,Disturbed area bordering longleaf pine [Pinus palustris] - turkey oak [Quercus laevis] sandhills.,Flower,Bud,null,null,null,Petals lavender.,null,null,null,null,FALSE,null,-82.038974,28.865264
293811,960,C. F. Caudle,"M.L. Gilbert, M.S. Tisdale",Polk Co.,Passifloraceae,Passiflora,null,null,166533,null,null,null,TRUE,2080,null,suberosa,L.,null,06/29/1962,Withlacoochee River.,2016,null,null,null,null,null,null,null,null,null,null,null,FALSE,null,-81.8167,28.35
10311,6994,G. R. Cooley,"R.J. Eaton, D.B. Ward",Levy Co.,Passifloraceae,Passiflora,null,null,84253,null,null,null,TRUE,2080,null,suberosa,L.,null,09/16/1959,Island off the mouth of Withlacoochee River.,15 Dec 2000,null,Fruit,null,null,null,null,Vine; fruit spherical.,null,null,null,null,FALSE,null,-81.8167,28.35
10257,6951,G. R. Cooley,"R.J. Eaton, D.B. Ward",Levy Co.,Apocynaceae,Pattalias,null,null,27462,null,null,null,TRUE,3168,null,palustris,Pursh,Fishbein,09/16/1959,On offshore island at mouth of the Withlacoochee River.,24 May 2017,On Forestiera.,Flower,null,null,null,null,"Vine, twining; has latex.",null,null,null,null,FALSE,null,-82.823055,29.031521
48092,25475,O. K. Lakela,"J.S. Allen, G.R. Cooley, R. Lassiter, J.A. Lassiter",Citrus Co.,Malvaceae,Pavonia,null,null,25751,null,null,null,TRUE,894,null,spinifex,L.,Cav.,10/21/1962,"Withlacoochee River, E of Pineola.",null,"Limestone formations. Remnants of ancient fern grottoes and primary hammock associations with notably large trees. Quercus, Ulmus, and Carya spp. Over outcrops; [Taxodium] distichum in marshy borders.",Flower,null,null,null,null,Local.,null,null,null,null,FALSE,null,-82.272868,28.688879
48091,25475,O. K. Lakela,"J.S. Allen, G.R. Cooley, R. Lassiter, J.A. Lassiter",Citrus Co.,Malvaceae,Pavonia,null,null,25752,null,null,null,TRUE,894,null,spinifex,L.,Cav.,10/21/1962,"Withlacoochee River, E of Pineola.",null,"Limestone formations. Remnants of ancient fern grottoes and primary hammock associations with notably large trees. Quercus, Ulmus, and Carya spp. Over outcrops; [Taxodium] distichum in marshy borders.",Fruit,null,null,null,null,Local.,null,null,null,null,FALSE,null,-82.272868,28.688879
199439,s.n.,T. F. Rochow,,Citrus Co.,Malvaceae,Pavonia,null,null,25746,null,null,null,TRUE,894,null,spinifex,L.,Cav.,07/23/1989,"Adjacent to Withlacoochee River. T19S, R21E, Sec's 27-29, 32-34.",null,On limestone outcrop along floodplain.,Flower,null,null,null,null,null,null,null,null,null,FALSE,Flying Eagle Ranch,-81.8167,28.35
228353,535,J. H. Scudder,,Sumter Co.,Polypodiaceae,Pecluma,null,null,20992,null,null,null,TRUE,2367,null,dispersa,A. M. Evans,M. G. Price,12/04/1981,Contact USF Herbarium if additional information is required,Dec 2007,null,Fertile,null,null,null,null,"Plant growing on outside of fence near tumbled down shack, more plants inside the fence.",null,null,null,null,TRUE,null,null,null
55964,26470,O. K. Lakela,,Sumter Co.,Polypodiaceae,Pecluma,null,null,21000,null,null,null,TRUE,2367,null,dispersa,A. M. Evans,M. G. Price,09/21/1963,Contact USF Herbarium if additional information is required,Apr 1987,Hammock of interspersed flat limestone outcrops with overhead of magnificent oak association; ferns frequent in understory.,null,null,null,null,null,Sterile plants in limestone crevices and on tree trunks.,null,null,null,null,TRUE,null,null,null
48047,25463,O. K. Lakela,"J.S. Allen, G.R. Cooley, R. Lassiter, J.A. Lassiter",Citrus Co.,Polypodiaceae,Pecluma,null,null,20995,null,null,null,TRUE,2367,null,dispersa,A. M. Evans,M. G. Price,10/21/1962,Contact USF Herbarium if additional information is required,Apr 1987,"Shady rock hollows in limestone formations, in remnants of ancient fern grottoes and primary hammock association of notably large trees; Quercus, Ulmus, and Carya spp. over outcrops, Distichum [Taxodium distichum ?] in marshy borders.",Fertile,null,null,null,null,null,Frequent,null,null,null,TRUE,null,null,null
120700,2126,P. Genelle,G. Fleming,Pasco Co.,Polypodiaceae,Pecluma,null,null,21003,null,null,null,TRUE,2367,null,dispersa,A. M. Evans,M. G. Price,06/14/1975,Contact USF Herbarium if additional information is required,Apr 1987,"On rotting log, full shade, damp soil.",null,null,null,null,null,null,null,null,null,null,TRUE,Withlacoochee State Forest,null,null
43148,8216,G. R. Cooley,R.J. Eaton,Hernando Co.,Polypodiaceae,Pecluma,null,null,20972,null,null,null,TRUE,3382,null,plumula,Humb. & Bonpl. ex Willd.,M. G. Price,05/01/1961,Contact USF Herbarium if additional information is required,Apr 1987,"Magnolia - live oak hammoc with Osmanthus, Liquidambar, Ulmus floridana [U. americana], Callicarpa, Morinda royoc [??; not present in this county], Serenoa, etc.",null,null,null,null,null,Epiphytic on trunks and branches of live oak [Quercus virginiana].,null,null,null,null,TRUE,null,null,null
162072,448,G. Robinson,,Sumter Co.,Polypodiaceae,Pecluma,null,null,20962,null,null,null,TRUE,3382,null,plumula,Humb. & Bonpl. ex Willd.,M. G. Price,11/12/1981,Contact USF Herbarium if additional information is required,Apr 1987,Low hardwood forest.,Fertile,null,null,null,null,null,null,null,null,null,TRUE,null,null,null
55967,26450,O. K. Lakela,,Sumter Co.,Polypodiaceae,Pecluma,null,null,20936,bourgeauana,E. Fourn.,A. R. Sm.,TRUE,2777,var.,ptilota,Kunze,M. G. Price,09/21/1963,Contact USF Herbarium if additional information is required,Apr 2008,Sabal palmetto hammock of interspersed flat limestone outcrops with overhead of magnificent oak association; ferns frequent in understory.,Fertile,null,null,null,null,Over stumps.,null,null,null,null,TRUE,null,null,null
227189,2348,M. T. Strong,,Sumter Co.,Fabaceae,Pediomelum,null,null,3910,null,null,null,TRUE,3794,null,canescens,Michx.,Rydb.,22-23 May 2000,"NW side of FL 44, 1.6 km W of its junction with FL 475, ca. 9 km ENE of the Withlacoochee River (where FL 44 crosses it) and 9.6 km W of Wildwood.",2000,Longleaf pine [Pinus palustris] - turkey oak [Quercus laevis] sandhills.,Immature Fruit,Fruit,null,null,null,null,null,null,null,null,FALSE,null,-82.038974,28.865264
283970,s.n.,E. Williamson,,Sumter Co.,Pteridaceae,Pellaea,null,null,126131,null,null,null,TRUE,4072,null,viridis,Forssk.,Prantl,10/23/2015,"From intersection of Durden Road and Coit Road travel E 1.6 mi. on Coit Road, walk ca. 245 ft. N to site; plants are ca. 295 ft. E of Withlacoochee River.  T23S, R22E, Sec. 20.",null,"Hydric hammock on moist soils; with Oplismenus spp., Nephrolepis cordifolia, and Mitchella repens, in shade under Quercus spp. and Magnolia grandiflora.",Fertile,null,null,null,null,null,null,null,null,null,FALSE,null,-82.13638889,28.46472222
55377,25776,O. K. Lakela,,Citrus Co.,Plantaginaceae,Penstemon,null,null,65430,null,null,null,TRUE,2503,null,australis,Small,null,04/13/1963,Off FL 491.,null,"Open oak forest, with Juniperus and Ilex, over outcrops of pink limestone.",Flower,null,null,null,null,"Few dispersed in shallow, dry soil.",null,null,null,null,FALSE,Withlacoochee State Forest,-81.8167,28.35
296962,7321,M. Gilbert,,Polk Co.,Plantaginaceae,Penstemon,null,null,193418,null,null,null,TRUE,2353,null,multiflorus,Benth.,Chapm.,09/07/1968,Withlacoochee River.,2017,null,Flower,Fruit,null,null,null,null,null,null,null,null,FALSE,null,-81.8167,28.35
232023,2781,M. T. Strong,,Citrus Co.,Plantaginaceae,Penstemon,null,null,65107,null,null,null,TRUE,2353,null,multiflorus,Benth.,Chapm. ex Small,08/26/2001,"0.2-0.6 km S of FL 480, 2.5 km E of FL 491, 13 km SW of Jumeau and 10 km NE of Bailey Hill.",null,Along sand road in longleaf pine [Pinus palustris] sandhills.,Fruit,null,null,null,null,null,null,null,null,null,FALSE,Withlacoochee State Forest,-82.3,28.7167
105110,1871,P. Genelle,G. Fleming,Citrus Co.,Plantaginaceae,Penstemon,null,null,65114,null,null,null,TRUE,2353,null,multiflorus,Benth.,Chapm. ex Small,05/27/1973,"Citrus section, TR 20.",null,"Pine - oak area, in open sun; sand soil.",Flower,null,null,null,null,null,null,null,null,null,FALSE,Withlacoochee State Forest,-82.45,28.8667
239120,19749,S. L. Orzell,E.L. Bridges,Citrus Co.,Plantaginaceae,Penstemon,null,null,65239,null,null,null,TRUE,2353,null,multiflorus,Benth.,Chapm. ex Small,06/29/1992,"Just E of section line road, ca. 1.4 mi. S of Fivemile Pond, ca. 3.5 air mi. S of FL 44, ca. 10 air mi. E of Homosassa Springs.  T19S, R19E, Sec. 27, SW¼.",null,Mature burned longleaf pine [Pinus palustris] sandhill savanna.  Soils - Lakeland (Typic Quartzipsamments).,Flower,Immature Fruit,null,null,null,null,null,100,130,ft,FALSE,Withlacoochee State Forest,-82.4025,28.80472222
120710,2129,P. Genelle,G. Fleming,Pasco Co.,Rubiaceae,Pentodon,null,null,10558,null,null,null,TRUE,699,null,pentandrus,Schumach. & Thonn.,Vatke,06/14/1975,Richloam section.,null,Cypress [Taxodium] swamp in muck soil.,Fertile,null,null,null,null,null,null,null,null,null,FALSE,Withlacoochee State Forest,-82.172029,28.465832
7641,57187,R. K. Godfrey,,Sumter Co.,Rubiaceae,Pentodon,null,null,10566,null,null,null,TRUE,699,null,pentandrus,Schumach. & Thonn.,Vatke,07/12/1958,"Along the Withlacoochee River, E of Inverness.",1977,Borders of marsh.,Fertile,null,null,null,null,null,null,null,null,null,FALSE,null,-81.8167,28.35
214543,487,C. vanHoek,"S. Petty, J. Buckner",Sumter Co.,Piperaceae,Peperomia,null,null,21440,null,null,null,TRUE,959,null,humilis,A. Dietr.,null,09/22/1995,Contact USF Herbarium if additional information is required,null,Moist hammocks underlain with limestone.,Fertile,null,null,null,null,"Epiphytic on mature Quercus virginiana; divided colonies present from tree bases include radiating woody feeder roots, areas above major branching, and on anterior surfaces of large branches beneath the main canopy.",null,null,null,null,TRUE,Withlacoochee State Forest,null,null
59905,s.n.,J. A. Lassiter,R. Lassiter,Citrus Co.,Piperaceae,Peperomia,null,null,21441,null,null,null,TRUE,959,null,humilis,A. Dietr.,null,1963,Contact USF Herbarium if additional information is required,Feb 1990,Primeval hammock.,Fertile,null,null,null,null,Epiphytic on very large live oak [Quercus virginiana].,null,null,null,null,TRUE,null,null,null
48017,25446,O. K. Lakela,"J.S. Allen, G.R. Cooley, R. Lassiter, J.A. Lassiter",Citrus Co.,Piperaceae,Peperomia,null,null,21442,null,null,null,TRUE,959,null,humilis,A. Dietr.,null,10/21/1962,Contact USF Herbarium if additional information is required,Feb 1990,"Mossy covered rock in limestone formations; remnants of ancient fern grottoes and primary hammock association of notably large trees; Quercus, Ulmus, and Carya spp. over outcrops, Distichum [Taxodium distichum?] in marshy borders.",null,null,null,null,null,null,null,null,null,null,TRUE,null,null,null
241873,13080,B. F. Hansen,,Sumter Co.,Lauraceae,Persea,null,null,59818,borbonia,null,null,TRUE,3592,var.,borbonia,L.,Spreng.,11/09/2005,"Ca. 1.5 mi. N of Croom. T22S, R21E, Sec. 5, NE¼.",null,Sandhill.,null,null,null,null,null,null,null,null,null,null,FALSE,Withlacoochee State Forest,-82.2167,28.5833
83020,9204,C. E. Wood,"K.A. Wilson, G.R. Cooley",Levy Co.,Lauraceae,Persea,null,null,59846,borbonia,null,null,TRUE,3592,var.,borbonia,L.,Spreng.,05/04/1959,"Jones Creek, Withlacoochee Bay, WNW of Yankeetown. T16S, R16E, Sec. 31, NW ¼.",Jan 1974,"Low limestone island in salt marsh; with Sabal, Juniperus, Persea, Yucca, etc.",Flower,null,null,null,null,"Leaves coriaceous, very shiny above, paler beneath and slightly glaucous; small tree to 10–15 ft. tall.",null,null,null,null,FALSE,null,-82.823055,29.031521
55419,25936,O. K. Lakela,"J.A. Lassiter, R. Lassiter",Citrus Co.,Lauraceae,Persea,null,null,59814,borbonia,null,null,TRUE,3592,var.,borbonia,L.,Spreng.,05/06/1963,"Trail End Hammock, near Withlacoochee River; E of Floral City.",Jan 1974,null,Flower,null,null,null,null,"Tree to 30 ft. tall, in early anthesis. Frequent.",null,null,null,null,FALSE,null,-81.8167,28.35
27391,8027,G. R. Cooley,"A.S. Pease, O. Lakela",Sumter Co.,Polygonaceae,Persicaria,null,null,9992,null,null,null,TRUE,3909,null,hydropiperoides,Michx.,Small,04/05/1961,Withlacoochee Development Project.,Mar 2016,Floor of longleaf pine [Pinus palustris] forest.,Flower,null,null,null,null,Flowers pink in bud to white in full flower.,null,null,null,null,FALSE,null,-81.8167,28.35
105097,1860,P. Genelle,G. Fleming,Hernando Co.,Polygonaceae,Persicaria,null,null,9907,null,null,null,TRUE,3909,null,hydropiperoides,Michx.,Small,05/20/1973,Yankee Swamp.,Mar 2016,Cypress [Taxodium] bog.,null,Flower,null,null,null,null,null,null,null,null,FALSE,Withlacoochee State Forest,-81.8167,28.35
167164,52587,D. S. Correll,H.B. Correll,Hernando Co.,Polygonaceae,Persicaria,null,null,63921,null,null,null,TRUE,3871,null,punctata,Elliott,Small,09/20/1981,"Off of old FL 50, just E of the Withlacoochee River.",Mar 2016,In cypress [Taxodium sp.] swamp.,Fertile,null,null,null,null,Rampant plant.,null,null,null,null,FALSE,null,-81.8167,28.35
12998,6935,G. R. Cooley,"D.B. Ward, R.J. Eaton",Levy Co.,Polygonaceae,Persicaria,null,null,64137,null,null,null,TRUE,3871,null,punctata,Elliott,Small,09/16/1959,"Yankeetown, Withlacoochee River.",Mar 2016,Bank of river.,Fertile,null,null,null,null,"Tepals white; achenes shing [shining?], 3-sided.",null,null,null,null,FALSE,null,-82.823055,29.031521
263784,4104,L. Baltzell,,Pasco Co.,Polygonaceae,Persicaria,null,null,78848,null,null,null,TRUE,3871,null,punctata,Elliott,Small,06/11/1972,"Along the Withlacoochee River; FL 471, 17 mi. S of Tarrytown, at the Polk County line.",Mar 2016,Low open bank.,Fertile,null,null,null,null,Plants 30 in. tall; flowers white.,null,null,null,null,FALSE,null,-82.172029,28.465832
8369,57178,R. K. Godfrey,null,Sumter Co.,Polygonaceae,Persicaria,null,null,64102,null,null,null,TRUE,3871,null,punctata,Elliott,Small,07/12/1958,"Along the Withlacoochee River, E of Inverness.",Mar 2016,Swampy woodland.,Fertile,null,null,null,null,null,null,null,null,null,FALSE,null,-81.8167,28.35
259770,26412,O. K. Lakela,,Citrus Co.,Polygonaceae,Persicaria,null,null,63754,null,null,null,TRUE,2606,null,setacea,Baldwin,Small,09/17/1963,"Withlacoochee River at Pineola, E of Floral City.",Mar 2016,Swampy river shore adjacent to fern grottoes.,Fertile,null,null,null,null,null,null,null,null,null,FALSE,null,-82.2667,28.6833
48087,25453,O. K. Lakela,"J.S. Allen, G.R. Cooley, R. Lassiter, J.A. Lassiter",Citrus Co.,Petiveriaceae,Petiveria,null,null,73402,null,null,null,TRUE,2822,null,alliacea,L.,null,10/21/1962,"Withlacoochee River, E of Pineola.",1981,"Shallow soil over rock; limestone formations, remnants of ancient fern grottoes and primary hammock association of notably large trees, Quercus, Ulmus and Carya spp. over outcrops; Distichum in marshy borders.",Fertile,null,null,null,null,"Achene spines reflexed, sepals ivory.",null,null,null,null,FALSE,null,-82.2667,28.6833
161037,348,G. Robinson,,Sumter Co.,Poaceae,Phanopyrum,null,null,46656,null,null,null,TRUE,2643,null,gymnocarpon,Elliott,Nash,09/29/1981,"Along the Little Withlacoochee River, ca. 5 mi. SE of Tarrytown. T23S, R23E, Sec. 9, NW¼.",1988,Cypress [Taxodium] slough.,Fertile,null,null,null,null,null,null,null,null,null,FALSE,null,-82.05,28.55
246531,2494,J. M. Kunzer,"A. Bard, J. Stout, A. Franck",Polk Co.,Poaceae,Phanopyrum,null,null,46642,null,null,null,TRUE,2643,null,gymnocarpon,Elliott,Nash,09/03/2008,"Ca. 4.3 km SE of the FL 471 bridge over the Withlacoochee River, ca. 5 km NE of the FL 471 and US 98 junction.",null,Open Taxodium swamp.,Fertile,null,null,null,null,null,null,null,null,null,FALSE,Colt Creek State Park,-82.02472222,28.28611111
255502,2728,C. vanHoek,"C. Werner, V. Morris",Sumter Co.,Poaceae,Pharus,null,null,54062,null,null,null,TRUE,3384,null,lappulaceus,Aubl.,null,10/01/2010,Contact USF Herbarium if additional information is required,null,"Rocky hammock; in association with Pavonia spinifex, Smallanthus uvedalia, and Dicliptera brachiata.",Fertile,null,null,null,null,null,null,null,null,null,TRUE,Withlacoochee State Forest,null,null
205365,293,C. vanHoek,S. Petty,Hernando Co.,Polypodiaceae,Phlebodium,null,null,97116,null,null,null,TRUE,3613,null,aureum,L.,J. Sm.,07/17/1992,"Ca. 0.25 mi. N of Tucker Hill Tower; Withlacoochee State Forest. T22S, R20E, Sec. 3, SW¼.",null,Moist soil bordering a creek.,Fertile,null,null,null,null,null,null,null,null,null,FALSE,Croom Widlife Management Area,-82.227588,28.587772
10294,7249,G. R. Cooley,"J.D. Ray, Jr.",Hernando Co.,Polypodiaceae,Phlebodium,null,null,97054,null,null,null,TRUE,3613,null,aureum,L.,J. Sm.,01/06/1960,Upper floodplain of Withlacoochee River at Istachatta.,Mar 1987,On decaying stump.,Fertile,null,null,null,null,null,null,null,null,null,FALSE,null,-82.27759,28.659991
161624,441,G. Robinson,,Sumter Co.,Polypodiaceae,Phlebodium,null,null,97107,null,null,null,TRUE,3613,null,aureum,L.,J. Sm.,09/09/1981,"Along Little Withlacoochee River, ca. 5 mi. SE of Tarrytown and 2.25 mi. E of Sumter County line. T23S, R23E, Sec. 9, NW¼.",Mar 1987,Cypress [Taxodium] slough.,null,null,null,null,null,null,null,null,null,null,FALSE,null,-82.054526,28.554997
253165,2592,J. M. Kunzer,"G. Dauphin, C. Eckert",Polk Co.,Polypodiaceae,Phlebodium,null,null,96966,null,null,null,TRUE,3613,null,aureum,L.,J. Sm.,09/26/2008,"Ca. 4.5 km SSE of FL 471 bridge over the Withlacoochee River, ca. 3.9 km NNE of junction FL 471 and US 98.",null,On Sabal palmetto; mesic hammock.,Fertile,null,null,null,null,Epiphyte.,null,null,null,null,FALSE,Colt Creek State Park,-82.03166667,28.27611111
120699,2106,P. Genelle,G. Fleming,Pasco Co.,Polypodiaceae,Phlebodium,null,null,96933,null,null,null,TRUE,3613,null,aureum,L.,J. Sm.,06/14/1975,Richloam section.,Mar 1987,On Taxodium.,Fertile,null,null,null,null,Epiphytic.,null,null,null,null,FALSE,Withlacoochee State Forest,-82.172029,28.465832
104650,1715,P. Genelle,G. Fleming,Citrus Co.,Polemoniaceae,Phlox,null,null,69508,null,null,null,TRUE,362,null,drummondii,Hook.,null,04/15/1973,FL 480 and FL 491.,1983,"Roadside ditch, sandy, full sun.",Flower,Fruit,null,null,null,null,null,null,null,null,FALSE,Withlacoochee State Forest,-81.8167,28.35
104731,1758,P. Genelle,G. Fleming,Hernando Co.,Polemoniaceae,Phlox,null,null,69534,null,null,null,TRUE,362,null,drummondii,Hook.,null,04/22/1973,Croom Road.,1983,Full sun in a dry sandy area at edge of road.,Flower,Fruit,null,null,null,null,null,null,null,null,FALSE,Withlacoochee State Forest,-82.227588,28.587772
231463,2776,M. T. Strong,,Citrus Co.,Polemoniaceae,Phlox,null,null,69618,null,null,null,TRUE,3487,null,pilosa,L.,null,08/26/2001,"0.2 - 0.6 km S of FL 480; 2.5 km E of FL 491; 13 km SW of Jumeau, and 10 km NE of Bailey Hill.",Apr 2002,Along sand road in longleaf pine [Pinus palustris] sandhills.,Flower,Fruit,null,null,null,Corollas light purple.,null,null,null,null,FALSE,Withlacoochee State Forest,-82.3,28.7167
120510,2163,G. Fleming,P. Genelle,Sumter Co.,Asteraceae,Phoebanthus,null,null,37201,null,null,null,TRUE,2316,null,grandiflorus,Torr. & A. Gray,S. F. Blake,06/28/1975,Cabbage Head Road.,null,Wet pinelands.,Flower,Immature Fruit,null,null,null,null,null,null,null,null,FALSE,Withlacoochee State Forest,-81.8167,28.35
228776,19730,S. L. Orzell,E. L. Bridges,Citrus Co.,Asteraceae,Phoebanthus,null,null,37153,null,null,null,TRUE,2316,null,grandiflorus,Torr. & A. Gray,S. F. Blake,06/29/1992,"E of section line road, ca. 1.4 mi. S of Fivemile Pond, ca. 3.5 air mi. S of FL 44, ca. 10 air mi. E of Homosassa Springs. T19S, R19E, Sec. 27, SW¼.",null,Mature burned longleaf pine [Pinus palustris] sandhill savanna.  Lakeland (Typic Quartzipsamments) soils.,Flower,null,null,null,null,null,null,100,130,ft,FALSE,Withlacoochee State Forest,-82.4025,28.80472222
228158,19780,S. L. Orzell,E.L. Bridges,Sumter Co.,Asteraceae,Phoebanthus,null,null,37252,null,null,null,TRUE,2316,null,grandiflorus,Torr. & A. Gray,S. F. Blake,06/29/1992,"N side of Center Grade Road, ca. 1.3 mi. E of junction FL 471, near Weeks Pond and N of Gator Hole Slough, ca. 7.7 mi. S of junction FL 50 at Tarrytown. T23S, R23E, Sec. 29, NW¼.",null,Dry-mesic sandy pine flatwoods.,Flower,null,null,null,null,null,null,90,92,ft,FALSE,Withlacoochee State Forest,-82.03611111,28.45833333
105078,1842,P. Genelle,G. Fleming,Hernando Co.,Verbenaceae,Phyla,null,null,10639,null,null,null,TRUE,3520,null,nodiflora,L.,Greene,05/20/1973,"Richloam section, Tower Road.",1984,Shaded wet loam.,Fertile,null,null,null,null,null,null,null,null,null,FALSE,Withlacoochee State Forest,-82.1,28.5
8408,57180,R. K. Godfrey,,Sumter Co.,Verbenaceae,Phyla,null,null,10676,null,null,null,TRUE,3520,null,nodiflora,L.,Greene,07/13/1958,"Along the Withlacoochee River, E of Inverness.",1958,Borders of swampy woodland.,Fertile,null,null,null,null,null,null,null,null,null,FALSE,null,-81.8167,28.35
211090,401,C. vanHoek,,Citrus Co.,Phyllanthaceae,Phyllanthus,null,null,28868,caroliniensis,null,null,TRUE,3286,subsp.,caroliniensis,Walter,null,08/12/1994,"S of C-480, E of TR13, Citrus Wildlife Management Area.  T21S, R19E, Sec. 32.",2009,Rocky hardwood hammock.,Flower,null,null,null,null,null,null,null,null,null,FALSE,Withlacoochee State Forest,-82.45,28.8667
161062,355,G. Robinson,,Sumter Co.,Phyllanthaceae,Phyllanthus,null,null,57325,null,null,null,TRUE,1676,null,urinaria,L.,null,09/29/1981,"Along Little Withlacoochee River, ca. 5 mi. SE of Tarrytown.  T23S, R23E, Sec. 9, NW¼.",null,Cypress [Taxodium] slough.,Flower,null,null,null,null,null,null,null,null,null,FALSE,null,-82.05,28.55
154584,s.n.,T. F. Rochow,,Sumter Co.,Solanaceae,Physalis,null,null,54711,null,null,null,TRUE,2494,null,arenicola,Kearney,null,04/23/1980,"Green Swamp, ca. 1 mi. N of the Withlacoochee River.",10-Jun-1999,Roadside in pine flatwoods.,Bud,Flower,null,null,null,null,null,null,null,null,FALSE,null,-81.8167,28.35
246572,2509,J. M. Kunzer,"A. Bard, J. Stout, A.R. Franck",Polk Co.,Solanaceae,Physalis,null,null,54397,null,null,null,TRUE,767,null,cordata,Mill.,null,09/03/2008,"Ca. 2 km SE of FL 471 bridge over the Withlacoochee River, ca. 6 km NE of junction FL 471 and US 98.",null,Overgrown pasture.,Flower,Fruit,null,null,null,Robust herb ca. 1.5 m tall.,null,null,null,null,FALSE,Colt Creek State Park,-82.04027778,28.3
10309,6989,G. R. Cooley,"R.J. Eaton, D.B. Ward",Levy Co.,Phytolaccaceae,Phytolacca,null,null,10551,null,null,null,TRUE,3668,null,americana,L.,null,09/16/1959,On island off the mouth of the Withlacoochee River.,1981,null,Fruit,Flower,null,null,null,Berries purple.,null,null,null,null,FALSE,null,-81.8167,28.35
105090,1855,P. Genelle,G. Fleming,Hernando Co.,Phytolaccaceae,Phytolacca,null,null,10452,null,null,null,TRUE,3668,null,americana,L.,null,05/20/1973,Tower Road.,1981,"Full sun, sandy loam.",Flower,Fruit,null,null,null,null,null,null,null,null,FALSE,Withlacoochee State Forest,-81.8167,28.35
302334,459,C. F. Caudle,"M.L. Gilbert, M.S. Tisdale",Madison Co.,Ericaceae,Pieris,null,null,245519,null,null,null,TRUE,646,null,phyllyreifolia,Hook.,DC.,06/19/1962,Withlacoochee River woods.,Jan 2022,null,Fruit,null,null,null,null,null,null,null,null,null,FALSE,null,null,null
172388,67,N. L. Mawhinney,,Citrus Co.,Lamiaceae,Piloblephis,null,null,59120,null,null,null,TRUE,2324,null,rigida,W. Bartram ex Benth.,Raf.,01/09/1983,"Inverness, Turner Camp Road, 0.25 mi. W of Withlacoochee River.",1999,null,Fertile,null,null,null,null,null,null,null,null,null,FALSE,null,-82.330372,28.835818
27770,8041,G. R. Cooley,"A.S. Pease, O. Lakela",Sumter Co.,Lentibulariaceae,Pinguicula,null,null,22324,null,null,null,TRUE,3136,null,caerulea,Walter,null,04/06/1961,Contact USF Herbarium if additional information is required,2009,Longleaf pine [Pinus palustris] forest.,Flower,null,null,null,null,Basal leaves rather succulent; corollas violet.,Scattered,null,null,null,TRUE,null,null,null
27775,8033,G. R. Cooley,"A.S. Pease, O. Lakela",Sumter Co.,Lentibulariaceae,Pinguicula,null,null,22285,null,null,null,TRUE,3209,null,lutea,Walter,null,04/06/1961,Contact USF Herbarium if additional information is required,2009,Moist low land of open pine wood.,Flower,Fruit,null,null,null,Flower yellow.,null,null,null,null,TRUE,null,null,null
27384,8046,G. R. Cooley,"A.S. Pease, O.K. Lakela",Sumter Co.,Lentibulariaceae,Pinguicula,null,null,29080,null,null,null,TRUE,2615,null,pumila,Michx.,null,04/06/1961,Withlacoochee Development Project.,2009,On margins of wet areas.,Flower,null,null,null,null,Common inscattered areas [?]. Corollas white to blue.,null,null,null,null,FALSE,null,-81.8167,28.35
104829,1825,P. Genelle,G. Fleming,Sumter Co.,Lentibulariaceae,Pinguicula,null,null,29081,null,null,null,TRUE,2615,null,pumila,Michx.,null,05/05/1973,River Road.,2009,"Full sun, sandy pinelands.",Flower,null,null,null,null,null,null,null,null,null,FALSE,Withlacoochee State Forest,-81.8167,28.35
216389,16411,S. L. Orzell,E.L. Bridges,Sumter Co.,Lentibulariaceae,Pinguicula,null,null,29022,null,null,null,TRUE,2615,null,pumila,Michx.,null,04/29/1991,"On N side of Center Grade Road, ca. 1.3 mi. E of junction FL 471, near Weeks Pond and N of Gator Hole Slough, ca. 7.7 mi. S of junction FL 50 at Tarrytown. T23S, R23E, Sec. 29, NW¼; Clay Sink 7.5' Quad.",2009,Mesic sandy flatwoods.,Flower,null,null,null,null,null,null,90,92,ft,FALSE,Withlacoochee State Forest,-82.03611111,28.45833333
104749,1775,P. Genelle,G. Fleming,Hernando Co.,Pinaceae,Pinus,null,null,10430,null,null,null,TRUE,643,null,clausa,Chapm. ex Engelm.,Vasey ex Sarg.,04/22/1973,"Croom Section, area on edge of river as it enters Silver Lake.",null,null,null,null,null,null,null,null,null,null,null,null,FALSE,Withlacoochee State Forest,-82.227588,28.587772
125787,5739,R. P. Wunderlin,,Hernando Co.,Pinaceae,Pinus,null,null,10360,null,null,null,TRUE,643,null,clausa,Chapm. ex Engelm.,Vasey ex Sarg.,01/29/1977,McKethan Park.,null,Mixed deciduous hardwoods with a few scattered pines.,Bud,null,null,null,null,null,null,null,null,null,FALSE,Withlacoochee State Forest,-81.8167,28.35
104641,1739,P. Genelle,G. Fleming,Citrus Co.,Pinaceae,Pinus,null,null,10247,null,null,null,TRUE,3239,null,elliottii,Engelm.,null,04/15/1973,Dames Caves area.,null,Sandy soil.,Fertile,null,null,null,null,null,null,null,null,null,FALSE,Withlacoochee State Forest,-84.6667,30.2333
104807,1803,P. Genelle,G. Fleming,Hernando Co.,Pinaceae,Pinus,null,null,10251,null,null,null,TRUE,3239,null,elliottii,Engelm.,null,05/06/1973,"Richloam Section, forest road S of FL 50.",null,"Sandy, shade.",Fertile,null,null,null,null,null,null,null,null,null,FALSE,Withlacoochee State Forest,-82.1,28.5
27748,8065,G. R. Cooley,"A.S. Pease, O. Lakela",Sumter Co.,Pinaceae,Pinus,null,null,10206,null,null,null,TRUE,3905,null,palustris,Mill.,null,04/07/1961,Withlacoochee Development Project.,Apr 1971,Longleaf pine [Pinus palustris] wood.,null,null,null,null,null,Upper branch from a recently felled tree.,null,null,null,null,FALSE,null,-81.8167,28.35
191629,57,C. vanHoek,,Citrus Co.,Poaceae,Piptochaetium,null,null,46454,null,null,null,TRUE,3405,null,avenaceum,L.,Parodi,04/11/1987,"The Florida Trail, just E of Lizzie Sink in the Citrus Wildlife Management Area.",null,Hardwood hammock.,Fertile,null,null,null,null,null,null,null,null,null,FALSE,Withlacoochee State Forest,-82.45,28.8667
204181,245,C. vanHoek,S. Petty,Sumter Co.,Poaceae,Piptochaetium,null,null,46453,null,null,null,TRUE,3405,null,avenaceum,L.,Parodi,03/27/1992,"Between Stations 23 and 24 on the nature trail of Hog Island Recreational Area (Croom portion of WSF), just north of the entrance road.",null,null,Fertile,null,null,null,null,null,null,null,null,null,FALSE,Withlacoochee State Forest,-82.2167,28.5833
245659,13218,B. F. Hansen,J. Hansen,Hamilton Co.,Turneraceae,Piriqueta,null,null,88653,caroliniana,Walter,Arbo de Sarmiento,TRUE,821,subsp.,cistoides,L.,Griseb.,06/13/2008,"Along the N side of FL 6, 0.25 mi. E of the Withlacoochee River bridge, ca. 1.5 mi. W of Blue Springs.  T1N, R11E, Sec. 17, SW¼.",null,Mixed deciduous forest and weedy edges.,Flower,Fruit,null,null,null,null,null,null,null,null,FALSE,null,-81.8167,28.35
252821,2520,J. M. Kunzer,"G. Dauphin, C. Eckert",Polk Co.,Turneraceae,Piriqueta,null,null,87977,caroliniana,Walter,Arbo de Sarmiento,TRUE,821,subsp.,cistoides,L.,Griseb.,09/26/2008,"Ca. 2.5 km SSE of the FL 471 bridge over Withlacoochee River, ca 5.1 km NNE of the junction of FL 471 and US 98.",null,Mesic flatwoods.,Flower,null,null,null,null,null,null,null,null,null,FALSE,Colt Creek State Park,-82.04444444,28.29388889
105077,1841,P. Genelle,G. Fleming,Hernando Co.,Turneraceae,Piriqueta,null,null,88086,caroliniana,Walter,Arbo de Sarmiento,TRUE,821,subsp.,cistoides,L.,Griseb.,05/20/1973,"Tower Road, Richloam section.",Dec 200,"Wet loam, shaded.",Flower,Fruit,null,null,null,null,null,null,null,null,FALSE,Withlacoochee State Forest,-82.1,28.5
104841,1837,P. Genelle,G. Fleming,Sumter Co.,Turneraceae,Piriqueta,null,null,88446,caroliniana,Walter,Arbo de Sarmiento,TRUE,821,subsp.,cistoides,L.,Griseb.,05/06/1973,Richloam section; River Road.,Dec 2000,Moist pinelands; open sun.,Flower,Fruit,null,null,null,null,null,null,null,null,FALSE,Withlacoochee State Forest,-81.8167,28.35
210672,14597,S. L. Orzell,E.L. Bridges,Hernando Co.,Turneraceae,Piriqueta,null,null,88416,caroliniana,Walter,Arbo de Sarmiento,TRUE,821,subsp.,cistoides,L.,Griseb.,08/04/1990,"S side of FL 50, ca. 1.2 mi. E of the US 301 intersection at Ridge Manor.  T23S, R22E, Sec. 7, NW¼ of NW¼.",Dec 2000,Sandy margins of limesink depression pond; community dominated by Hypericum fasciculatum.  Soils - Paisley  (Typic Albaqualfs).,Flower,Fruit,null,null,null,null,null,70,null,ft,FALSE,Withlacoochee State Forest,-82.13472222,28.50638889
239136,20055,S. L. Orzell,E.L. Bridges,Hamilton Co.,Turneraceae,Piriqueta,null,null,88573,caroliniana,Walter,Arbo de Sarmiento,TRUE,821,subsp.,cistoides,L.,Griseb.,07/07/1992,"Ca. 0.8 mi. N of FL 6 at a point ca. 0.5 mi. E of the junction with FL 143 at Blue Springs, ca. 2 mi. E of Withlacoochee River, ca. 7 air mi. SSW of Jennings; Blue Springs Longleaf.  T1N, R11E, Sec. 10, SW¼.",Aug 2004,Typic dry upland burned longleaf pine [Pinus palustris] savanna.,Flower,Fruit,null,null,null,null,null,80,90,ft,FALSE,null,-83.2125,30.49722222
253283,2687,J. M. Kunzer,,Polk Co.,Asteraceae,Pityopsis,null,null,46226,null,null,null,TRUE,524,null,graminifolia,Michx.,Nutt.,11/26/2008,"Ca. 2 km SSE of FL 471 bridge over the Withlacoochee River, ca. 5.2 km NNE of the junction of FL 471 and US 98.",null,Mesic flatwoods.,Flower,null,null,null,null,null,null,null,null,null,FALSE,Colt Creek State Park,-82.04805556,28.29444444
258600,10930,L. Baltzell,,Citrus Co.,Asteraceae,Pityopsis,null,null,60319,null,null,null,TRUE,524,null,graminifolia,Michx.,Nutt.,09/24/1979,"Along a State Forest Road, 1 mi. S of FL 44, 7.3 mi. W of Inverness.",null,null,Flower,Fruit,null,null,null,Several scattered plants; ligules yellow.,null,null,null,null,FALSE,Withlacoochee State Forest,-82.330372,28.835818
27816,8013,G. R. Cooley,"A.S. Pease, O. Lakela",Sumter Co.,Plantaginaceae,Plantago,null,null,64956,null,null,null,TRUE,3429,null,virginica,L.,null,04/05/1961,Withlacoochee Development Project.,null,Dry areas of longleaf pine [Pinus palustris] - oak forest.,Fertile,null,null,null,null,null,null,null,null,null,FALSE,null,-81.8167,28.35
104644,1723,P. Genelle,G. Fleming,Citrus Co.,Plantaginaceae,Plantago,null,null,64916,null,null,null,TRUE,3429,null,virginica,L.,null,04/15/1973,FL 480 and FL 491.,null,"Roadside ditch; sand, full sun.",Fertile,null,null,null,null,null,null,null,null,null,FALSE,Withlacoochee State Forest,-81.8167,28.35
204587,s.n.,A. Bard,,Citrus Co.,Plantaginaceae,Plantago,null,null,64712,null,null,null,TRUE,853,null,wrightiana,Decne.,null,05/13/1992,Withlacoochee State Trail.,null,Near several active gopher tortoise burrows in rudera area beside trail in former sandhill community.,Fertile,null,null,null,null,null,null,null,null,null,FALSE,null,-81.8167,28.35
43149,8207,G. R. Cooley,"R.J. Eaton, et al.",Hernando Co.,Orchidaceae,Platanthera,null,null,6394,null,null,null,TRUE,3539,null,flava,L.,Lindl.,05/01/1961,Contact USF Herbarium if additional information is required,Mar 1976,"Magnolia - live oak [Quercus virginiana] hammock with Osmanthus, Liquidambar, Ulmus floridana [U. americana], Callicarpa, Morinda royoc, Serenoa, etc.; moist sand, subject to flooding, between magnolia hammock and cypress [Taxodium] bay.",Bud,Flower,null,null,null,"Sepals green, petals greenish-yellow.",null,null,null,null,TRUE,null,null,null
306729,s.n.,J. DeAngelis,null,Citrus Co.,Orchidaceae,Platanthera,null,null,253504,null,null,null,TRUE,3539,null,flava,L.,Lindl.,04/18/2025,"Potts Preserve, 4.5 mi. E of Inverness; Tsala Apopka/Withlacoochee River floodplain.",null,null,Flower,null,null,null,null,null,null,null,null,null,FALSE,null,null,null
226891,19771,S. L. Orzell,E.L. Bridges,Sumter Co.,Orchidaceae,Platanthera,null,null,6122,null,null,null,TRUE,2597,null,nivea,Nutt.,Luer,06/29/1992,Contact USF Herbarium if additional information is required,1992,Open cypress [Taxodium] depression with grassy groundcover.  Soils - Vero (Alfic Haplaquods).,Flower,Fruit,null,null,null,null,null,90,92,ft,TRUE,Withlacoochee State Forest,null,null
245576,13225,B. F. Hansen,J. Hansen,Hamilton Co.,Polypodiaceae,Pleopeltis,null,null,96943,null,null,null,TRUE,3445,null,michauxiana,Weath.,Hickey & Sprunt,06/13/2008,"Along the N side of FL 6, 0.25 mi. E of the Withlacoochee River bridge, ca. 1.5 mi. W of Blue Springs.  T1N, R11E, Sec. 17, SW¼.",05-Jun-2017,Mixed deciduous forest and weedy edges.,null,null,null,null,null,null,null,null,null,null,FALSE,null,-81.8167,28.35
185063,10360,B. F. Hansen,"R.P. Wunderlin, N. Mawhinney",Sumter Co.,Polypodiaceae,Pleopeltis,null,null,96811,null,null,null,TRUE,3445,null,michauxiana,Weath.,Hickey & Sprunt,04/02/1985,"Along dirt road 1 mi. NE of FL 48, ca. 1 mi. E of Withlacoochee River, 3 mi. NW of Wahoo.  T20S, R21E, Sec. 20, SE¼ of SE¼.",05-Jun-2017,null,Fertile,null,null,null,null,null,null,null,null,null,FALSE,null,-82.1833,28.6833
104197,1705,P. Genelle,G. Fleming,Hernando Co.,Polypodiaceae,Pleopeltis,null,null,96949,null,null,null,TRUE,3445,null,michauxiana,Weath.,Hickey & Sprunt,01/08/1973,Croom area.,05-Jun-2017,null,Fertile,null,null,null,null,On fallen trunk of Juglans [Carya ?].,null,null,null,null,FALSE,Withlacoochee State Forest,-82.227588,28.587772
105167,1890,P. Genelle,G. Fleming,Citrus Co.,Polypodiaceae,Pleopeltis,null,null,96960,null,null,null,TRUE,3445,null,michauxiana,Weath.,Hickey & Sprunt,05/27/1973,"Dames Caves area, Citrus section TR 22.",05-Jun-2017,null,null,null,null,null,null,null,null,null,null,null,FALSE,Withlacoochee State Forest,-82.45,28.8667
161057,338,G. Robinson,,Sumter Co.,Asteraceae,Pluchea,null,null,10077,null,null,null,TRUE,2500,null,baccharis,Mill.,Pruski,09/29/1981,"Along the Little Withlacoochee River, ca. 5 mi. SE of Tarrytown.  T23S, R23E, Sec. 9, NW¼.",Jun 2007,Cypress [Taxodium] slough.,Fruit,null,null,null,null,null,null,null,null,null,FALSE,null,-82.05,28.55
105104,1868,P. Genelle,G. Fleming,Hernando Co.,Asteraceae,Pluchea,null,null,10072,null,null,null,TRUE,2500,null,baccharis,Mill.,Pruski,05/20/1973,"Richloam section, Yankee swamp.",Jun 2007,"Full sun, muck.",Flower,null,null,null,null,null,null,null,null,null,FALSE,Withlacoochee State Forest,-82.1,28.5
122572,2154,P. Genelle,G. Fleming,Sumter Co.,Asteraceae,Pluchea,null,null,10134,null,null,null,TRUE,2500,null,baccharis,Mill.,Pruski,06/28/1975,Cabbage Head Road.,Jun 2007,Edge of lake.,Flower,Fruit,null,null,null,null,null,null,null,null,FALSE,Withlacoochee State Forest,-81.8167,28.35
228163,19775,S. L. Orzell,E.L. Bridges,Sumter Co.,Asteraceae,Pluchea,null,null,10131,null,null,null,TRUE,2500,null,baccharis,Mill.,Pruski,06/29/1992,"N side of Center Grade Road, ca. 1.3 mi. E othe junction of FL 471, near Weeks Pond and N of Gator Hole Slough, ca. 7.7 mi. S of the junction of FL 50 at Tarrytown.  T23S, R23E, Sec. 29, NW¼.",Jun 2007,Open cypress [Taxodium] depression with grassy groundcover.  Soils - Vero (Alfic Haplaquods).,Flower,null,null,null,null,null,null,90,92,ft,FALSE,Withlacoochee State Forest,-82.03611111,28.45833333
298436,963,C. F. Caudle,"M.L. Gilbert, M.S. Tisdale",Pasco Co.,Asteraceae,Pluchea,null,null,208549,null,null,null,TRUE,875,null,foetida,L.,DC.,06/29/1962,Withlacoochee River.,2018,null,Fertile,null,null,null,null,null,null,null,null,null,FALSE,null,-82.172029,28.465832
253087,2569,J. M. Kunzer,"G. Dauphin, C. Eckert",Polk Co.,Asteraceae,Pluchea,null,null,45674,null,null,null,TRUE,875,null,foetida,L.,DC.,09/26/2008,"Ca. 2.5 km SSE of FL 471 bridge over the Withlacoochee River, ca. 5.1 km NNE of the junction of FL 471 and US 98.",null,Disturbed Taxodium swamp.,Fertile,null,null,null,null,null,null,null,null,null,FALSE,Colt Creek State Park,-82.04444444,28.29305556
247538,2585,J. M. Kunzer,"G. Dauphin, C. Eckert",Polk Co.,Asteraceae,Pluchea,null,null,36359,null,null,null,TRUE,1088,null,longifolia,Nash,null,09/26/2008,"Ca. 4.5 km SSE of FL 471 bridge over the Withlacoochee River, ca. 3.9 km NNE of the junction of FL 471 and US 98.",null,Mixed hardwood / conifer slough.,Flower,Fruit,null,null,null,null,null,null,null,null,FALSE,Colt Creek State Park,-82.03166667,28.27583333
56023,26461,O. K. Lakela,null,Sumter Co.,Asteraceae,Pluchea,null,null,36362,null,null,null,TRUE,1088,null,longifolia,Nash,null,09/21/1963,"Indian Field Ledges, W of Withlacoochee River off C-48.",null,Moist hammock of interspersed flat limestone outcrops with overhead of magnificent oak association; ferns frequent in understory.,Flower,null,null,null,null,Frequent.,null,null,null,null,FALSE,null,-81.8167,28.35
228885,19728,S. L. Orzell,E.L. Bridges,Citrus Co.,Cleomaceae,Polanisia,null,null,55776,null,null,null,TRUE,2692,null,tenuifolia,Torr. & A. Gray,null,06/29/1992,"Just E of section line road, ca. 1.4 mi. S of Fivemile Pond, ca. 3.5 air mi. S of FL 44, ca. 10 air mi. E of Homosassa Springs.  T19S, R19E, Sec. 27, SW¼.",null,Mature burned longleaf pine [Pinus palustris] savanna.  Soils - Lakeland (Typic Quartzipsamments).,Flower,null,null,null,null,null,null,100,130,ft,FALSE,Withlacoochee State Forest,-82.4025,28.80472222
206456,318,C. vanHoek,S. Petty,Sumter Co.,Polygonaceae,Polygonum,null,null,63776,null,null,null,TRUE,1216,null,nesomii,T.M. Schust. & Reveal,null,10/16/1992,"FL 21, Hog Island Nature Trail, Hog Island Recreation Area, Withlacoochee State Forest; ca. 2 mi. SSE of Nobleton. T21S, R21E, Sec. 31.",11-Nov-2017,null,Fertile,null,null,null,null,null,null,null,null,null,FALSE,Croom Widlife Management Area,-82.25,28.6333
264381,10474,L. Baltzell,,Citrus Co.,Polygonaceae,Polygonum,null,null,80724,null,null,null,TRUE,3790,null,pinicola,T.M. Schust. & Reveal,null,10/22/1978,"Along State Forest Service Road 13, 5.8 mi. SW of Inverness, 0.8 mi. S of FL 44.",11-Nov-2017,Pine woods.,Flower,null,null,null,null,Many plants scattered; flowers white.,null,null,null,null,FALSE,Withlacoochee State Forest,-82.330372,28.835818
223624,18659,S. L. Orzell,E.L. Bridges,Hamilton Co.,Polygonaceae,Polygonum,null,null,63430,null,null,null,TRUE,3790,null,pinicola,T.M. Schust. & Reveal,null,10/19/1991,"S side of FL 6, ca. 1.6 mi. E of its junction with FL 143 at Blue Springs, ca. 3.1 mi. E of Withlacoochee River and the Madison County line, ca. 16 mi. W of Jasper. T1N, R11E, Sec. 14, NE¼ of SW¼.",11-Nov-2017,Cutover disturbed sandhill woodland.,Fertile,null,null,null,null,null,null,80,null,ft,FALSE,null,-83.19388889,30.48555556
208192,360,C. vanHoek,,Citrus Co.,Poaceae,Polypogon,null,null,46377,null,null,null,TRUE,132,null,monspeliensis,L.,Desf.,05/08/1993,"Potts Preserve at the Withlacoochee River; N of the dead end of FL 581, ca. 6 mi. E of Iverness. T18S, R20E.",null,"Hardwood forest, disturbed area on the river trail.",Fertile,null,null,null,null,null,null,null,null,null,FALSE,null,-81.8167,28.35
162070,461,G. Robinson,,Sumter Co.,Tetrachondraceae,Polypremum,null,null,103610,null,null,null,TRUE,3616,null,procumbens,L.,null,11/12/1981,"Along Withlacoochee River, ca. 2.75 mi. SE of Cumpressco. T25S, R23E, Sec. 9, SW¼.",null,Low hardwood forest.,Fertile,null,null,null,null,null,null,null,null,null,FALSE,null,-82.0333,28.35
253067,2536,J. M. Kunzer,"G. Dauphin, C. Eckert",Polk Co.,Tetrachondraceae,Polypremum,null,null,103588,null,null,null,TRUE,3616,null,procumbens,L.,null,09/26/2008,"Ca. 2.5 km SSE of FL 471 bridge over the Withlacoochee River, ca. 5.1 km NNE of junction FL 471 and US 98.",null,"Damp, disturbed area in flatwoods.",Fertile,null,null,null,null,null,null,null,null,null,FALSE,Colt Creek State Park,-82.04527778,28.29416667
122565,2137,P. Genelle,G. Fleming,Pasco Co.,Tetrachondraceae,Polypremum,null,null,103950,null,null,null,TRUE,3616,null,procumbens,L.,null,06/28/1975,"Richloam section, S of Slaughter.",null,null,Fertile,null,null,null,null,null,null,null,null,null,FALSE,Withlacoochee State Forest,-82.0667,28.4667
297207,3437,C. F. Caudle,"M.L. Gilbert, M.S. Tisdale",Hernando Co.,Pontederiaceae,Pontederia,null,null,204467,null,null,null,TRUE,3688,null,cordata,L.,null,07/06/1963,Richloam District.,2016,null,Flower,null,null,null,null,null,null,null,null,null,FALSE,Withlacoochee State Forest,-82.1,28.5
13018,6938,G. R. Cooley,"R.J. Eaton, J.D. Ray Jr.",Levy Co.,Pontederiaceae,Pontederia,null,null,100933,null,null,null,TRUE,3688,null,cordata,L.,null,09/16/1959,On bank of Withlacoochee River at Yankeetown.,1990,null,Flower,null,null,null,null,Flowers strong violet.,null,null,null,null,FALSE,null,-82.823055,29.031521
161046,344,G. Robinson,,Sumter Co.,Pontederiaceae,Pontederia,null,null,100941,null,null,null,TRUE,3688,null,cordata,L.,null,09/29/1981,"Along the Little Withlacoochee River, ca. 5 mi. SE of Tarrytown. T23S, R23E, Sec. 9, NW¼.",1990,Cypress [Taxodium] slough.,Flower,null,null,null,null,null,null,null,null,null,FALSE,null,-82.05,28.55
105091,1856,P. Genelle,G. Fleming,Hernando Co.,Pontederiaceae,Pontederia,null,null,100906,null,null,null,TRUE,3688,null,cordata,L.,null,05/20/1973,Tower Road.,1990,"Wet ditch, full sun.",Flower,Immature Fruit,null,null,null,null,null,null,null,null,FALSE,Withlacoochee State Forest,-81.8167,28.35
214199,427,C. vanHoek,,Hernando Co.,Potamogetonaceae,Potamogeton,null,null,62174,null,null,null,TRUE,2113,null,diversifolius,Raf.,null,03/24/1995,"Lake McKethan, Headquarters Tract of Withlacoochee State Forest, US 41, ca. 6 mi. N of Brooksville.",2000,Shore of lake.,Fertile,null,null,null,null,null,null,null,null,null,FALSE,Mckethan Lake Recreational Area,-82.387871,28.555272
287720,s.n.,M. L. Gilbert,,Polk Co.,Potamogetonaceae,Potamogeton,null,null,134226,null,null,null,TRUE,2113,null,diversifolius,Raf.,null,May 1961,"Green Pond, a small tributary of Withlacoochee River.",2016,Dark water.,Fertile,null,null,null,null,null,null,null,null,null,FALSE,null,-81.8167,28.35
301209,s.n.,B. Lindemuth,,Citrus Co.,Asteraceae,Praxelis,null,null,240499,null,null,null,TRUE,4272,null,clematidea,Kuntze,R. M. King & H. Rob.,08/05/2020,"Citrus Tract; Edge of Forest Road 13, ca. 0.4 mi. N of the Tillis Hill Recreation Area driveway and ca. 0.5 mi. S of Forest Road 18.",null,Edge of limerock road that is adjacent to sandhill; sandy soils in full sun.,Flower,null,null,null,null,Ruderal.,null,null,null,null,FALSE,Withlacoochee State Forest,-82.45,28.8667
286550,s.n.,C. Werner,,Hernando Co.,Asteraceae,Praxelis,null,null,130064,null,null,null,TRUE,4272,null,clematidea,Kuntze,R. M. King & H. Rob.,05/28/2016,"Croom Tract; easement on N side of Croom Road, ca. 0.4 mi. E of Forest Road 5, 0.6 mi. W of Forest Road 7.  T22S, R20E, Sec. 2.",null,In newly installed Paspalum notatum sod over dry sandy soils in sunny location.,Flower,null,null,null,null,null,null,null,null,null,FALSE,Withlacoochee State Forest,-82.27833333,28.59388889
7591,57279,R. K. Godfrey,,Citrus Co.,Haloragaceae,Proserpinaca,null,null,98748,null,null,null,TRUE,3463,null,palustris,L.,null,07/16/1958,"Along the Withlacoochee River, E of Pineola.",27-Nov-1964,Swamp.,Fruit,null,null,null,null,Fruits white.,null,null,null,null,FALSE,null,-82.2667,28.6833
27760,8034,G. R. Cooley,"A.S. Pease, O. Lakela",Sumter Co.,Haloragaceae,Proserpinaca,null,null,98777,null,null,null,TRUE,1002,null,pectinata,Lam.,null,04/06/1961,Withlacoochee Development Project.,null,Along muddy margins of ditches and ponds.,Fertile,null,null,null,null,"Low, creeping perennial, in fruit.",null,null,null,null,FALSE,null,-81.8167,28.35
246054,13233,B. F. Hansen,J. Hansen,Hamilton Co.,Rosaceae,Prunus,null,null,104972,null,null,null,TRUE,989,null,serotina,Ehrh.,null,06/13/2008,"Along the N side of FL 6, 0.25 mi. E of the Withlacoochee River bridge, ca. 1.5 mi. W of Blue Springs. T1N, R11E, Sec. 17, SW¼.",null,Mixed deciduous forest and weedy edges.,Fruit,null,null,null,null,null,null,null,null,null,FALSE,null,-81.8167,28.35
178411,s.n.,T. F. Rochow,,Pasco Co.,Asteraceae,Pseudognaphalium,null,null,36050,null,null,null,TRUE,3956,null,obtusifolium,L.,Hilliard & B.L. Burtt,10/10/1983,"Not far from River Road and Withlacoochee River. T24S, R22E, Sec. 32.",2004,Sandhill.,Fertile,null,null,null,null,null,null,null,null,null,FALSE,null,-82.172029,28.465832
151470,s.n.,M. Lopez,L. Snyder,Sumter Co.,Psilotaceae,Psilotum,null,null,67754,null,null,null,TRUE,2108,null,nudum,L.,P. Beauv.,03/06/1980,"Green Swamp, near Little Withlacoochee River.",1986,At base of cabbage palm [Sabal palmetto] in mesic hammock.,Fertile,null,null,null,null,null,null,null,null,null,FALSE,null,-81.8167,28.35
247460,2591,J. M. Kunzer,"G. Dauphin, C. Eckert",Polk Co.,Rubiaceae,Psychotria,null,null,82873,null,null,null,TRUE,2811,null,nervosa,Sw.,null,09/26/2008,"Ca. 4.5 km SSE of FL 471 bridge over the Withlacoochee River, ca. 3.9 km NNE of junction FL 471 and US 98.",null,Mesic hammock.,Fruit,null,null,null,null,Low shrub ca. 1 m tall.,null,null,null,null,FALSE,Colt Creek State Park,-82.03166667,28.27611111
255495,21,N. G. West,,Hernando Co.,Rubiaceae,Psychotria,null,null,82979,null,null,null,TRUE,2811,null,nervosa,Sw.,null,11/28/2007,McKethan Lake.,null,"Dry slope; Quercus virginiana, Magnolia sp., Ulmus sp., Smilax sp., Vitis rotundifolia.",null,null,null,null,null,Rare.,null,null,null,null,FALSE,Withlacoochee State Forest,-82.33805556,28.64111111
55429,26037,O. K. Lakela,"R. Lassiter, J.A. Lassiter",Citrus Co.,Rubiaceae,Psychotria,null,null,82958,null,null,null,TRUE,2811,null,nervosa,Sw.,null,06/03/1963,"Withlacoochee River, E of Pineola.",null,Limestone cavities; limestone formations; remnants of ancient fern grottoes and associations of notably large trees.,Fertile,null,null,null,null,Few plants.,null,null,null,null,FALSE,null,-82.272868,28.688879
162073,471,G. Robinson,,Sumter Co.,Rubiaceae,Psychotria,null,null,82668,null,null,null,TRUE,2240,null,tenuifolia,Sw.,null,11/12/1981,"Along Withlacoochee River, ca. 2.75 mi. SE of Cumpressco.  T25S, R23E, Sec. 9, SW¼.",22-Jan-2018,Low hardwood forest.,null,null,null,null,null,null,null,null,null,null,FALSE,null,-82.0333,28.35
253054,2506,J. M. Kunzer,"A. Bard, J. Stout, A. Franck",Polk Co.,Rubiaceae,Psychotria,null,null,82659,null,null,null,TRUE,2240,null,tenuifolia,Sw.,null,09/03/2008,"Ca. 4.4 km SSE of FL 471 bridge over the Withlacoochee River, ca. 4 km NE of the junction of FL 471 and US 98.",22-Jan-2018,Mesic hammock.,Fruit,null,null,null,null,null,null,null,null,null,FALSE,Colt Creek State Park,-82.0325,28.27666667
246242,13229,B. F. Hansen,J. Hansen,Hamilton Co.,Dennstaedtiaceae,Pteridium,null,null,104313,pseudocaudatum,Clute,Clute ex A. Heller,TRUE,2968,var.,aquilinum,L.,Kuhn,06/13/2008,"Along the N side of FL 6, 0.25 mi. E of the Withlacoochee River bridge ca. 1.5 mi. W of Blue Springs. T1N, R11E, Sec. 17, SW¼.",null,Mixed deciduous forest and weedy edges.,Fertile,null,null,null,null,null,null,null,null,null,FALSE,null,-81.8167,28.35
197655,8499,W. R. Faircloth,,Berrien Co.,Dennstaedtiaceae,Pteridium,null,null,114892,pseudocaudatum,Clute,Clute ex A. Heller,TRUE,2968,var.,aquilinum,L.,Kuhn,10/17/1980,Between Slough Bridge and Withlacoochee River bridge on SR-125 1.1 mi. W of Nashville.,15-Sep-2015,Dry waste area.,null,null,null,null,null,null,null,null,null,null,FALSE,null,null,null
48050,25469,O. K. Lakela,"J.S. Allen, G.R. Cooley, R. Lassiter, J.A. Lassiter",Citrus Co.,Pteridaceae,Pteris,null,null,19543,null,null,null,TRUE,1365,null,vittata,L.,null,10/21/1962,"Withlacoochee River, E of Pineola.",Jan 1987,"Trailside embamkment in limestone formations; remnants of ancient fern grottoes and primary hammock association of notably large trees; Quercus, Ulmus, and Carya spp. over outcrops; [Taxodium] distichum in marshy borders.",Fertile,null,null,null,null,null,null,null,null,null,FALSE,null,-82.272868,28.688879
104803,1799 R.L.,G. Fleming,P. Genelle,Hernando Co.,Asteraceae,Pterocaulon,null,null,35859,null,null,null,TRUE,2041,null,pycnostachyum,Michx.,Elliott,05/05/1973,null,null,"Sandy pinelands, Pinus elliottii.",Flower,null,null,null,null,null,null,null,null,null,FALSE,Withlacoochee State Forest,-81.8167,28.35
229445,19748,S. L. Orzell,E.L. Bridges,Citrus Co.,Asteraceae,Pterocaulon,null,null,35766,null,null,null,TRUE,2041,null,pycnostachyum,Michx.,Elliott,06/29/1992,"Just E of section line road, ca. 1.4 mi. S of Fivemile Pond, ca. 3.5 air mi. S of FL 44, ca. 10 air mi. E of Homosassa Springs. T19S, R19E, Sec. 27, SW¼.",null,Mature burned longleaf pine [Pinus palustris] sandhill savanna.  Soils - Lakeland (Typic Quartzipsamments).,Fruit,null,null,null,null,null,null,100,130,ft,FALSE,Withlacoochee State Forest,-82.4025,28.80472222
105079,1844,P. Genelle,G. Fleming,Hernando Co.,Apiaceae,Ptilimnium,null,null,90437,null,null,null,TRUE,803,null,capillaceum,Michx.,Raf.,05/20/1973,"Richloam section, Tower Road.",Mar 2012,Edge of bog.,Fertile,null,null,null,null,null,null,null,null,null,FALSE,Withlacoochee State Forest,-82.1,28.5
246256,13240,B. F. Hansen,J. Hansen,Hamilton Co.,Asteraceae,Pyrrhopappus,null,null,35668,null,null,null,TRUE,810,null,carolinianus,Walter,DC.,06/13/2008,"Along N side of FL 6, 0.25 mi. E of Withlacoochee River bridge, ca. 1.5 mi. W of Blue Springs.  T1N, R11E, Sec. 17, SW¼.",null,Mixed deciduous forest and weedy edges.,Flower,null,null,null,null,null,null,null,null,null,FALSE,null,-81.8167,28.35
185043,10370,B. F. Hansen,"R.P. Wunderlin, N. Mawhinney",Sumter Co.,Asteraceae,Pyrrhopappus,null,null,35653,null,null,null,TRUE,810,null,carolinianus,Walter,DC.,04/02/1985,"Dirt road 1 mi. NE of FL 48, ca. 1 mi. E of Withlacoochee River; 3 mi. NW of Wahoo.  T20S, R21E, Sec. 20, SE¼ of SE¼.",null,null,Flower,Bud,null,null,null,null,null,null,null,null,FALSE,null,-82.1833,28.6833
104647,1718,G. Fleming,P. Genelle,Citrus Co.,Asteraceae,Pyrrhopappus,null,null,35626,null,null,null,TRUE,810,null,carolinianus,Walter,DC.,04/15/1973,FL 480 and FL 491.,null,"Roadside ditch, sandy, full sun.",Fruit,Flower,null,null,null,null,null,null,null,null,FALSE,Withlacoochee River State Park,-81.8167,28.35
104810,1806 R1,G. Fleming,P. Genelle,Hernando Co.,Asteraceae,Pyrrhopappus,null,null,35658,null,null,null,TRUE,810,null,carolinianus,Walter,DC.,05/06/1973,"Richloam section, forest road S of FL 50.",null,Sandy shade.,Flower,Fruit,null,null,null,null,null,null,null,null,FALSE,Withlacoochee River State Park,-82.1,28.5
104736,1763Cr,G. Fleming,P. Genelle,Hernando Co.,Asteraceae,Pyrrhopappus,null,null,35681,null,null,null,TRUE,810,null,carolinianus,Walter,DC.,04/22/1973,"Croom section, forest road to Silver Lake Recreation area.",null,"Dry, sandy, partial shade.",Fruit,Immature Fruit,null,null,null,null,null,null,null,null,FALSE,Withlacoochee River State Park,-82.227588,28.587772
246790,2397,J. M. Kunzer,B.F. Hansen,Polk Co.,Asteraceae,Pyrrhopappus,null,null,35664,null,null,null,TRUE,810,null,carolinianus,Walter,DC.,04/15/2008,"Ca. 2.6 km SE of FL 471 bridge over Withlacoochee River, ca. 5.3 km NNE of junction FL 471 and US 98.",null,Pasture.,Bud,Flower,Fruit,null,null,null,null,null,null,null,FALSE,Colt Creek State Park,-82.04111111,28.28944444
55396,26030,O. K. Lakela,"R. Lassiter, J.A. Lassiter",Citrus Co.,Asteraceae,Pyrrhopappus,null,null,35647,null,null,null,TRUE,810,null,carolinianus,Walter,DC.,06/03/1963,"Withlacoochee River, E of Pineola.",null,"Limestone formations, remnants of ancient fern grottoes and associations of notably large trees; along trail",Bud,Fruit,null,null,null,Scattered.,null,null,null,null,FALSE,null,-82.2667,28.6833
208182,365,C. vanHoek,S. Petty,Citrus Co.,Fagaceae,Quercus,null,null,93246,null,null,null,TRUE,4194,null,austrina,Small,null,06/04/1993,"Surrounding Lizzie Hart Sink, next to and below the Florida Trail; Withlacoochee State Forest. T20S, R18E, Sec. 31.",May 2004,Bottomland.,null,null,null,null,null,null,null,null,null,null,FALSE,Citrus Wildlife Management Area,-82.45,28.8667
227207,2509,M. T. Strong,,Sumter Co.,Fagaceae,Quercus,null,null,93745,null,null,null,TRUE,2464,null,geminata,Small,null,08/28/2000,"NW side of FL 44, 1.6 km W of junction with FL 475, ca. 9 km ENE of the Withlacoochee River (where FL 44 crosses it) and 9.6 km W of Wildwood.",null,Longleaf pine [Pinus palustris] - turkey oak [Q. laevis] sandhills.,Fruit,null,null,null,null,null,null,null,null,null,FALSE,null,-82.038974,28.865264
301026,s.n.,M. L. Gilbert,,Hernando Co.,Fagaceae,Quercus,null,null,238661,null,null,null,TRUE,3963,null,laevis,Walter,null,03/25/1956,Corner of Bayport - Withlacoochee Road.,2020,null,null,null,null,null,null,null,null,null,null,null,FALSE,null,-82.6333,28.5333
104631,1736,P. Genelle,G. Fleming,Citrus Co.,Fagaceae,Quercus,null,null,94180,null,null,null,TRUE,3963,null,laevis,Walter,null,04/15/1973,Dames Cave area.,null,Sandy soil.,null,null,null,null,null,null,null,null,null,null,FALSE,Withlacoochee State Forest,-84.6667,30.2333
241982,13083,B. F. Hansen,,Sumter Co.,Fagaceae,Quercus,null,null,9723,null,null,null,TRUE,3901,null,laurifolia,Michx.,null,11/09/2005,"Ca. 1.5 mi. N of Croom.  T22S, R21E, Sec. 5, NE¼.",null,Sandhill.,null,null,null,null,null,null,null,null,null,null,FALSE,Withlacoochee State Forest,-82.2167,28.5833
246303,12239,B. F. Hansen,J. Hansen,Hamilton Co.,Fagaceae,Quercus,null,null,28463,null,null,null,TRUE,3901,null,laurifolia,Michx.,null,06/13/2008,"Along thN side of FL 6, 0.25 mi. E of the Withlacoochee River bridge, ca. 1.5 mi. W of Blue Springs.  T1N, R11E, Sec. 17, SW¼.",null,Mixed deciduous forest and weedy edges.,null,null,null,null,null,null,null,null,null,null,FALSE,null,-81.8167,28.35
104632,1737,P. Genelle,G. Fleming,Citrus Co.,Fagaceae,Quercus,null,null,9802,null,null,null,TRUE,3901,null,laurifolia,Michx.,null,04/14/1973,Dames Caves area.,null,Sandy soil.,null,null,null,null,null,null,null,null,null,null,FALSE,Withlacoochee State Forest,-84.6667,30.2333
104642,1738,P. Genelle,G. Fleming,Citrus Co.,Fagaceae,Quercus,null,null,94295,null,null,null,TRUE,2986,null,margarettae,Ashe ex Small,null,04/15/1973,Dames Cave area.,1985,Sandy soil.,Flower,null,null,null,null,null,null,null,null,null,FALSE,Withlacoochee State Forest,-84.6667,30.2333
48117,25459,O. K. Lakela,"J.S. Allen, G.R. Cooley, R. Lassiter, J.A. Lassiter",Citrus Co.,Fagaceae,Quercus,null,null,94336,null,null,null,TRUE,3835,null,michauxii,Nutt.,null,10/21/1962,"Withlacoochee River, E of Pineola.",null,"Limestone formations, remnants of ancient fern grottoes and primary hammock association of notably large trees, Quercus, Ulmus and Carya spp. over outcrops; Distichum in marshy borders.",Fruit,null,null,null,null,Tree to 25 m tall; winter buds well-formed.,null,null,null,null,FALSE,null,-82.272868,28.688879
55393,26040,O. K. Lakela,"R. Lassiter, J.A. Lassiter",Citrus Co.,Fagaceae,Quercus,null,null,94333,null,null,null,TRUE,3835,null,michauxii,Nutt.,null,06/03/1963,"Withlacoochee River, E of Pineola.",null,Limestone formations; remnants of ancient fern grottoes and associations of notably large trees.,Fruit,null,null,null,null,Branch from fallen limb; older fruit on ground not under same tree.,null,null,null,null,FALSE,null,-82.272868,28.688879
105169,1893,P. Genelle,G. Fleming,Citrus Co.,Fagaceae,Quercus,null,null,94412,null,null,null,TRUE,3835,null,michauxii,Nutt.,null,05/27/1973,"Citrus section, side road, S of Dames Caves area.",null,Partial shade.,null,null,null,null,null,null,null,null,null,null,FALSE,Withlacoochee State Forest,-82.45,28.8667
27776,8056,G. R. Cooley,"A.S. Pease, O. Lakela",Sumter Co.,Fagaceae,Quercus,null,null,94790,null,null,null,TRUE,2589,null,minima,Sarg.,Small,04/07/1961,Withlacoochee Developmental Project.,24 Apr 1963,"Open pine woods; sandy, shrubby area near cypress [Taxodium].",Flower,null,null,null,null,"Rhizomatous shrubs 4-5 dm high; young growth puberulent; mature foliage and twigs glabrous; leaves obovate in outline, coarsely pinnately lobed or cut into pointed deltoid 3-4 teeth, the margin cartilaginous, revolute.",null,null,null,null,FALSE,null,-81.8167,28.35
246507,2327,J. M. Kunzer,"A. Bard, S. Spaulding",Polk Co.,Fagaceae,Quercus,null,null,94772,null,null,null,TRUE,2589,null,minima,Sarg.,Small,04/03/2008,"Ca. 4.4 km SE of FL 471 bridge over the Withlacoochee River, ca. 4.9 km NE of junction FL 471 and US 98.",null,Mesic flatwoods.,Flower,null,null,null,null,Erect shrub ca. 3 dm tall.,null,null,null,null,FALSE,Colt Creek State Park,-82.02555556,28.28277778
227181,2356,M. T. Strong,,Sumter Co.,Fagaceae,Quercus,null,null,95014,null,null,null,TRUE,3910,null,myrtifolia,Willd.,null,22-23 May 2000,"NW side of FL 44, 1.6 km W of junction with FL 475, ca. 9 km ENE of the Withlacoochee River (where FL 44 crosses it), and 9.6 km W of Wildwood.",null,Longleaf pine [Pinus palustris] - turkey oak [Q. laevis] sandhills.,null,null,null,null,null,null,null,null,null,null,FALSE,null,-82.038974,28.865264
245994,13241,B. F. Hansen,J. Hansen,Hamilton Co.,Fagaceae,Quercus,null,null,28393,null,null,null,TRUE,3969,null,nigra,L.,null,06/13/2008,"Along the N side of FL 6, 0.25 mi. E of the Withlacoochee River bridge, ca. 1.5 mi. W of Blue Springs.  T1N, R11E, Sec. 17, SW¼.",null,Mixed deciduous forest and weedy edges.,null,null,null,null,null,null,null,null,null,null,FALSE,null,-81.8167,28.35
104823,1819,P. Genelle,G. Fleming,Hernando Co.,Fagaceae,Quercus,null,null,9642,null,null,null,TRUE,3969,null,nigra,L.,null,05/06/1973,"Richloam section, Tower Road.",null,"Roadside; damp, shaded.",null,null,null,null,null,null,null,null,null,null,FALSE,Withlacoochee State Forest,-82.1,28.5
253096,2487,J. M. Kunzer,A. Franck,Polk Co.,Fagaceae,Quercus,null,null,94893,null,null,null,TRUE,3933,null,pumila,Walter,null,09/03/2008,"Ca. 2.6 km SE of the FL 471 bridge over Withlacoochee River, ca. 5 km NNE of the junction of FL 471 and US 98.",null,Flatwoods.,Fruit,null,null,null,null,Low shrub to ca. 5 dm tall.,null,null,null,null,FALSE,Colt Creek State Park,-82.04388889,28.29333333
55392,26028,O. K. Lakela,"R. Lassiter, J.A. Lassiter",Citrus Co.,Fagaceae,Quercus,null,null,94845,null,null,null,TRUE,3359,null,shumardii,Buckley,null,06/03/1963,"Withlacoochee River, E of Pineola.",null,Limestone formations; remnants of ancient fern grottoes and associations of notably large trees.,Fruit,null,null,null,null,"Specimen from a fallen branch.  Fruit on ground, not under the same tree [numbered 26391, collected 17 Sep 1963].",null,null,null,null,FALSE,null,-82.272868,28.688879
245601,13226,B. F. Hansen,J. Hansen,Hamilton Co.,Fagaceae,Quercus,null,null,27846,null,null,null,TRUE,3904,null,virginiana,Mill.,null,06/13/2008,"Along the N side of FL 6, 0.25 mi. E of the Withlacoochee River bridge, ca. 1.5 mi. W of Blue Springs.  T1N, R11E, Sec. 17, SW¼.",null,Mixed deciduous forest and weedy edges.,Fertile,null,null,null,null,null,null,null,null,null,FALSE,null,-81.8167,28.35
246469,2320,J. M. Kunzer,"A. Bard, S. Spaulding",Polk Co.,Ranunculaceae,Ranunculus,null,null,69200,null,null,null,TRUE,830,null,pusillus,Poir.,null,04/03/2008,"Ca. 4.8 km SE of FL 471 bridge over the Withlacoochee River, ca. 3.2 km NNE of the junction of FL 471 and US 98.",null,Marshy area adjacent to Taxodium dome.,Fertile,null,null,null,null,null,null,null,null,null,FALSE,Colt Creek State Park,-82.0425,28.26777778
253043,2395,J. M. Kunzer,B.F. Hansen,Polk Co.,Brassicaceae,Raphanus,null,null,55471,null,null,null,TRUE,1275,null,raphanistrum,L.,null,04/15/2008,"Ca. 2.6 km SE of the FL 471 bridge over Withlacoochee River, ca. 5.3 km NNE of the junction of FL 471 and US 98.",null,Pasture.,Flower,Fruit,null,null,null,Robust herb to 1 m tall.,null,null,null,null,FALSE,Colt Creek State Park,-81.8167,28.35
59767,25917,O. K. Lakela,"R. Lassiter, J.A. Lassiter",Citrus Co.,Arecaceae,Rhapidophyllum,null,null,26569,null,null,null,TRUE,688,null,hystrix,Pursh,H. Wendl. & Drude ex Drude,05/06/1963,"Withlacoochee River, E of Pineola.",Mar 1991,Limestone formations. Remnants of ancient fern grottoes and associations of notably large trees.,null,null,null,null,null,Few.,null,null,null,null,FALSE,null,-82.272868,28.688879
48118,25443,O. K. Lakela,"R. Lassiter, J.A. Lassiter, J.S. Allen, G.R. Cooley",Citrus Co.,Arecaceae,Rhapidophyllum,null,null,26570,null,null,null,TRUE,688,null,hystrix,Pursh,H. Wendl. & Drude ex Drude,10/21/1962,"Withlacoochee River, E of Pineola.",Mar 1991,"Limestone formations. Remnants of ancient fern grottoes and associations of notably large trees. Quercus, Ulmus, and Carya spp. over outcrops; [Taxodium?] distichum in marshy borders. Road margin and rock.",null,null,null,null,null,Occasional.,null,null,null,null,FALSE,null,-82.272868,28.688879
210538,14587,S. L. Orzell,E.L. Bridges,Hernando Co.,Melastomataceae,Rhexia,null,null,95759,null,null,null,TRUE,2251,null,cubensis,Griseb.,null,08/04/1990,"S side of FL 50, ca. 1.2 mi. E of the US 301 junction at Ridge Manor. T23S, R22E, Sec. 7, NW¼ of NW¼.",null,Sandy margins of limesink depression pond; community dominated by Hypericum fasciculatum. Soils - Paisley (Typic Albaqualfs).,null,null,null,null,null,Flowers deep rose-pink.,null,70,null,ft,FALSE,Withlacoochee State Forest,-82.13472222,28.50638889
27771,8062,G. R. Cooley,"A.S. Pease, O. Lakela",Sumter Co.,Melastomataceae,Rhexia,null,null,96039,null,null,null,TRUE,2899,null,mariana,L.,null,04/07/1961,Withlacoochee Development Project pinelands.,null,Along roadside.,Flower,null,null,null,null,"Only one plant found; petals rose, prominent stamens bright yellow.",null,null,null,null,FALSE,null,-81.8167,28.35
253095,2550,J. M. Kunzer,"G. Dauphin, C. Eckert",Polk Co.,Melastomataceae,Rhexia,null,null,96213,null,null,null,TRUE,2899,null,mariana,L.,null,09/26/2008,"Ca. 2.5 km SSE of the FL 471 bridge over the Withlacoochee River, ca. 5.1 km NNE of junction FL 471 and US 98.",null,Mesic flatwoods.,Flower,null,null,null,null,null,null,null,null,null,FALSE,Colt Creek State Park,-82.04361111,28.29388889
55399,26047,O. K. Lakela,"R. Lassiter, J.A. Lassiter",Citrus Co.,Melastomataceae,Rhexia,null,null,95923,null,null,null,TRUE,2899,null,mariana,L.,null,06/03/1963,"Withlacoochee River, E of Pineola.",26-Nov-2013,Along marshy border; limestone formations; remnants of ancient fern grottoes and associations of notably large trees.,Flower,null,null,null,null,Few.,null,null,null,null,FALSE,null,-82.272868,28.688879
120850,2102,P. Genelle,G. Fleming,Pasco Co.,Melastomataceae,Rhexia,null,null,95930,null,null,null,TRUE,2899,null,mariana,L.,null,06/14/1975,Richloam section.,26-Nov-2013,"Edge of cypress [Taxodium] swamp; dry, sandy soil.",Flower,Fruit,null,null,null,null,null,null,null,null,FALSE,Withlacoochee State Forest,-82.172029,28.465832
104795,1791,P. Genelle,G. Fleming,Hernando Co.,Melastomataceae,Rhexia,null,null,96038,null,null,null,TRUE,2899,null,mariana,L.,null,05/06/1973,Forest Road S of FL 50.,1978,"Shade, laurel oak [Quercus laurifolia], pond edge.",Flower,null,null,null,null,null,null,null,null,null,FALSE,Withlacoochee State Forest,-81.8167,28.35
120851,2103,P. Genelle,G. Fleming,Pasco Co.,Melastomataceae,Rhexia,null,null,95905,null,null,null,TRUE,2688,null,nuttallii,C. W. James,null,06/14/1975,Richloam section.,null,"Edge of cypress [Taxodium] swamp; dry, sandy soil.",Flower,null,null,null,null,null,null,null,null,null,FALSE,Withlacoochee State Forest,-82.172029,28.465832
253070,2513,J. M. Kunzer,"A. Bard, J. Stout, A. Franck",Polk Co.,Melastomataceae,Rhexia,null,null,95803,null,null,null,TRUE,3319,null,petiolata,Walter,null,09/03/2008,"Ca. 2.15 km SE of the FL 471 bridge over the Withlacoochee River, ca. 6.5 km NNE of the junction of FL 471 and US 98.",null,Recently burned (ca. mid-Mar 2008) flatwoods.,Flower,null,null,null,null,null,null,null,null,null,FALSE,Colt Creek State Park,-82.03694444,28.30472222
83013,9212,C. E. Wood,"K.A. Wlson, G.R. Cooley",Levy Co.,Rhizophoraceae,Rhizophora,null,null,44119,null,null,null,TRUE,3926,null,mangle,L.,null,05/04/1959,"Withlacoochee Bay, Mangrove Point. T16S, R15E, Sec. 20.",null,Marsh.,Flower,null,null,null,null,"Petals white, calyx yellowish green; leaves dark green above, paler beneath; small plant ca. 3 ft high and flowering; most mangroves severely damaged or killed almost to the ground by the cold winter of 1957-58.",null,null,null,null,FALSE,null,-84.6667,30.2333
214562,16125,S. L. Orzell,E.L. Bridges,Hamilton Co.,Ericaceae,Rhododendron,null,null,81113,null,null,null,TRUE,805,null,canescens,Michx.,Sweet,03/21/1991,"Adjacent to elongate sinkholes in unnamed tributary to Withlacoochee River, ca. 1 air mi. NW of the junction of FL 143 and FL 146, ca. 1.6 air mi. S of Octahatchee.  T2N, R11E, Sec. 23, NE¼ of NW¼ of SW¼.",null,Mesic mixed hardwood slope forest.,Flower,null,null,null,null,null,null,90,110,ft,FALSE,null,-83.19694444,30.55833333
9618,6482,G. R. Cooley,R.J. Eaton,Citrus Co.,Anacardiaceae,Rhus,null,null,17020,null,null,null,TRUE,3543,null,copallinum,L.,null,04/22/1959,"Between Lake Tsala Apopka and Withlacoochee River.  T20S, R21E, Sec. 9.",null,null,Fruit,null,null,null,null,null,null,null,null,null,FALSE,null,-81.8167,28.35
253166,2594,J. M. Kunzer,G. Dauphin,Polk Co.,Anacardiaceae,Rhus,null,null,45999,null,null,null,TRUE,3543,null,copallinum,L.,null,09/26/2008,"Ca. 1 km SSE of the FL 471 bridge over Withlacoochee River, ca. 6.3 km NNE of the junction of FL 471 and US 98.",null,Mesic flatwoods with limestone substrate.,Fruit,null,null,null,null,Shrub ca. 2 m.,null,null,null,null,FALSE,Colt Creek State Park,-82.0525,28.30527778
120347,2178,P. Genelle,G. Fleming,Pasco Co.,Anacardiaceae,Rhus,null,null,16991,null,null,null,TRUE,3543,null,copallinum,L.,null,08/09/1975,May Place Road.,null,"Roadside, full sunlight.",Bud,Flower,null,null,null,null,null,null,null,null,FALSE,Withlacoochee State Forest,-82.172029,28.465832
120715,2191,P. Genelle,G. Fleming,Pasco Co.,Fabaceae,Rhynchosia,null,null,4199,null,null,null,TRUE,2544,null,michauxii,Vail,null,08/09/1975,Clay Sink Road.,Jun 2009,Old railroad bed; sandy soil.,Flower,Fruit,null,null,null,null,null,null,null,null,FALSE,Withlacoochee State Forest,-82.172029,28.465832
226197,19737,S. L. Orzell,E.L. Bridges,Citrus Co.,Fabaceae,Rhynchosia,null,null,4275,null,null,null,TRUE,3112,null,reniformis,DC.,null,06/29/1992,"Just E of section line road, ca. 1.4 mi. S of Fivemile Pond, ca. 3.5 air mi. S of FL 44, ca. 10 air mi. E of Homosassa Springs.  T19S, R19E, Sec. 27, SW¼.",1992,Mature burned longleaf pine [Pinus palustris] sandhill savanna.  Soils: Lakeland (Typic Quartzipsamments).,Fruit,null,null,null,null,null,null,100,130,ft,FALSE,Withlacoochee State Forest,-82.4025,28.80472222
226262,20049,S. L. Orzell,E.L. Bridges,Hamilton Co.,Fabaceae,Rhynchosia,null,null,4279,null,null,null,TRUE,3112,null,reniformis,DC.,null,07/07/1992,"Ca. 0.8 mi. N of FL 6 at a point ca. 0.5 mi. E of jct. FL 143 at Blue Springs, ca. 2 mi. E of Withlacoochee River, ca. 7 air mi. SSW of Jennings. T1N, R11E, Sec 10 (& Sec's 11, 14, 15) SW¼; Ellaville 7.5' Quad.",1992,Typic dry upland burned longleaf pine [Pinus palustris] savanna.,Flower,Fruit,null,null,null,null,null,80,90,ft,FALSE,Blue Springs Longleaf,-83.2125,30.49722222
253015,2379,J. M. Kunzer,B.F. Hansen,Polk Co.,Cyperaceae,Rhynchospora,null,null,77356,null,null,null,TRUE,3245,null,caduca,Elliott,null,04/15/2008,"Ca. 2.6 km SE of FL 471 bridge over the Withlacoochee River, ca. 5.3 km NNE of junction FL 471 and US 98.",null,Hydric hammock.,Fertile,null,null,null,null,null,null,null,null,null,FALSE,Colt Creek State Park,-82.03972222,28.29388889
223878,19793,S. L. Orzell,E.L. Bridges,Sumter Co.,Cyperaceae,Rhynchospora,null,null,77390,null,null,null,TRUE,3245,null,caduca,Elliott,null,06/29/1992,"N side of Center Grade Road, ca. 1.3 mi. E of junction FL 471, near Weeks Pond and N of Gator Hole Slough, ca. 7.7 mi. S of junction FL 50 at Tarrytown. T23S, R23E, Sec. 29, NW¼.",null,Outer edge of hydric hammock. Soils - Vero (Alfic Haplaquods).,Fertile,null,null,null,null,null,null,90,92,ft,FALSE,Withlacoochee State Forest,-82.03611111,28.45833333
241037,19783,S. L. Orzell,E.L. Bridges,Sumter Co.,Cyperaceae,Rhynchospora,null,null,77430,null,null,null,TRUE,2961,null,cephalantha,A. Gray,null,06/29/1992,"N side of Center Grade Road, ca. 1.3 mi. E of junction FL 471, near Weeks Pond and N of Gator Hole Slough, ca. 7.7 mi. S of junction FL 50 at Tarrytown. T23S, R23E, Sec. 29, NW¼.",null,Wet marly pnie flatwoods and cypress [Taxodium] pond edges. Soils - Vero (Alfic Haplaquods).,Fertile,null,null,null,null,null,null,90,92,ft,FALSE,Withlacoochee State Forest,-82.03611111,28.45833333
6503,6072,G. R. Cooley,"C.E. Wood, Jr., K.A. Wilson",Sumter Co.,Cyperaceae,Rhynchospora,null,null,77725,null,null,null,TRUE,726,null,colorata,L.,H. Pfeiff.,04/29/1958,Withlacoochee River on FL 48.,1984,floodbanks of river.,Fertile,null,null,null,null,null,null,null,null,null,FALSE,null,-81.8167,28.35
104818,1814,P. Genelle,G. Fleming,Hernando Co.,Cyperaceae,Rhynchospora,null,null,77616,null,null,null,TRUE,726,null,colorata,L.,H. Pfeiff.,05/06/1973,Tower road.,null,"Roadside; damp, loam, shade.",Fertile,null,null,null,null,null,null,null,null,null,FALSE,Withlacoochee State Forest,-81.8167,28.35
120713,2180,P. Genelle,G. Fleming,Pasco Co.,Cyperaceae,Rhynchospora,null,null,77677,null,null,null,TRUE,726,null,colorata,L.,H. Pfeiff.,08/09/1975,May Place Road.,1984,"Wet, shaded, muck soil.",Fertile,null,null,null,null,null,null,null,null,null,FALSE,Withlacoochee State Forest,-82.172029,28.465832
161146,335,G. Robinson,,Sumter Co.,Cyperaceae,Rhynchospora,null,null,78108,null,null,null,TRUE,3807,null,corniculata,Lam.,A. Gray,09/29/1981,"Along the Little Withlacoochee River, ca. 5 mi. SE of Tarrytown. T23S, R23E, Sec. 9, NW¼.",1982,Cypress [Taxodium] slough.,Fertile,null,null,null,null,null,null,null,null,null,FALSE,null,-82.05,28.55
227229,2524,M. T. Strong,,Hernando Co.,Cyperaceae,Rhynchospora,null,null,78240,null,null,null,TRUE,3218,null,divergens,Chapm. ex M. A. Curtis,null,08/29/2000,"Just N and S of sand road W of FL 471 and fish hatchery, just N of Hernando and Polk County line, 8 km S of Tarrytown, and 9-11 km NE of Lacoochee.",null,Wet ditch bordering pine flatwoods along sand road.,Fertile,null,null,null,null,null,null,null,null,null,FALSE,Withlacoochee State Forest,-82.45,28.5333
253162,2600,J. M. Kunzer,G. Dauphin,Polk Co.,Cyperaceae,Rhynchospora,null,null,78615,null,null,null,TRUE,535,null,fascicularis,Michx.,Vahl,09/26/2008,"Ca. 1 km SSE of FL 471 bridge over the Withlacoochee River, ca. 6.3 km NNE of junction FL 471 and US 98.",null,Hydric hammock downslope from mesic flatwoods.,Fertile,null,null,null,null,null,null,null,null,null,FALSE,Colt Creek State Park,-82.05333333,28.30638889
229847,19754,S. L. Orzell,E.L. Bridges,Pasco Co.,Cyperaceae,Rhynchospora,null,null,78508,null,null,null,TRUE,535,null,fascicularis,Michx.,Vahl,06/29/1992,"E of unimproved access road heading S to the Withlacoochee River, ca. 0.7 mi. S of Lacoochee Park Road, ca. 1.8 air mi. SE of Lacoochee. T23S, R22E, Sec. 30, NW¼ of SE¼.",null,Cypress [Taxodium] savanna in sandy shallow depression. Soils - Basinger (Spodic Psammaquents).,Fertile,null,null,null,null,null,null,70,null,ft,FALSE,Withlacoochee State Forest,-82.14583333,28.45305556
226849,14606,S. L. Orzell,E.L. Bridges,Hernando Co.,Cyperaceae,Rhynchospora,null,null,78729,null,null,null,TRUE,3015,null,filifolia,A. Gray,null,08/04/1990,"E side of Boat Pond, ca. 2.4 air mi. NE of the US 301 and FL 50 junction in Ridge Manor. T22S, R22E, Sec. 31, SW¼ of NW¼ of NE¼.",null,Sandy shoreline of limesink depression pond. Soils - Floirdana variant (Typic Umbraqualfs).,Fertile,null,null,null,null,null,null,70,null,ft,FALSE,Withlacoochee State Forest,-82.14555556,28.53416667
226504,19786,S. L. Orzell,E.L. Bridges,Sumter Co.,Cyperaceae,Rhynchospora,null,null,78730,null,null,null,TRUE,3015,null,filifolia,A. Gray,null,06/29/1992,"N side of Center Grade Road, ca. 1.3 mi. E of junction FL 471, near Weeks Pond and N of Gator Hole Slough, ca. 7.7 mi. S of junction FL 50 at Tarrytown. T23S, R23E, Sec. 29, NW¼.",null,Wet marly pnie flatwoods and cypress [Taxodium] pond edges. Soils - Vero (Alfic Haplaquods).,Fertile,null,null,null,null,null,null,90,92,ft,FALSE,Withlacoochee State Forest,-82.03611111,28.45833333
227230,2526,M. T. Strong,,Hernando Co.,Cyperaceae,Rhynchospora,null,null,78960,null,null,null,TRUE,2568,null,globularis,,Small,08/29/2000,"Just N and S of sand road W of FL 471 and fish hatchery, just N of Hernando and Polk Counties line, 8 km S of Tarrytown, 9-11 km NE of Lacoochee.",Feb 2001,Wet ditch bordering pine flatwoods along sand road.,Fertile,null,null,null,null,null,null,null,null,null,FALSE,Withlacoochee State Forest,-82.45,28.5333
232189,2690,M. T. Strong,,Polk Co.,Cyperaceae,Rhynchospora,null,null,79150,null,null,null,TRUE,2568,null,globularis,,Small,05/10/2001,"E side of FL 471, 2.7 km S of Withlacoochee River (tri-county line of Sumter, Polk, and Pasco), ca. 11 km W of Rock Ridge.",May 2002,Meadow.,Fertile,null,null,null,null,null,null,null,null,null,FALSE,null,-81.8167,28.35
154164,s.n.,T. F. Rochow,,Polk Co.,Cyperaceae,Rhynchospora,null,null,78951,null,null,null,TRUE,2568,null,globularis,,Small,04/23/1980,Green Swamp; ca. 1.5 mi. S of Stanleys Fish Hole on Withlacoochee River. Sec. 16.,null,Roadway.,Fertile,null,null,null,null,null,null,null,null,null,FALSE,null,-81.8167,28.35
245558,13216,B. F. Hansen,J. Hansen,Hamilton Co.,Cyperaceae,Rhynchospora,null,null,79390,null,null,null,TRUE,692,null,grayi,Kunth,null,06/13/2008,"Along the N side of FL 6, 0.25 mi. E of the Withlacoochee River bridge, ca. 1.5 mi. W of Blue Springs. T1N, R11E, Sec. 17, SW¼.",null,Mixed deciduous forest and weedy edges.,Fertile,null,null,null,null,null,null,null,null,null,FALSE,null,-81.8167,28.35
228817,19743,S. L. Orzell,E.L. Bridges,Citrus Co.,Cyperaceae,Rhynchospora,null,null,79375,null,null,null,TRUE,692,null,grayi,Kunth,null,06/29/1992,"Just E of section line road, ca. 1.4 mi. W of Fivemile Pond, ca. 3.5 air mi. S of FL 44, ca. 10 air mi. E of Homosassa Springs. T19S, R19E, Sec. 27, SW¼.",null,Mature burned longleaf pine [Pinus palustris] sandhill. Soils - Lakeland (Typic Quartzipsamments).,Fertile,null,null,null,null,null,null,100,130,ft,FALSE,Withlacoochee State Forest,-82.4025,28.80472222
228791,20056,S. L. Orzell,E.L. Bridges,Hamilton Co.,Cyperaceae,Rhynchospora,null,null,79376,null,null,null,TRUE,692,null,grayi,Kunth,null,07/07/1992,"Ca. 0.8 mi. N of FL 6 at a point ca. 0.5 mi. E of its junction with FL 143 at Blue Springs, ca. 2 mi. E of Withlacoochee River, ca. 7 air mi. SSW of Jennings; Blue Springs Longleaf. T1N, R11E, Sec. 10, SW¼.",null,Typic dry upland burned longleaf pine [Pinus palustris] savanna.,Fertile,null,null,null,null,null,null,80,90,ft,FALSE,null,-83.2125,30.49722222
228846,20058,S. L. Orzell,E.L. Bridges,Hamilton Co.,Cyperaceae,Rhynchospora,null,null,79473,null,null,null,TRUE,3993,null,harveyi,W. Boott,null,07/07/1992,"Ca. 0.8 mi. N of FL 6 at a point ca. 0.5 mi. E of the junction with FL 143 at Blue Springs, ca. 2 mi. E of Withlacoochee River, ca. 7 air mi. SSW of Jennings; Blue Springs Longleaf.  T1N, R11E, Sec. 10 (and 11, 14, 15), SW¼.",null,Typic dry upland burned longleaf pine [Pinus palustris] savanna.,Fertile,null,null,null,null,null,null,80,90,ft,FALSE,null,-83.2125,30.49722222
247453,2568,J. M. Kunzer,"G. Dauphin, C. Eckert",Polk Co.,Cyperaceae,Rhynchospora,null,null,79367,null,null,null,TRUE,2900,null,inundata,Oakes,Fernald,09/26/2008,"Ca. 2.5 km SSE of the FL 471 bridge over the Withlacoochee River, ca. 5.1 km NNE of the junction of FL 471 and US 98.",null,Disturbed Taxodium swamp.,Fertile,null,null,null,null,Culms ca. 1.5 m tall.,null,null,null,null,FALSE,Colt Creek State Park,-82.04444444,28.29305556
214537,14592,S. L. Orzell,E.L. Bridges,Hernando Co.,Cyperaceae,Rhynchospora,null,null,79329,null,null,null,TRUE,2900,null,inundata,Oakes,Fernald,08/04/1990,"S side of FL 50, ca. 1.2 mi. E of the US 301 junction at Ridge Manor.  T23S, R22E, Sec. 7, NW¼ of NW¼.",null,Sandy margins of limesink depression pond; community dominated by Psilocarya nitens [Rhynchospora nitens] and R. tracyi.,Fertile,null,null,null,null,null,null,70,null,ft,FALSE,Withlacoochee State Forest,-82.13472222,28.50638889
204579,268,C. vanHoek,,Sumter Co.,Cyperaceae,Rhynchospora,null,null,78099,null,null,null,TRUE,2402,null,megalocarpa,A. Gray,null,05/08/1992,"Nature trail 23-25, Hog Island Recreation Area, Croom Wildlife Management Area, ca. 2 mi. SSE of Nobleton.  T21S, R21E, Sec. 31.",null,Dry to mesic woods.,Fertile,null,null,null,null,null,null,null,null,null,FALSE,Withlacoochee State Forest,-82.25,28.6333
242342,3545,M. T. Strong,,Sumter Co.,Cyperaceae,Rhynchospora,null,null,78088,null,null,null,TRUE,2402,null,megalocarpa,A. Gray,null,08/10/2005,"Cemetery grounds of Florida National Cemetery, Bushnell, ca. 9.7 km (by air) SW of Bushnell.",null,null,Fertile,null,null,null,null,null,null,null,null,null,FALSE,Withlacoochee State Forest,-82.112863,28.664992
263558,19760,S. L. Orzell,E.L. Bridges,Pasco Co.,Cyperaceae,Rhynchospora,null,null,77911,null,null,null,TRUE,2402,null,megalocarpa,A. Gray,null,06/29/1992,"E of unimproved access road heading S to the Withlacoochee River, ca. 0.7 mi. S of Lacoochee Park Road, ca. 1.8 airmi. SE of Lacoochee.  T23S, R22E, Sec. 30, NW¼ of SE¼.",null,Xeric sandhill woodland,Fertile,null,null,null,null,null,null,70,null,ft,FALSE,Withlacoochee State Forest,-82.14583333,28.45305556
227295,2523,M. T. Strong,,Hernando Co.,Cyperaceae,Rhynchospora,null,null,77793,null,null,null,TRUE,3007,null,microcarpa,Baldwin ex A. Gray,null,08/29/2000,"Just N and S of sand road W of FL 471 and fish hatchery, just N of the Polk County line, 8 km S of Tarrytown, 9-11 km NE of Lacoochee.",null,Wet ditch bordering pine flatwoods along sand road.,Fertile,null,null,null,null,null,null,null,null,null,FALSE,Withlacoochee State Forest,-81.8167,28.35
238795,3054,M. T. Strong,,Citrus Co.,Cyperaceae,Rhynchospora,null,null,77062,null,null,null,TRUE,3007,null,microcarpa,Baldwin ex A. Gray,null,12/28/2002,"NW side of FL 581, ca. 1.3 km SW of Withlacoochee River, ca. 8 km (by air) NE of Inverness.",null,Wet grass/sedge meadow.,Fertile,null,null,null,null,null,null,null,null,null,FALSE,null,-82.330372,28.835818
253169,2598,J. M. Kunzer,G. Dauphin,Polk Co.,Cyperaceae,Rhynchospora,null,null,76795,null,null,null,TRUE,2952,null,microcephala,Britton,Britton ex Small,09/26/2008,"Ca. 1 km SSE of the FL 471 bridge over the Withlacoochee River, ca. 6.3 km NNE of the junction of FL 471 and US 98.",null,Hydric hammock downslope from mesic flatwoods.,Fertile,null,null,null,null,null,null,null,null,null,FALSE,Colt Creek State Park,-82.05333333,28.30638889
120823,2172,P. Genelle,G. Fleming,Sumter Co.,Cyperaceae,Rhynchospora,null,null,76953,null,null,null,TRUE,2952,null,microcephala,Britton,Britton ex Small,06/28/1975,Forest road near the Lake County line.,null,"Pinelands, moist ditch.",Fertile,null,null,null,null,null,null,null,null,null,FALSE,Withlacoochee State Forest,-81.8167,28.35
210875,14608,S. L. Orzell,E.L. Bridges,Hernando Co.,Cyperaceae,Rhynchospora,null,null,76942,null,null,null,TRUE,2952,null,microcephala,Britton,Britton ex Small,08/04/1990,"E side of Boat Pond, ca. 2.4 air mi. NE of the US 301 and FL 50 junction in Ridge Manor.  T22S, R22E, Sec. 31, SW¼ of NW¼ of NE¼.",null,Sandy shoreline of limesink depression pond.  Soils - Floirdana variant (Typic Umbraqualfs).,Fertile,null,null,null,null,null,null,70,null,ft,FALSE,Withlacoochee State Forest,-82.14555556,28.53416667
298818,936,C. F. Caudle,"M.L. Gilbert, M.S. Tisdale",Pasco Co.,Cyperaceae,Rhynchospora,null,null,235330,null,null,null,TRUE,2082,null,miliacea,Lam.,A. Gray,06/19/1962,Withlacoochee River.,2018,Woods.,Fertile,null,null,null,null,null,null,null,null,null,FALSE,null,-82.172029,28.465832
214168,468,C. vanHoek,"S. Petty, J. Buckner",Hernando Co.,Cyperaceae,Rhynchospora,null,null,75558,null,null,null,TRUE,2082,null,miliacea,Lam.,A. Gray,08/19/1995,"Indianhouse Swamp, Richloam Wildlife Management Area, N of FL 50, W of Tarrytown.  T23S, R22E, Sec. 4.",null,In and near swampy ponds.,Fertile,null,null,null,null,null,null,null,null,null,FALSE,Withlacoochee State Forest,-82.1,28.5
223850,19769,S. L. Orzell,E.L. Bridges,Pasco Co.,Cyperaceae,Rhynchospora,null,null,76545,null,null,null,TRUE,2082,null,miliacea,Lam.,A. Gray,06/29/1992,"N of Center Grade Road, 0.5 mi. W of the Sumter County line and FL 471, ca. 1.1 mi. SSE of Clay Sink, ca. 9.5 air mi. NE of Dade City.  T23S, R22E, Sec. 25, SW¼ of NE¼.",null,Cypress [Taxodium] dome swamp in wetland pine savanna.,Fertile,null,null,null,null,null,null,85,90,ft,FALSE,Withlacoochee State Forest,-82.06111111,28.45805556
298819,412,C. F. Caudle,"M.L. Gilbert, M.S. Tisdale",Pasco Co.,Cyperaceae,Rhynchospora,null,null,235331,null,null,null,TRUE,2669,null,mixta,Britton ex Small,null,06/19/1962,Withlacoochee River.,2018,null,Fertile,null,null,null,null,null,null,null,null,null,FALSE,null,-82.172029,28.465832
298820,405,C. F. Caudle,"M.L. Gilbert, M.S. Tisdale",Pasco Co.,Cyperaceae,Rhynchospora,null,null,235329,null,null,null,TRUE,2669,null,mixta,Britton ex Small,null,06/19/1962,Withlacoochee River.,2018,Woods.,Fertile,null,null,null,null,null,null,null,null,null,FALSE,null,-82.172029,28.465832
162069,460,G. Robinson,,Sumter Co.,Cyperaceae,Rhynchospora,null,null,75527,null,null,null,TRUE,2669,null,mixta,Britton ex Small,null,11/12/1981,"Along the Withlacoochee River, ca. 2.75 mi. SE of Cumpressco.  T25S, R23E, Sec. 9, SW¼.",1982,Low hardwood forest.,Fertile,null,null,null,null,null,null,null,null,null,FALSE,null,-82.0333,28.35
237437,3065,M. T. Strong,,Citrus Co.,Cyperaceae,Rhynchospora,null,null,75453,null,null,null,TRUE,2669,null,mixta,Britton ex Small,null,12/28/2002,"S side of FL 44, Tsala Apopka Lake regeion, 4-5 km W of the Withlacoochee River, ca. 7 km E of Inverness.",null,Wet hammock forest.,Fertile,null,null,null,null,null,null,null,null,null,FALSE,null,-82.330372,28.835818
210810,14594,S. L. Orzell,E.L. Bridges,Hernando Co.,Cyperaceae,Rhynchospora,null,null,75065,null,null,null,TRUE,2106,null,nitens,Vahl,A. Gray,08/04/1990,"S side of FL 50, ca.1.2 mi. E of its junction with US 301 at Ridge Manor.  T23S, R22E, Sec. 7, NW¼ of NW¼.",null,sandy margins of limesink depression marsh; community dominated by Rhynchospora nitens and R. tracyi.,Fertile,null,null,null,null,null,null,70,null,ft,FALSE,Withlacoochee State Forest,-82.13472222,28.50638889
227227,2530,M. T. Strong,,Hernando Co.,Cyperaceae,Rhynchospora,null,null,75053,null,null,null,TRUE,2270,null,odorata,C. Wright ex Griseb.,null,08/29/2000,"Just N and S of sand road W of FL 471 and fish hatchery, just N of the Polk County line, 8 km S of Tarrytown and 9-11 km NE of Lacoochee.",null,Wet ditch bordering pine flatwoods along sand road.,Fertile,null,null,null,null,null,null,null,null,null,FALSE,Withlacoochee State Forest,-81.8167,28.35
225257,16417,S. L. Orzell,E.L. Bridges,Sumter Co.,Cyperaceae,Rhynchospora,null,null,75052,null,null,null,TRUE,2270,null,odorata,C. Wright ex Griseb.,null,04/29/1991,"N side of Center Grade Road, ca. 1.3 mi. E of the junction with FL 471, near Weeks Pond and N of Gator Hole Slough, ca. 7.7 mi. S of the junction with FL 50 at Tarrytown.  T23S, R23E, Sec. 29, NW¼.",null,Roadside through wet marly pine flatwoods and cypress [Taxodium] pond edges.  Soils - Vero (Alfic Haplaquods).,Fertile,null,null,null,null,null,null,90,92,ft,FALSE,Withlacoochee State Forest,-82.03611111,28.45833333
228096,19756,S. L. Orzell,E.L. Bridges,Pasco Co.,Cyperaceae,Rhynchospora,null,null,73840,null,null,null,TRUE,2426,null,pusilla,Chapm. ex M. A. Curtis,null,06/29/1992,"E of unimproved access road heading S to the Withlacoochee River, ca. 0.7 mi. S of Lacoochee Park Road, ca. 1.8 air mi. SE of Lacoochee.  T23S, R22E, Sec. 30, NW¼ of SE¼.",null,Cypress [Taxodium] savanna in sandy shallow depression.  Soils - Basinger (Spodic Psammaquents).,Fertile,null,null,null,null,null,null,70,null,ft,FALSE,Withlacoochee State Forest,-82.14583333,28.45305556
210804,14590,S. L. Orzell,E.L. Bridges,Hernando Co.,Cyperaceae,Rhynchospora,null,null,73343,null,null,null,TRUE,2432,null,tracyi,Britton,null,08/04/1990,"S side of FL 50, ca. 1.2 mi. E of the US 301 junction at Ridge Manor.  T23S, R22E, Sec. 7, NW¼ of NW¼.",null,Sandy margins of limesink depression pond.  Soils - Paisley (Typic Albaqualfs).,Fertile,null,null,null,null,null,null,70,null,ft,FALSE,Withlacoochee State Forest,-82.13472222,28.50638889
237436,3055,M. T. Strong,,Citrus Co.,Cyperaceae,Rhynchospora,null,null,73224,null,null,null,TRUE,614,null,wrightiana,Boeck.,null,12/28/2002,"NW side of FL 581, ca. 1.3 km SW of Withlacoochee River and ca. 8 km (by air) NE of Inverness.",null,Wet grass - sedge meadow.,Fertile,null,null,null,null,null,null,null,null,null,FALSE,null,-82.330372,28.835818
161060,357,G. Robinson,,Sumter Co.,Rubiaceae,Richardia,null,null,71466,null,null,null,TRUE,78,null,brasiliensis,Gomes,null,09/29/1981,"Along the Little Withlacoochee River, ca. 5 mi. SE of Tarrytown. T23S, R23E, Sec. 9, SW¼.",null,Cypress [Taxodium] slough.,Fertile,null,null,null,null,null,null,null,null,null,FALSE,null,-82.05,28.55
55974,26447A,O. K. Lakela,,Sumter Co.,Petiveriaceae,Rivina,null,null,68132,null,null,null,TRUE,3672,null,humilis,L.,null,09/21/1963,"Indian Field Ledges, W of Withlacoochee River off FL 48.",1981,Hammock of interspersed flat limestone outcrops with overhead of magnificent oak association; ferns frequent in understory.,Flower,Immature Fruit,null,null,null,"Frequent in fissures of limestone, with ferns.",null,null,null,null,FALSE,null,-81.8167,28.35
55389,26034,O. K. Lakela,"R. Lassiter, J.A. Lassiter",Citrus Co.,Petiveriaceae,Rivina,null,null,68114,null,null,null,TRUE,3672,null,humilis,L.,null,06/03/1963,"Withlacoochee River, E of Pineola.",1981,Limestone formations in remnants of ancient fern grottoes and associations of notably large trees.,Flower,null,null,null,null,Frequent in crevices.,null,null,null,null,FALSE,null,-82.2667,28.6833
252933,2335,J. M. Kunzer,,Polk Co.,Brassicaceae,Rorippa,null,null,55352,null,null,null,TRUE,3385,null,teres,Michx.,Stuckey,04/03/2008,"Ca. 1.2 km SE of FL 471 bridge over the WIthlacoochee River, ca. 6 km NNE of the junction of FL 471 and US 98.",null,"Shallow, forested drainage basin.",Fruit,null,null,null,null,null,null,null,null,null,FALSE,Colt Creek State Park,-82.04944444,28.3025
252957,2318,J. M. Kunzer,"A. Bard, S. Spaulding",Polk Co.,Rosaceae,Rosa,null,null,100452,null,null,null,TRUE,3954,null,palustris,Marshall,null,04/03/2008,"Ca. 4.8 km SE of FL 471 bridge over the Withlacoochee River, ca. 3.2 km NNE of junction FL 471 and US 98.",null,Margin of ditch.,Flower,Fruit,null,null,null,"Spreading, scrambling shrub.",null,null,null,null,FALSE,Colt Creek State Park,-82.03694444,28.27333333
122551,2114,P. Genelle,G. Fleming,Pasco Co.,Rosaceae,Rosa,null,null,100388,null,null,null,TRUE,3954,null,palustris,Marshall,null,06/14/1975,Richloam section.,null,Swamp.,Fruit,null,null,null,null,null,null,null,null,null,FALSE,Withlacoochee State Forest,-82.172029,28.465832
105107,1789,P. Genelle,G. Fleming,Hernando Co.,Rosaceae,Rosa,null,null,100391,null,null,null,TRUE,3954,null,palustris,Marshall,null,05/20/1973,Tower Road.,null,"Bog, full sun.",Flower,null,null,null,null,null,null,null,null,null,FALSE,Withlacoochee State Forest,-81.8167,28.35
104824,1820,P. Genelle,G. Fleming,Sumter Co.,Rosaceae,Rosa,null,null,100417,null,null,null,TRUE,3954,null,palustris,Marshall,null,05/06/1973,"Richloam section, River Road.",null,"Pinelands, full sun, road edge, formerly wet.",Flower,null,null,null,null,null,null,null,null,null,FALSE,Withlacoochee State Forest,-81.8167,28.35
141199,s.n.,T. F. Rochow,,Pasco Co.,Rosaceae,Rosa,null,null,100386,null,null,null,TRUE,3954,null,palustris,Marshall,null,11/30/1978,"Along Withlacoochee River, E of Dade City.",null,null,Fruit,null,null,null,null,null,null,null,null,null,FALSE,null,-82.172029,28.465832
154583,s.n.,T. F. Rochow,,Sumter Co.,Rosaceae,Rosa,null,null,100426,null,null,null,TRUE,3954,null,palustris,Marshall,null,04/23/1980,"Green Swamp, just W of Stanleys Fish Hole, along Withlacoochee River.",null,Mixed hardwood - cypress [Taxodium] forest.,Flower,null,null,null,null,null,null,null,null,null,FALSE,null,-81.8167,28.35
246219,13238,B. F. Hansen,J. Hansen,Hamilton Co.,Rosaceae,Rubus,null,null,105082,null,null,null,TRUE,2116,null,cuneifolius,Pursh,null,06/13/2008,"Along the N side of FL 6, 0.25 mi. E of the Withlacoochee River bridge, ca. 1.5 mi. W of Blue Springs. T1N, R11E, Sec. 17, SW¼.",null,Mixed deciduous forest and weedy edges.,Immature Fruit,null,null,null,null,null,null,null,null,null,FALSE,null,-81.8167,28.35
27750,8037,G. R. Cooley,"A.S. pease, O. Lakela",Sumter Co.,Rosaceae,Rubus,null,null,105135,null,null,null,TRUE,2116,null,cuneifolius,Pursh,null,04/06/1961,Withlacoochee Development Project.,null,Longleaf pine [Pinus palustris] - oak forest.,null,null,null,null,null,"Abundant; flowers white; trailing, with erect branches; primocane.",null,null,null,null,FALSE,null,-81.8167,28.35
104625,1729,P. Genelle,G. Fleming,Citrus Co.,Rosaceae,Rubus,null,null,105133,null,null,null,TRUE,2116,null,cuneifolius,Pursh,null,04/15/1973,"Withlacoochee State Forest, C-480 and C-491.",null,"Roadside, under Pinus elliottii, shaded.",Flower,null,null,null,null,null,null,null,null,null,FALSE,null,-81.8167,28.35
104798,1794,P. Genelle,G. Fleming,Hernando Co.,Rosaceae,Rubus,null,null,105168,null,null,null,TRUE,2116,null,cuneifolius,Pursh,null,05/05/1973,Withlacoochee State Forest.,null,Sandy pinelands; association with Pinus elliottii.,Flower,null,null,null,null,null,null,null,null,null,FALSE,null,-81.8167,28.35
248119,2712,J. M. Kunzer,,Polk Co.,Rosaceae,Rubus,null,null,31651,null,null,null,TRUE,2256,null,pensilvanicus,Poir.,null,02/19/2009,"Ca. 1.85 km SSE of FL 471 bridge over the Withlacoochee River, ca. 5.5 km NNW of the junction of FL 471 and US 98.",Oct 2009,Disturbed edge of Taxodium swamp.,Flower,null,null,null,null,Armed shrub (cane) ca. 1.5 m tall.,null,null,null,null,FALSE,Colt Creek State Park,-82.04777778,28.29694444
253255,2713,J. M. Kunzer,,Polk Co.,Rosaceae,Rubus,null,null,105267,null,null,null,TRUE,3943,null,trivialis,Michx.,null,02/19/2009,"Ca. 1.85 km SSE of FL 471 bridge over the Withlacoochee River, ca. 5.5 km NNE of junction FL 471 and US 98.",null,Disturbed edge of Taxodium swamp.,Flower,null,null,null,null,Trailing; repent shrub.,null,null,null,null,FALSE,Colt Creek State Park,-82.04777778,28.29694444
105125,1886,G. Fleming,P. Genelle,Citrus Co.,Asteraceae,Rudbeckia,null,null,35485,null,null,null,TRUE,2286,null,hirta,L.,null,05/27/1973,Citrus sction TR 15.,null,"Pinelands, sandy, dry.",Flower,null,null,null,null,null,null,null,null,null,FALSE,Withlacoochee River State Park,-82.45,28.8667
104820,1816,G. Fleming,P. Genelle,Hernando Co.,Asteraceae,Rudbeckia,null,null,35417,null,null,null,TRUE,2286,null,hirta,L.,null,05/06/1973,Tower road; Richloam.,1976,"Roadside ditch, wet.",Flower,null,null,null,null,null,null,null,null,null,FALSE,Withlacoochee State Forest,-82.1,28.5
253135,2551,J. M. Kunzer,"G. Dauphin, C. Eckert",Polk Co.,Asteraceae,Rudbeckia,null,null,45665,null,null,null,TRUE,2286,null,hirta,L.,null,09/26/2008,"Ca. 2.5 km SSE of FL 471 bridge over the Withlacoochee River, ca. 5.1 km NNE of the junction of FL 471 and US 98.",null,Mesic flatwoods.,Fertile,null,null,null,null,null,null,null,null,null,FALSE,Colt Creek State Park,-82.04361111,28.29388889
185056,10362,B. F. Hansen,"R.P. Wunderlin, N. Mawhinney",Sumter Co.,Acanthaceae,Ruellia,null,null,50879,null,null,null,TRUE,812,null,caroliniensis,J. F. Gmel.,Steud.,04/02/1985,"Along dirt road 1 mi. NE of FL 48, ca. 1 mi. E of Withlacoochee River; 3 mi. NW of Wahoo. T20S, R21E, Sec. 20, SE¼ of SE¼.",null,null,Flower,null,null,null,null,null,null,null,null,null,FALSE,null,-82.1833,28.6833
161067,369,G. Robinson,,Sumter Co.,Acanthaceae,Ruellia,null,null,50863,null,null,null,TRUE,812,null,caroliniensis,J. F. Gmel.,Steud.,09/29/1981,"Along the Little Withlacoochee River, ca. 5 mi. SE of Tarrytown. T23S, R23E, Sec. 9, NW¼.",null,Cypress [Taxodium] slough.,Flower,Fruit,null,null,null,null,null,null,null,null,FALSE,null,-82.05,28.55
55385,25785,O. K. Lakela,,Citrus Co.,Acanthaceae,Ruellia,null,null,50874,null,null,null,TRUE,812,null,caroliniensis,J. F. Gmel.,Steud.,04/13/1963,"Off C-491, S of Lecanto.",1971,"Shallow soil of limestone fissures, open oak forest.",Flower,null,null,null,null,null,null,null,null,null,FALSE,Withlacoochee State Forest,-82.487598,28.851649
104811,1807,P. Genelle,G. Fleming,Hernando Co.,Acanthaceae,Ruellia,null,null,50804,null,null,null,TRUE,812,null,caroliniensis,J. F. Gmel.,Steud.,05/06/1973,FL 50.,null,"Roadside, rich, shaded, sandy loam.",Fertile,null,null,null,null,null,null,null,null,null,FALSE,Withlacoochee State Forest,-81.8167,28.35
104627,1732,P. Genelle,G. Fleming,Citrus Co.,Acanthaceae,Ruellia,null,null,50816,null,null,null,TRUE,812,null,caroliniensis,J. F. Gmel.,Steud.,04/15/1973,Dames Cave area.,null,"Sandy loam, shaded by Quercus laevis and Q. laurifolia, and Pinus elliottii.",Fertile,null,null,null,null,null,null,null,null,null,FALSE,Withlacoochee State Forest,-81.8167,28.35
104723,1752,P. Genelle,G. Fleming,Hernando Co.,Acanthaceae,Ruellia,null,null,50853,null,null,null,TRUE,812,null,caroliniensis,J. F. Gmel.,Steud.,04/22/1973,Croom road.,null,"Road shoulder, dry, sandy, full sun.",Flower,null,null,null,null,null,null,null,null,null,FALSE,Withlacoochee State Forest,-82.227588,28.587772
60912,1201,R. W. Long,,Citrus Co.,Acanthaceae,Ruellia,null,null,50922,null,null,null,TRUE,812,null,caroliniensis,J. F. Gmel.,Steud.,04/16/1963,Ca. 5 mi. S of Lecanto on FL 480.,1994,"Park-like woods, vale-pine, mostly in shade.",Flower,null,null,null,null,"Both decumbent bushed and erect forms; R. ciliosa forms in dry pineland nearer entrance to park, less common; tall R. carolinensis in more typical appearance in pink limestone further in woods; possible hybrid population.",Scattered but abundant.,null,null,null,FALSE,Withlacoochee State Forest,-82.487598,28.851649
185045,10368,B. F. Hansen,"R.P. Wunderlin, N. Mawhinney",Sumter Co.,Polygonaceae,Rumex,null,null,31704,null,null,null,TRUE,2303,null,hastatulus,Baldwin,null,04/02/1985,"Along dirt road 1 mi. NE of FL 48, ca. 1 mi. E of Withlacoochee River, 3 mi. NW of Wahoo.  T20S, R21E, Sec. 20, SE¼ of SE¼.",null,null,Fruit,null,null,null,null,null,null,null,null,null,FALSE,null,-82.1833,28.6833
104645,1722,P. Genelle,G. Fleming,Citrus Co.,Polygonaceae,Rumex,null,null,31671,null,null,null,TRUE,2303,null,hastatulus,Baldwin,null,04/15/1973,FL 480 and FL 491.,null,"Roadside ditch, sandy, full sun.",Flower,null,null,null,null,null,null,null,null,null,FALSE,Withlacoochee State Forest,-81.8167,28.35
104739,1766,P. Genelle,G. Fleming,Hernando Co.,Polygonaceae,Rumex,null,null,31716,null,null,null,TRUE,2303,null,hastatulus,Baldwin,null,04/22/1973,Croom Section; forest road to Silver Lake Recreation area.,null,"Dry, sandy, partial shade.",Flower,Fruit,null,null,null,null,null,null,null,null,FALSE,Withlacoochee State Forest,-82.227588,28.587772
246487,2331,J. M. Kunzer,"A. Bard, S. Spaulding",Polk Co.,Polygonaceae,Rumex,null,null,63185,null,null,null,TRUE,500,null,paraguayensis,Parodi,null,04/03/2008,"Ca. 2.1 km SE of FL 471 bridge over Withlacoochee River, ca. 6.3 km NE of the junction of FL 471 and US 98.",null,Ditch in pasture,Fruit,null,null,null,null,null,null,null,null,null,FALSE,Colt Creek State Park,-82.03666667,28.30305556
184982,10386,B. F. Hansen,"R.P. Wunderlin, N. Mawhinney",Sumter Co.,Polygonaceae,Rumex,null,null,63119,null,null,null,TRUE,3952,null,verticillatus,L.,null,04/02/1985,"Along dirt road 1 mi. NE of FL 48, ca. 1 mi. E of Withlacoochee River, 3 mi. NW of Wahoo.  T20S, R21E, Sec. 20, SE¼ of SE¼.",null,null,Bud,null,null,null,null,null,null,null,null,null,FALSE,null,-82.1833,28.6833
264385,11374,L. Baltzell,,Levy Co.,Polygonaceae,Rumex,null,null,80730,null,null,null,TRUE,3952,null,verticillatus,L.,null,05/01/1981,"Along C-40, 4 mi. E of Inglis, along the Withlacoochee River.",May 2000,Along edge of river.,Fertile,null,null,null,null,Several plants.,null,null,null,null,FALSE,null,-82.668716,29.030251
55736,25938,O. K. Lakela,,Citrus Co.,Polygonaceae,Rumex,null,null,63116,null,null,null,TRUE,3952,null,verticillatus,L.,null,6 May 1963,"Trails End Hammock, Withlacoochee River; near boat landing of fishing camp.",1979,Shore swamp.,Fruit,null,null,null,null,"Several plants noted, to 8 dm tall; leaves obviously clustered; calyx wings deltoid, each with rugulose callus.",null,null,null,null,FALSE,null,-81.8167,28.35
55866,26449,O. K. Lakela,,Sumter Co.,Arecaceae,Sabal,null,null,26419,null,null,null,TRUE,2287,null,minor,Jacq.,Pers.,09/21/1963,"Indian Field Ledges W of Withlacoochee River, off FL 48.",Mar 1991,Hammock of interspersed flat limestone outcrops with overhead of magnificent oak association. Ferns frequent in understory.,null,null,null,null,null,Frequent.,null,null,null,null,FALSE,null,-81.8167,28.35
55865,26449,O. K. Lakela,,Sumter Co.,Arecaceae,Sabal,null,null,26420,null,null,null,TRUE,2287,null,minor,Jacq.,Pers.,09/21/1963,"Indian Field Ledges W of Withlacoochee River, off FL 48.",Mar 1991,Hammock of interspersed flat limestone outcrops with overhead of magnificent oak association. Ferns frequent in understory.,Fruit,null,null,null,null,Frequent.,null,null,null,null,FALSE,null,-81.8167,28.35
55875,26452,O. K. Lakela,,Sumter Co.,Arecaceae,Sabal,null,null,26421,null,null,null,TRUE,2287,null,minor,Jacq.,Pers.,09/21/1963,"Indian Field Ledges W of Withlacoochee River, off FL 48.",Mar 1991,Hammock of interspersed flat limestone outcrops with overhead of magnificent oak association. Ferns frequent in understory.,null,null,null,null,null,Seedlings abundant in shade of Sabal minor. Mat-like formation.,null,null,null,null,FALSE,null,-81.8167,28.35
55428,25938,O. K. Lakela,"J.A. Lassiter, R. Lassiter",Citrus Co.,Arecaceae,Sabal,null,null,26415,null,null,null,TRUE,2287,null,minor,Jacq.,Pers.,05/06/1963,Trails End Hammock. Ca. 1 mi. from Withlacoochee River.,Mar 1991,"In understory of Quercus, Carpinus, Ulmus, Persea spp.",Bud,null,null,null,null,Frequent.,null,null,null,null,FALSE,null,-81.8167,28.35
120709,2132,P. Genelle,G. Fleming,Pasco Co.,Arecaceae,Sabal,null,null,26391,null,null,null,TRUE,2287,null,minor,Jacq.,Pers.,06/16/1975,"Richloam section, May Place, near the Withlacoochee River.",Mar 1991,"Deep, white sand, swampy basin.",Bud,null,null,null,null,null,null,null,null,null,FALSE,Withlacoochee State Forest,-82.172029,28.465832
122545,2181,P. Genelle,G. Fleming,Pasco Co.,Arecaceae,Sabal,null,null,26392,null,null,null,TRUE,2287,null,minor,Jacq.,Pers.,08/09/1975,May Place Road.,Mar 1991,"Damp, shaded, white sand.",Bud,Flower,Fruit,null,null,Flowers white.,null,null,null,null,FALSE,Withlacoochee State Forest,-82.172029,28.465832
105170,1891,P. Genelle,G. Fleming,Citrus Co.,Arecaceae,Sabal,null,null,26739,null,null,null,TRUE,639,null,palmetto,Walter,Lodd. ex Schult. & Schult. f.,05/27/1973,"Citrus section, TR 22 [?], Dames Cave area.",null,"Shaded, loam, mulch.",null,null,null,null,null,null,null,null,null,null,FALSE,Withlacoochee State Forest,-82.45,28.8667
108171,1913,P. Genelle,G. Fleming,Hernando Co.,Gentianaceae,Sabatia,null,null,99454,null,null,null,TRUE,2333,null,brevifolia,Raf.,null,11/18/1973,"Richloam section, Yankee Swamp.",null,null,Flower,null,null,null,null,null,null,null,null,null,FALSE,Withlacoochee State Forest,-82.1,28.5
253178,2586,J. M. Kunzer,"G. Dauphin, C. Eckert",Polk Co.,Gentianaceae,Sabatia,null,null,99546,null,null,null,TRUE,2857,null,calycina,Lam.,A. Heller,09/26/2008,"Ca. 4.5 km SSE of FL 471 bridge over the Withlacoochee River, ca. 3.9 km NNE of junction FL 471 and US 98.",null,Mixed hardwood/conifer slough.,Fertile,null,null,null,null,null,null,null,null,null,FALSE,Colt Creek State Park,-82.03166667,28.27583333
120591,2120,P. Genelle,G. Fleming,Pasco Co.,Gentianaceae,Sabatia,null,null,99476,null,null,null,TRUE,2857,null,calycina,Lam.,A. Heller,06/14/1975,Richloam section.,null,Edge of swamp.,Flower,Fruit,null,null,null,null,null,null,null,null,FALSE,Withlacoochee State Forest,-82.172029,28.465832
264116,793,R. Chicone,"R. Wunderlich, L. Penney",Pasco Co.,Gentianaceae,Sabatia,null,null,99522,null,null,null,TRUE,2857,null,calycina,Lam.,A. Heller,05/08/2011,"Withlacoochee River Park, adjacent to SW side of Withlacoochee River, ca. 600 ft. S of Summer Lake Road bridge.",null,"Mature Taxodium - Nyssa association, hydric floodplain.",Flower,null,null,null,null,null,null,null,null,null,FALSE,null,-82.1253,28.3514
214443,16419,S. L. Orzell,E.L. Bridges,Sumter Co.,Gentianaceae,Sabatia,null,null,99519,null,null,null,TRUE,2857,null,calycina,Lam.,A. Heller,04/29/1991,"N side of Center Grade Road, ca. 1.3 mi. E of junction FL 471, near Weeks Pond and N of Gator Hole Slough, ca. 7.7 mi. S of junction FL 50 at Tarrytown. T23S, R23E, Sec. 29, NW¼.",null,Roadside through wet marly pine flatwoods and cypress [Taxodium] pond edge. Soils - Vero (Alfic Haplaquods).,Flower,null,null,null,null,null,null,90,92,ft,FALSE,Withlacoochee State Forest,-82.03611111,28.45833333
120507,2143,P. Genelle,G. Fleming,Sumter Co.,Gentianaceae,Sabatia,null,null,99704,null,null,null,TRUE,2421,null,decandra,Walter,R. M. Harper,06/28/1975,Cabbage Head Road.,Jan 2008,"Moist edge of lake, sandy soil.",Flower,null,null,null,null,null,null,null,null,null,FALSE,Withlacoochee State Forest,-81.8167,28.35
240468,19773,S. L. Orzell,E.L. Bridges,Sumter Co.,Gentianaceae,Sabatia,null,null,99802,null,null,null,TRUE,2421,null,decandra,Walter,R. M. Harper,06/29/1992,"N side of Center Grade Road, ca. 1.3 mi. E of junction FL 471, near Weeks Pond and N of Gator Hole Slough, ca. 7.7 mi. S of junction FL 50 at Tarrytown. T23S, R23E, Sec 29, NW¼.",Jan 2008,Open cypress [Taxodium] depression with grassy groundcover. Soils - Vero (Alfic Haplaquods).,Flower,null,null,null,null,null,null,90,92,ft,FALSE,Withlacoochee State Forest,-82.03611111,28.45833333
120508,2165,P. Genelle,G. Fleming,Sumter Co.,Gentianaceae,Sabatia,null,null,99927,null,null,null,TRUE,2356,null,grandiflora,A. Gray,Small,06/28/1975,Cabbage Head Road.,null,Wet meadow.,Flower,null,null,null,null,null,null,null,null,null,FALSE,Withlacoochee State Forest,-81.8167,28.35
193373,87,C. vanHoek,,Pasco Co.,Poaceae,Saccharum,null,null,46323,null,null,null,TRUE,2649,null,baldwinii,Spreng.,null,10/26/1987,"E bank of the Withlacoochee River, 2.5 mi. E of Lacoochee. T23S, R22E, Sec. 19.",null,null,Fertile,null,null,null,null,null,null,null,null,null,FALSE,null,-82.172029,28.465832
208661,387,C. vanHoek,S. Petty,Hernando Co.,Poaceae,Saccharum,null,null,46330,null,null,null,TRUE,2649,null,baldwinii,Spreng.,null,12/03/1993,Just S of Withlacoochee River; Withlacoochee State Forest.,null,null,Fertile,null,null,null,null,null,null,null,null,null,FALSE,Silver Lake Recreation Area,-81.8167,28.35
178403,s.n.,T. F. Rochow,,Polk Co.,Poaceae,Saccharum,null,null,46338,null,null,null,TRUE,2649,null,baldwinii,Spreng.,null,10/11/1983,"NE of US 98, along Withlacoochee River.",1987,null,Fertile,null,null,null,null,null,null,null,null,null,FALSE,null,-81.8167,28.35
161053,354,G. Robinson,,Sumter Co.,Poaceae,Saccharum,null,null,9489,null,null,null,TRUE,3329,null,giganteum,Walter,Pers.,09/29/1981,"Along the Little Withlacoochee River, ca. 5 mi. SE of Tarrytown.  T23S, R23E, Sec. 9, NW¼.",1987,null,null,null,null,null,null,null,null,null,null,null,FALSE,null,-82.05,28.55
253086,2567,J. M. Kunzer,"G. Dauphin, C. Eckert",Polk Co.,Poaceae,Saccharum,null,null,45671,null,null,null,TRUE,3329,null,giganteum,Walter,Pers.,09/26/2008,"Ca. 2.5 km SSE of FL 471 bridge over the Withlacoochee River, ca. 5.1 km NNE of the junction of FL 471 and US 98.",null,Disturbed Taxodium swamp.,Fertile,null,null,null,null,"Culms erect, ca. 3 m tall.",null,null,null,null,FALSE,Colt Creek State Park,-82.04444444,28.29305556
253023,2342,J. M. Kunzer,,Polk Co.,Poaceae,Sacciolepis,null,null,46243,null,null,null,TRUE,1503,null,indica,L.,Chase,04/03/2008,"Ca. 1.2 km SE of FL 471 bridge over the Withlacoochee River, ca. 6 km NNE of the FL 471 and US 98 junction.",null,Poorly-drained flatwoods.,Fertile,null,null,null,null,null,null,null,null,null,FALSE,Colt Creek State Park,-81.8167,28.35
161038,351,G. Robinson,,Sumter Co.,Poaceae,Sacciolepis,null,null,46023,null,null,null,TRUE,3534,null,striata,L.,Nash,09/29/1981,"Along the Little Withlacoochee River, ca. 5 mi. SE of Tarrytown. T23S, R23E, Sec. 9, NW¼.",Oct 1993,Cypress [Taxodium] slough.,Fertile,null,null,null,null,null,null,null,null,null,FALSE,null,-82.05,28.55
208163,367,C. vanHoek,,Citrus Co.,Orchidaceae,Sacoila,null,null,6581,lanceolata,null,null,TRUE,2298,var.,lanceolata,Aubl.,Garay,07/02/1993,Contact USF Herbarium if additional information is required,1993,Grassy roadside.,Flower,Immature Fruit,null,null,null,null,null,null,null,null,TRUE,Withlacoochee State Forest,null,null
299728,1180,C. F. Caudle,"M.L. GIlbert, M.S. Tisdale",Polk Co.,Rhamnaceae,Sageretia,null,null,231594,null,null,null,TRUE,2024,null,minutiflora,Michx.,C. Mohr,05/25/1963,"Withlacoochee River, 2R Ranch.",14-Jun-2024,null,null,null,null,null,null,null,null,null,null,null,FALSE,null,-81.8167,28.35
246573,2505,J. M. Kunzer,"A. Bard, J. Stout, A. Franck",Polk Co.,Rhamnaceae,Sageretia,null,null,83623,null,null,null,TRUE,2024,null,minutiflora,Michx.,C. Mohr,09/03/2008,"Ca. 4.4 km SSE of the FL 471 bridge over the Withlacoochee River, ca. 4 km NE of the junction of FL 471 and US 98.",null,Mesic hammock.,Flower,null,null,null,null,null,null,null,null,null,FALSE,Colt Creek State Park,-82.0325,28.27666667
55475,26023,O. K. Lakela,"R. Lassiter, J.A. Lassiter",Citrus Co.,Rhamnaceae,Sageretia,null,null,83620,null,null,null,TRUE,2024,null,minutiflora,Michx.,C. Mohr,06/03/1963,"Withlacoochee River, E of Pineola.",1981,Limestone formations; remnants of ancient fern grottoes and associations of notably large trees.,null,null,null,null,null,Sterile shrubs at base level rocks.,null,null,null,null,FALSE,null,-82.272868,28.688879
236981,3300,M. T. Strong,,Sumter Co.,Alismataceae,Sagittaria,null,null,105364,null,null,null,TRUE,2147,null,filiformis,J. G. Sm.,null,01/03/2004,"Wild Cow Prairie, E of I-75/FL 93, 3 km NE of Croom and 2.7 km N of Withlacoochee River.",Mar 2004,"Shallow, seasonal pond.",Fertile,null,null,null,null,Submersed aquatic; flowers emersed just above water level; petals white.,null,null,null,null,FALSE,null,-82.2167,28.5833
185038,10377,B. F. Hansen,"R.P. Wunderlin, N. Mawhinney",Sumter Co.,Alismataceae,Sagittaria,null,null,105567,chapmanii,J. G. Sm.,null,TRUE,2481,var.,graminea,Michx.,null,04/02/1985,"1 mi. off FL 48, ca. 1 mi. E of Withlacoochee River; 3 mi. NW of Wahoo. T20S, R21E, Sec. 20, SE of SE.",2000,Dirt road.,Fertile,null,null,null,null,null,null,null,null,null,FALSE,null,-82.1833,28.6833
27754,8020,G. R. Cooley,"A.S. Pease, O. Lakela",Sumter Co.,Alismataceae,Sagittaria,null,null,105583,chapmanii,J. G. Sm.,null,TRUE,2481,var.,graminea,Michx.,null,04/05/1961,Withlacoochee Development Project.,2000,Ditches of longleaf pine [Pinus palustris] forest.,Fertile,null,null,null,null,Flowers white.,null,null,null,null,FALSE,null,-81.8167,28.35
253020,2374,J. M. Kunzer,B.F. Hansen,Polk Co.,Alismataceae,Sagittaria,null,null,105476,chapmanii,J. G. Sm.,null,TRUE,2481,var.,graminea,Michx.,null,04/15/2008,"Ca. 2.6 km SE of FL 471 bridge over the Withlacoochee River, ca. 5.3 km NNE of junction FL 471 and US 98.",null,Hydric hammock.,Fertile,null,null,null,null,null,null,null,null,null,FALSE,Colt Creek State Park,-82.03972222,28.29388889
105087,1852,P. Genelle,G. Fleming,Hernando Co.,Alismataceae,Sagittaria,null,null,105580,chapmanii,J. G. Sm.,null,TRUE,2481,var.,graminea,Michx.,null,05/20/1973,"Withlacoochee State Forest, Tower Road.",2000,Damp bog in water.,Fertile,null,null,null,null,null,null,null,null,null,FALSE,null,-81.8167,28.35
122544,2149,P. Genelle,G. Fleming,Sumter Co.,Alismataceae,Sagittaria,null,null,105459,graminea,null,null,TRUE,2217,var.,graminea,Michx.,null,06/28/1975,"Withlacoochee State Forest, Cabbage Head Road.",2000,"Moist edge of lake, sandy soil.",Fertile,null,null,null,null,null,null,null,null,null,FALSE,null,-81.8167,28.35
105102,1865,P. Genelle,G. Fleming,Hernando Co.,Alismataceae,Sagittaria,null,null,105561,graminea,null,null,TRUE,2217,var.,graminea,Michx.,null,05/20/1973,"Withlacoochee State Forest, Richloam section, Yankee Swamp.",2000,"Swamp, full sun, muck.",Fertile,null,null,null,null,null,null,null,null,null,FALSE,null,-82.1,28.5
171762,s.n.,V. Attardi,,Citrus Co.,Alismataceae,Sagittaria,null,null,105676,null,null,null,TRUE,1268,null,kurziana,Gluck,null,04/14/1983,"Near Dunellon, near Lake Rousseau and Withlacoochee River. T16S, R18E, Sec. 34.",2004,River bank.,Fertile,null,null,null,null,null,null,null,null,null,FALSE,null,-81.8167,28.35
105092,1857,P. Genelle,G. Fleming,Hernando Co.,Alismataceae,Sagittaria,null,null,105726,lancifolia,null,null,TRUE,2817,subsp.,lancifolia,L.,null,05/20/1973,"Withlacoochee State Forest, Tower Road.",2000,"Wet ditch, full sun.",Fertile,null,null,null,null,null,null,null,null,null,FALSE,null,-81.8167,28.35
216743,12876,B. F. Hansen,"R.P. Wunderlin, P. Dooris",Hernando Co.,Alismataceae,Sagittaria,null,null,105833,null,null,null,TRUE,2039,null,latifolia,Willd.,null,11/05/1995,"Cypress Lake Preserve; ca. 0.75 mi. E of FL 50 bridge over the Withlacoochee River; ca. 1 mi. W of Ridge Manor. T23S, R21E, Sec. 3, SE¼ of NW¼.",2000,"Swamp lake with floating mats of vegetation, surrounded by cypress [Taxodium] trees.",Fertile,null,null,null,null,null,null,null,null,null,FALSE,null,-81.8167,28.35
288182,460,C. F. Caudle,"M.L. Gilbert, M.S. Tisdale, et al.",Madison Co.,Salicaceae,Salix,null,null,141983,null,null,null,TRUE,4040,null,caroliniana,Michx.,null,06/19/1962,Withlacoochee River Woods.,2016,null,null,null,null,null,null,null,null,null,null,null,FALSE,null,-81.8167,28.35
55474,26022,O. K. Lakela,"R. Lassiter, J.A. Lassiter",Citrus Co.,Lamiaceae,Salvia,null,null,59420,null,null,null,TRUE,1043,null,coccinea,Buc'hoz ex Etl.,null,06/03/1963,"Withlacoochee River, E of Pineola.",null,Limestone formations; remnants of ancient fern grottoes and associations of notably large trees; old excavation area.,Fertile,null,null,null,null,Small colony.,null,null,null,null,FALSE,null,-82.2667,28.6833
253013,2384,J. M. Kunzer,B.F. Hansen,Polk Co.,Lamiaceae,Salvia,null,null,59458,null,null,null,TRUE,3524,null,lyrata,L.,null,04/15/2008,"Ca. 2.6 km SE of FL 471 bridge over the Withlacoochee River, ca. 5.3 km NNE of junction FL 471 and US 98.",null,Pasture edge adjacent to hydric hammock.,Flower,null,null,null,null,null,null,null,null,null,FALSE,Colt Creek State Park,-82.03972222,28.29416667
104725,1754,P. Genelle,G. Fleming,Hernando Co.,Lamiaceae,Salvia,null,null,59507,null,null,null,TRUE,3524,null,lyrata,L.,null,04/22/1973,Croom Road.,null,"Dry, sandy road shoulder in full sun.",Flower,null,null,null,null,null,null,null,null,null,FALSE,Withlacoochee State Forest,-82.227588,28.587772
154602,s.n.,T. F. Rochow,,Sumter Co.,Lamiaceae,Salvia,null,null,59465,null,null,null,TRUE,3524,null,lyrata,L.,null,04/03/1980,"Green Swamp, just N of Withlacoochee River.",null,Roadway in hammock area.,Fertile,null,null,null,null,null,null,null,null,null,FALSE,null,-81.8167,28.35
17349,7293,G. R. Cooley,R.J. Eaton,Hernando Co.,Lamiaceae,Salvia,null,null,59628,null,null,null,TRUE,3903,null,serotina,L.,null,04/21/1960,Flood bank of Withlacoochee River.,null,Disturbed ground.,Fertile,null,null,null,null,Flowers strong violet; Munsell hue 10B4/10; center white; odor not pronounced.,null,null,null,null,FALSE,null,-81.8167,28.35
228524,618,J. H. Scudder,,Sumter Co.,Salviniaceae,Salvinia,null,null,30998,null,null,null,TRUE,1336,null,minima,Baker,null,01/18/1989,"E side of FL 471, N side of Little Withlacoochee River.",null,null,null,null,null,null,null,null,null,null,null,null,FALSE,null,-81.8167,28.35
55507,25941,O. K. Lakela,"J.A. Lassiter, R. Lassiter",Citrus Co.,Salviniaceae,Salvinia,null,null,30969,null,null,null,TRUE,1336,null,minima,Baker,null,05/06/1963,"Trails End Road, Withlacoochee River marsh. Boat docks at the Fishing Camp.",Nov 1986,In water-filled boat.,null,null,null,null,null,null,null,null,null,null,FALSE,null,-81.8167,28.35
104758,1784 Cr,P. Genelle,G. Fleming,Hernando Co.,Salviniaceae,Salvinia,null,null,30989,null,null,null,TRUE,1336,null,minima,Baker,null,04/22/1973,Where the Withlacoochee River enters Silver Lake.,Nov 1986,In shallow water in full shade.,null,null,null,null,null,null,null,null,null,null,FALSE,Withlacoochee State Forest,-81.8167,28.35
104821,1817,P. Genelle,G. Fleming,Hernando Co.,Adoxaceae,Sambucus,null,null,9212,canadensis,L.,Bolli,TRUE,2186,subsp.,nigra,L.,null,05/06/1973,"Richloam section, Tower Road.",Jan 2004,"Damp, sandy loam, shaded.",Flower,null,null,null,null,null,null,null,null,null,FALSE,Withlacoochee State Forest,-82.1,28.5
83011,9189,"C. E. Wood, Jr.","K.A. Wilson, G.R. Cooley",Levy Co.,Samolaceae,Samolus,null,null,101249,null,null,null,TRUE,2241,null,ebracteatus,Kunth,null,05/04/1959,"Small island of ""Dog-Tooth"" limestone W of Hodges Island; Withlacoochee Bay. T16S, R15E, Sec. 35, SW¼.",1993,"In pickets in limestone; scrub of Juniperus, Sabal, Eugenia, Torrubia, Yucca, Opuntia.",Flower,null,null,null,null,"Perianth white to pinksih, foliage glaucous.",null,null,null,null,FALSE,null,-84.6667,30.2333
292383,1134,C. F. Caudle,"M.G. Gilbert, M.S. Tisdale",Pasco Co.,Samolaceae,Samolus,null,null,151981,parviflorus,Raf.,Hultén,TRUE,971,subsp.,valerandi,L.,null,05/25/1963,"2-R Ranch, Withlacoochee River.",2016,null,Flower,null,null,null,null,null,null,null,null,null,FALSE,null,-82.172029,28.465832
27392,8023,G. R. Cooley,"A.S. Pease, O. Lakela",Sumter Co.,Samolaceae,Samolus,null,null,101340,parviflorus,Raf.,Hultén,TRUE,971,subsp.,valerandi,L.,null,04/05/1961,Withlacoochee Development Project.,16-Jun-2014,Wet pathway through longleaf pine [Pinus palustris] forest.,null,null,null,null,null,Plant tender; flowers white.,null,null,null,null,FALSE,null,-81.8167,28.35
3620,5794,G. R. Cooley,"J. Monachino, R.J. Eaton",Sumter Co.,Samolaceae,Samolus,null,null,101609,parviflorus,Raf.,Hultén,TRUE,971,subsp.,valerandi,L.,null,03/25/1958,Near US 41.,Jun 2014,Wet shady upper floodbanks.,Flower,null,null,null,null,Petals white.,null,null,null,null,FALSE,Withlacoochee River,-81.8167,28.35
300109,s.n.,J. H. Willson,,Sumter Co.,Samolaceae,Samolus,null,null,235441,parviflorus,Raf.,Hultén,TRUE,971,subsp.,valerandi,L.,null,03/08/1973,"Rowell Highway, N side of Withlacoochee Bridge.",2018,River bank.,Flower,null,null,null,null,null,null,null,null,null,FALSE,null,-81.8167,28.35
253026,2368,J. M. Kunzer,B.F. Hansen,Polk Co.,Samolaceae,Samolus,null,null,101441,parviflorus,Raf.,Hultén,TRUE,971,subsp.,valerandi,L.,null,04/15/2008,"Ca. 2.6 km SE of FL 471 bridge over the Withlacoochee River, ca. 5.3 km NNE of junction FL 471 and US 98.",null,Bank of creek.,Flower,null,null,null,null,null,null,null,null,null,FALSE,Colt Creek State Park,-82.03972222,28.29388889
55404,25922,O. K. Lakela,"R. Lassiter, J.A. Lassiter",Citrus Co.,Samolaceae,Samolus,null,null,101494,parviflorus,Raf.,Hultén,TRUE,971,subsp.,valerandi,L.,null,05/06/1963,E of Pineola.,Jun 2014,Remnants of ancient fern grottoes and associations of notably large trees; along margins of terrace; limestone formations.,Flower,null,null,null,null,Few.,null,null,null,null,FALSE,Withlacoochee River,-82.2667,28.6833
104828,1824,P. Genelle,G. Fleming,Sumter Co.,Samolaceae,Samolus,null,null,101600,parviflorus,Raf.,Hultén,TRUE,971,subsp.,valerandi,L.,null,05/05/1973,River Road.,Jun 2014,"Full sun, sandy pinelands.",Flower,null,null,null,null,null,null,null,null,null,FALSE,Withlacoochee State Forest,-81.8167,28.35
55423,25934,O. K. Lakela,"R. Lassiter, J.A. Lassiter",Citrus Co.,Apiaceae,Sanicula,null,null,61540,null,null,null,TRUE,3572,null,canadensis,L.,null,05/09/1963,"Withlacoochee River, E of Pineola.",Aug 2011,Limestone formations on river terrace; remnants of ancient fern grottoes and associations of notably large trees.,Fertile,null,null,null,null,Common.,null,null,null,null,FALSE,null,-82.2667,28.6833
214504,16402,S. L. Orzell,E.L. Bridges,Sumter Co.,Apiaceae,Sanicula,null,null,61505,null,null,null,TRUE,3572,null,canadensis,L.,null,04/29/1991,"N side of Center Grade Road, ca. 1.3 mi. E of its junction with FL 471, near Weeks Pond and N of Gator Hole Slough, ca. 7.7 mi. S of the junction with FL 50 at Tarrytown.  T23S, R23E, Sec. 29, NW¼.",null,Hydric hammock.  Soils - Vero (Alfic Haplaquods).,Fertile,null,null,null,null,null,null,90,92,ft,FALSE,Withlacoochee State Forest,-82.03611111,28.45833333
83022,9221,C. E. Wood,"K.A. Wilson, G.R. Cooley",Levy Co.,Sapindaceae,Sapindus,null,null,17640,null,null,null,TRUE,5026,null,marginatus,Willd.,null,05/04/1959,"At Port Inglis (abandoned settlement) near mouth of Withlacoochee River. T17S, R15E, Sec. 14.",23-Jun-2022,In scrub near abandoned house.,Bud,null,null,null,null,"Shrub or small tree to 20 ft. tall, with gray bark and shining leaves; flower buds greenish. Abundant.",null,null,null,null,FALSE,Chambers Island,-82.668716,29.030251
55269,26039,O. K. Lakela,"R. Lassiter, J.A. Lassiter",Citrus Co.,Sapindaceae,Sapindus,null,null,17651,null,null,null,TRUE,5026,null,marginatus,Willd.,null,3 June,Withlacoochee River E of Pineola.,May 2024,Limestone formations. Remnants of ancient fern grottoes and associations of notably large trees.,Fruit,null,null,null,null,Seedling trees and fruits beneath tall trees.,null,null,null,null,FALSE,null,-82.2667,28.6833
55270,25915,O. K. Lakela,"R. Lassiter, J.A. Lassiter",Citrus Co.,Sapindaceae,Sapindus,null,null,17636,null,null,null,TRUE,5026,null,marginatus,Willd.,null,05/06/1963,"Withlacoochee River, E of Pineola.",May 2024,Limestone formations. Remnants of ancient fern grottoes and associations of notably large trees.,null,null,null,null,null,Trees to 8 m tall; only sterile sprays obtainable; many young trees noted.,null,null,null,null,FALSE,null,-82.272868,28.688879
189174,s.n.,C. vanHoek,,Hernando Co.,Lauraceae,Sassafras,null,null,26241,null,null,null,TRUE,3759,null,albidum,Nutt.,Nees,04/14/1986,"A-B trailhead, Croom Hiking Trail. T22S, R20E, Sec. 3.",null,null,null,null,null,null,null,null,null,null,null,null,FALSE,Withlacoochee State Forest,-82.227588,28.587772
27817,8012,G. R. Cooley,"A.S. Pease, O.K. Lakela",Sumter Co.,Saururaceae,Saururus,null,null,30905,null,null,null,TRUE,3598,null,cernuus,L.,null,04/05/1961,Withlacoochee Development Project.,null,"In ditch of longleaf pine [Pinus palustris], oak forest.",Flower,null,null,null,null,Flowers white to cream; rhizome fragrant.,null,null,null,null,FALSE,null,-81.8167,28.35
104819,1815RI,P. Genelle,G. Fleming,Hernando Co.,Saururaceae,Saururus,null,null,30909,null,null,null,TRUE,3598,null,cernuus,L.,null,05/06/1973,"Richloam section, Tower Road.",null,Wet roadside ditch.,Flower,null,null,null,null,null,null,null,null,null,FALSE,Withlacoochee State Forest,-82.1,28.5
221088,971,C. vanHoek,S. Petty,Citrus Co.,Poaceae,Schizachyrium,null,null,45972,null,null,null,TRUE,597,null,sanguineum,Retz.,Alston,09/20/1997,"Withlacoochee State Forest; E side of Township Road 5, just S of the Township Road 14 intersection.",null,"Open, disturbed sandhill areas.",Fertile,null,null,null,null,null,null,null,null,null,FALSE,Citrus Wildlife Management Area,-82.45,28.8667
234784,s.n.,W. K. Taylor,,Hernando Co.,Poaceae,Schizachyrium,null,null,45978,null,null,null,TRUE,597,null,sanguineum,Retz.,Alston,11/02/2002,Croom Tract.,null,Sandhill.,Fertile,null,null,null,null,null,null,null,null,null,FALSE,Withlacoochee State Forest,-82.227588,28.587772
227239,2333,M. T. Strong,,Sumter Co.,Melanthiaceae,Schoenocaulon,null,null,36897,null,null,null,TRUE,2085,null,dubium,Michx.,Small,22-23 May 2000,"NW side of FL 44, 1.6 mi. W of its junction with FL 475, ca. 9 km ENE of the Withlacoochee River (where FL 44 crosses it), and 9.6 km W of Wildwood.",null,Longleaf pine [Pinus palustris] - turkey oak [Quercus laevis] sandhills.,Flower,null,null,null,null,null,null,null,null,null,FALSE,null,-82.038974,28.865264
227077,19729,S. L. Orzell,E.L. Bridges,Citrus Co.,Melanthiaceae,Schoenocaulon,null,null,36908,null,null,null,TRUE,2085,null,dubium,Michx.,Small,06/29/1992,"Just E of section line road, ca. 1.4 mi. S of Fivemile Pond, ca. 3.5 air mi. S of FL 44, ca. 10 air mi. E of Homosassa Springs.  T19S, R19E, Sec. 27, SW¼",null,Mature burned longleaf pine [Pinus palustris] sandhill.  Soils - Lakeland (typic Quartzipsamments).,Flower,Fruit,null,null,null,null,null,100,130,ft,FALSE,Withlacoochee State Forest,-82.4025,28.80472222
208187,359,C. vanHoek,,Citrus Co.,Cyperaceae,Scirpus,null,null,71770,null,null,null,TRUE,2066,null,lineatus,Michx.,null,05/08/1993,"Withlacoochee River on the river trail at Potts Preserve, dead end of FL 581, ca. 6 mi. E of Inverness.  T20S, R18E.",null,Hardwood forest bordering river.,Fertile,null,null,null,null,null,null,null,null,null,FALSE,null,-82.330372,28.835818
248484,2731,J. M. Kunzer,,Polk Co.,Cyperaceae,Scirpus,null,null,71786,null,null,null,TRUE,2066,null,lineatus,Michx.,null,03/21/2009,"Ca. 3.4 km SE of the FL 471 bridge over Withlacoochee River, ca. 6.4 km NE of the junction of FL 471 and US 98.",null,"Shallow culvert area in wet, mixed forest.",Fertile,null,null,null,null,null,null,null,null,null,FALSE,Colt Creek State Park,-82.02444444,28.29555556
226184,19116,S. L. Orzell,E.L. Bridges,Sumter Co.,Cyperaceae,Scirpus,null,null,71791,null,null,null,TRUE,2066,null,lineatus,Michx.,null,03/02/1992,"N side of Center Grade Road, ca. 1.3 mi. E of the junction with FL 471, near Weeks Pond and N of Gator Hole Slough, ca. 7.7 mi. S of the junction with FL 50 at Tarrytown.  T23S, R23E, Sec. 29, NW¼.",null,Hydric hammock.,Fertile,null,null,null,null,null,null,90,92,ft,FALSE,Withlacoochee State Forest,-82.03611111,28.45833333
228857,20059,S. L. Orzell,E.L. Bridges,Hamilton Co.,Cyperaceae,Scleria,null,null,71695,null,null,null,TRUE,2076,null,ciliata,Michx.,null,07/07/1992,"Ca. 0.8 mi. N of FL 6 at a point ca. 0.5 mi. E of the junction with FL 143 at Blue Springs, ca. 2 mi. E of Withlacoochee River, ca. 7 air mi. SSW of Jennings; Blue Springs Longleaf.  T1N, R11E, Sec. 10, SW¼ (& Sec. 11, 14, 15).",May 2001,Typic dry upland burned longleaf pine [Pinus palustris] savanna.,Fertile,null,null,null,null,"Culms stiffly erect, almost glabrous.",null,80,90,ft,FALSE,null,-83.2125,30.49722222
228858,19746,S. L. Orzell,E.L. Bridges,Citrus Co.,Cyperaceae,Scleria,null,null,71696,null,null,null,TRUE,2076,null,ciliata,Michx.,null,06/29/1992,"Just E of section line road, ca. 1.4 mi. S of Fivemile Pond, ca. 3.5 air mi. S of FL 44, ca. 10 air mi. E of Homosassa Springs.  T19S, R19E, Sec. 27, SW¼.",May 2001,Mature burned longleaf pine [Pinus palustris] sandhill savanna.  Soils - Lakeland (Typic Quartzipsamments).,Fertile,null,null,null,null,"Culms stiffly erect, almost glabrous.",null,100,130,ft,FALSE,Withlacoochee State Forest,-82.4025,28.80472222
43151,8210,G. R. Cooley,R.J. Eaton,Hernando Co.,Cyperaceae,Scleria,null,null,70608,null,null,null,TRUE,2070,null,oligantha,Michx.,null,05/01/1961,"FL 50, SW of Withlacoochee.  T23S, R22E, Sec. 4.",null,"Margin of Magnolia - live oak [Quercus virginiana] hammock in shade; with Osmanthus, Liquidambar, Ulmus floridana [U. americana], Callicarpa, Morinda royoc [??], ans Serenoa.",Fertile,null,null,null,null,"Cespitose; achene polished white, with 9 papilli at base.",null,null,null,null,FALSE,null,-81.8167,28.35
234034,22607,S. L. Orzell,E.L. Bridges,Sumter Co.,Cyperaceae,Scleria,null,null,70601,null,null,null,TRUE,2070,null,oligantha,Michx.,null,03/29/1994,"N side of Center Grade Road, ca. 1.3 mi. E of the junction with FL 471, near Weeks Pond and N of Gator Hole Slough, ca. 7.7 mi. S of the junction with FL 50 at Tarrytown.  T23S, R23E, Sec. 29, NW¼.",null,Hydric hammock.  Soils - Vero (Alfic Haplaquods).,Fertile,null,null,null,null,null,null,null,null,null,FALSE,Withlacoochee State Forest,-82.03611111,28.45833333
247498,2554,J. M. Kunzer,"G. Dauphin, C. Eckert",Polk Co.,Cyperaceae,Scleria,null,null,70582,null,null,null,TRUE,2071,null,reticularis,Michx.,null,09/26/2008,"Ca. 2.5 km SSE of FL 471 bridge over the Withlacoochee River, ca. 5.1 km NNE of the junction of FL 471 and US 98.",null,Mesic flatwoods.,Fertile,null,null,null,null,null,null,null,null,null,FALSE,Colt Creek State Park,-82.04361111,28.29388889
242344,3547,M. T. Strong,,Sumter Co.,Cyperaceae,Scleria,null,null,70465,null,null,null,TRUE,2071,null,reticularis,Michx.,null,08/10/2005,"Florida National Cemetery grounds, Bushnell, ca. 9.7 km (by air) SW of Bushnell, bordering Withlacoochee State Forest.",Mar 2006,null,Fertile,null,null,null,null,null,null,null,null,null,FALSE,null,-82.112863,28.664992
204576,259,C. vanHoek,,Sumter Co.,Cyperaceae,Scleria,null,null,70090,null,null,null,TRUE,2055,null,triglomerata,Michx.,null,04/17/1992,"Croom Wildlife Management Area; nature trail at Hog Island Recreation Area, ca. 2 mi. SSE of Nobleton.  T21S, R21E, Sec. 31.",null,Drier areas.,Fertile,null,null,null,null,Common,null,null,null,null,FALSE,Withlacoochee State Forest,-82.25,28.6333
153770,s.n.,T. F. Rochow,,Lake Co.,Cyperaceae,Scleria,null,null,70293,null,null,null,TRUE,2055,null,triglomerata,Michx.,null,05/01/1980,Green Swamp; along Withlacoochee River just W of where Tanic Road crosses river.,null,Mesic hammock.,Fertile,null,null,null,null,null,null,null,null,null,FALSE,null,-81.8167,28.35
253071,2512,J. M. Kunzer,"A. Bard, J. Stout, A. Franck",Polk Co.,Cyperaceae,Scleria,null,null,69792,null,null,null,TRUE,3057,null,verticillata,Muhl. ex Willd.,null,09/03/2008,"Ca. 2.15 km SE of FL 471 bridge over the Withlacoochee River, ca. 6.5 km NNE of the junction of FL 471 and US 98.",null,Recently burned (ca. mid-Mar 2008) flatwoods.,Fertile,null,null,null,null,null,null,null,null,null,FALSE,Colt Creek State Park,-82.03694444,28.30472222
226406,19787,S. L. Orzell,E.L. Bridges,Sumter Co.,Cyperaceae,Scleria,null,null,70023,null,null,null,TRUE,3057,null,verticillata,Muhl. ex Willd.,null,06/29/1992,"N side of Center Grade Road, ca. 1.3 mi. E of its junction with FL 471, near Weeks Pond and N of Gator Hole Slough, ca. 7.7 mi. S of the junction with FL 50 at Tarrytown.  T23S, R23E, Sec. 29, NW¼.",null,Wet marly pine flatwoods.  Soils - Vero (Alfic Haplaquods).,Fertile,null,null,null,null,null,null,90,92,ft,FALSE,Withlacoochee State Forest,-82.03611111,28.45833333
242384,3551,M. T. Strong,,Sumter Co.,Lamiaceae,Scutellaria,null,null,59632,null,null,null,TRUE,1199,null,arenicola,Small,null,08/10/2005,"Bushnell, ca. 9.7 km SW of Bushnell, bordering Withlacoochee State Forest.",null,Cemetery grounds.,Fertile,null,null,null,null,"Corollas dorsally purple, ventrally white.",null,null,null,null,FALSE,Florida National Cemetery,-82.112863,28.664992
229353,19731,S. L. Orzell,E.L. Bridges,Citrus Co.,Lamiaceae,Scutellaria,null,null,59635,null,null,null,TRUE,1199,null,arenicola,Small,null,06/29/1992,"Just E of section line road, ca. 1.4 mi. S of Fivemile Pond, ca. 3.5 air mi. S of FL 44, ca. 10 air mi. E of Homosassa Springs. T19S, R19E, Sec. 27, SW¼.",null,Mature burned longleaf pine [Pinus palustris] sandhill savanna. Soils - Lakeland (Typic Quartzipsamments).,Fertile,null,null,null,null,null,null,100,130,ft,FALSE,Withlacoochee State Forest,-82.4025,28.80472222
259029,s.n.,C. Werner,,Hernando Co.,Lamiaceae,Scutellaria,null,null,60986,bracteata,Benth.,Epling,TRUE,3351,subsp.,ovata,Hill,null,05/07/2010,Unnuteliga Unit.,null,"Upland mixed forest with limestone outcrops, with Quercus michauxii and Sapindus saponaria.",Flower,null,null,null,null,null,null,null,null,null,FALSE,Withlacoochee State Forest,-82.45388889,28.66444444
189172,s.n.,C. vanHoek,,Hernando Co.,Poaceae,Secale,null,null,45456,null,null,null,TRUE,1730,null,cereale,L.,null,04/14/1986,"At the railroad crossing at Croom Road, Croom Tract. T22S, R21E, Sec. 8.",May 1986,null,Fertile,null,null,null,null,null,null,null,null,null,FALSE,Withlacoochee State Forest,-82.227588,28.587772
153769,s.n.,T. F. Rochow,null,Polk Co.,Polygalaceae,Senega,null,null,88714,null,null,null,TRUE,2449,null,balduini,Nutt.,J.F.B. Pastore & J.R. Abbott,04/24/1980,"Ca. 2 mi. S of ""Stanley Fish Hole"" on Withlacoochee River and 2 mi. N of Gator Creek. T25S, R23E, Sec. 21.",20 Jul 2025,Roadway in pine flatwoods.,Fruit,null,null,null,null,null,null,null,null,null,FALSE,Green Swamp,-81.8167,28.35
120547,2167,P. Genelle,G. Fleming,Sumter Co.,Polygalaceae,Senega,null,null,88960,null,null,null,TRUE,3413,null,cruciata,L.,J.F.B. Pastore & J.R. Abbott,06/28/1975,Cabbage Head Road.,20 Jul 2025,Wet meadow.,Fertile,null,null,null,null,null,null,null,null,null,FALSE,Withlacoochee State Forest,-81.8167,28.35
105100,1863,P. Genelle,G. Fleming,Hernando Co.,Polygalaceae,Senega,null,null,89103,null,null,null,TRUE,3199,null,cymosa,Walter,J.F.B. Pastore & J.R. Abbott,05/20/1973,"Richloam section, Yankee swamp.",20 Jul 2025,"Swamp, full sun, muck.",Fertile,null,null,null,null,null,null,null,null,null,FALSE,Withlacoochee State Forest,-82.1,28.5
122557,2166,P. Genelle,G. Fleming,Sumter Co.,Polygalaceae,Senega,null,null,89105,null,null,null,TRUE,3199,null,cymosa,Walter,J.F.B. Pastore & J.R. Abbott,06/28/1975,Cabbage Head Road.,20 Jul 2025,Wet meadow.,Fertile,null,null,null,null,null,null,null,null,null,FALSE,Withlacoochee State Forest,-81.8167,28.35
239473,20066,S. L. Orzell,E.L. Bridges,Hamilton Co.,Polygalaceae,Senega,null,null,89230,null,null,null,TRUE,2458,null,leptostachys,Shuttlew. ex A. Gray,J.F.B. Pastore & J.R. Abbott,07/07/1992,"Ca. 0.8 mi. N of FL 6 at a point ca. 0.5 mi. E of its junction with FL 143 at Blue Springs, ca. 2 mi. E of Withlacoochee River, ca. 7 air mi. SSW of Jennings; Blue Springs Longleaf.  T1N, R11E, Sec. 10, SW¼.",20 Jul 2025,Typic dry upland burned longleaf pine [Pinus palustris] savanna.,Fertile,null,null,null,null,null,null,80,90,ft,FALSE,null,-83.2125,30.49722222
241066,19782,S. L. Orzell,E.L. Bridges,Sumter Co.,Polygalaceae,Senega,null,null,89243,null,null,null,TRUE,null,null,luea,L.,J.F.B. Pastore & J.R. Abbott,06/29/1992,"N side of Center Grade Road, ca. 1.3 mi. E of its junction with FL 471, near Weeks Pond and N of Gator Hole Slough, ca. 7.7 mi. S of the junction with FL 50 at Tarrytown.  T23S, R23E, Sec. 29, NW¼.",20 Jul 2025,Wet marly pine flatwoods.  Soils - Vero (Alfic Haplaquods).,Fertile,null,null,null,null,null,null,90,92,ft,FALSE,Withlacoochee State Forest,-82.03611111,28.45833333
27768,8063,G. R. Cooley,"A.S. Pease, O. Lakela",Sumter Co.,Polygalaceae,Senega,null,null,89341,null,null,null,TRUE,3417,null,lutea,L.,J.F.B. Pastore & J.R. Abbott,04/07/1961,Withlacoochee Development Project.,20 Jul 2025,Moist sandy soil of pinelands.,Fertile,null,null,null,null,"Racemes round to thick, cylindric, orange-yellow.",null,null,null,null,FALSE,null,-81.8167,28.35
253048,2349,J. M. Kunzer,null,Polk Co.,Polygalaceae,Senega,null,null,89413,null,null,null,TRUE,3417,null,lutea,L.,J.F.B. Pastore & J.R. Abbott,04/03/2008,"Ca. 1.2 km SE of the C-471 bridge over the Withlacoochee River, ca. 6 km NNE of the C-471 and US 98 junction.",20 Jul 2025,Mowed firebreak/ecotone between poorly drained flatwoods and Taxodium dome.,Fertile,null,null,null,null,null,null,null,null,null,FALSE,Colt Creek State Park,-82.05222222,28.30333333
104835,1831,P. Genelle,G. Fleming,Sumter Co.,Polygalaceae,Senega,null,null,89464,null,null,null,TRUE,3417,null,lutea,L.,J.F.B. Pastore & J.R. Abbott,05/06/1973,Richloam section; River Road.,20 Jul 2025,Moist pinelands; open sun.,Fertile,null,null,null,null,null,null,null,null,null,FALSE,Withlacoochee State Forest,-81.8167,28.35
122556,2168,P. Genelle,G. Fleming,Sumter Co.,Polygalaceae,Senega,null,null,89361,null,null,null,TRUE,3417,null,lutea,L.,J.F.B. Pastore & J.R. Abbott,06/28/1975,Cabbage Head Road.,20 Jul 2025,Wet meadow.,Fertile,null,null,null,null,null,null,null,null,null,FALSE,Withlacoochee State Forest,-81.8167,28.35
27398,8072,G. R. Cooley,"A. S. Pease, O. K. Lakela",Sumter Co.,Polygalaceae,Senega,null,null,89626,null,null,null,TRUE,3303,null,nana,Michx.,J.F.B. Pastore & J.R. Abbott,04/07/1961,Withlacoochee Development Project.,null,Moist sandy spots; longleaf pine [Pinus palustris] forest.,Flower,Fruit,null,null,null,Flowers brassy yellow.,null,null,null,null,FALSE,null,-81.8167,28.35
252932,2337,J. M. Kunzer,null,Polk Co.,Polygalaceae,Senega,null,null,89517,null,null,null,TRUE,3303,null,nana,Michx.,J.F.B. Pastore & J.R. Abbott,04/03/2008,"Ca. 1.2 km SE of the FL 471 bridge over the Withlacoochee River, ca. 6 km NNE of the junction of FL 471 and US 98.",20 Jul 2025,Poorly drained flatwoods.,Fertile,null,null,null,null,null,null,null,null,null,FALSE,Colt Creek State Park,-82.04944444,28.3025
122555,2170,P. Genelle,G. Fleming,Sumter Co.,Polygalaceae,Senega,null,null,90049,null,null,null,TRUE,1161,null,rugelii,Shuttlew. ex Chapm.,J.F.B. Pastore & J.R. Abbott,06/28/1975,Cabbage Head Road.,20 Jul 2025,Wet meadow and sandy soil ditch along road.,Fertile,null,null,null,null,null,null,null,null,null,FALSE,Withlacoochee State Forest,-81.8167,28.35
214441,16410,S. L. Orzell,E.L. Bridges,Sumter Co.,Polygalaceae,Senega,null,null,89940,null,null,null,TRUE,1161,null,rugelii,Shuttlew. ex Chapm.,J.F.B. Pastore & J.R. Abbott,04/29/1991,"N side of Center Grade Road, ca. 1.3 mi. E of the FL 471 junction, near Weeks Pind and N of Gator Hole Slough, ca. 7.7 mi. S of the junction with FL 50 at Tarrytown.  T23S, R23E, Sec. 29, NW¼.",20 Jul 2025,Mesic pine flatwoods.  Soils - Vero (Alfic Haplaquods).,Fertile,null,null,null,null,null,null,90,92,ft,FALSE,Withlacoochee State Forest,-82.03611111,28.45833333
105082,1847,P. Genelle,G. Fleming,Hernando Co.,Polygalaceae,Senega,null,null,90114,null,null,null,TRUE,null,null,rugeliil,Shuttlew. ex Chapm.,J.F.B. Pastore & J.R. Abbott,05/20/1973,"Tower Road, Richloam Section.",20 Jul 2025,"Wet, partial shade; sandy loam.",Fertile,null,null,null,null,null,null,null,null,null,FALSE,Withlacoochee State Forest,-82.1,28.5
241044,19781,S. L. Orzell,E.L. Bridges,Sumter Co.,Polygalaceae,Senega,null,null,89818,null,null,null,TRUE,2980,null,setacea,Michx.,J.F.B. Pastore & J.R. Abbott,06/29/1992,"N side of Center Grade Road, ca. 1.3 mi. E of its junction with FL 471, near Weeks Pond and N of Gator Hole Slough, ca. 7.7 mi. S of the junction with FL 50 at Tarrytown.  T23S, R23E, Sec. 29, NW¼.",20 Jul 2025,Dry-mesic sandy pine flatwoods.,Fertile,null,null,null,null,null,null,90,92,ft,FALSE,Withlacoochee State Forest,-82.03611111,28.45833333
120618,1506,A. G. Shuey,,Citrus Co.,Fabaceae,Senna,null,null,4338,null,null,null,TRUE,2173,null,ligustrina,L.,H. S. Irwin & Barneby,8 Nov 1975,Located E of the S prong of Trail 22.,1983,"From sharp, badly eroded limestone outcropping; in association with Thelypteris augescens and Anemia adiantifolia.",Fruit,null,null,null,null,null,null,null,null,null,FALSE,Withlacoochee State Forest,-81.8167,28.35
10293,6954,G. R. Cooley,R.J. Eaton,Levy Co.,Fabaceae,Senna,null,null,4324,null,null,null,TRUE,2173,null,ligustrina,L.,H. S. Irwin & Barneby,09/16/1959,On island of the mouth of [the] Withlacoochee River.,1983,Growing in shell conglomerate and sand.,Flower,Immature Fruit,null,null,null,Flowers yellow.,null,null,null,null,FALSE,null,-81.8167,28.35
161165,347,G. Robinson,,Sumter Co.,Fabaceae,Senna,null,null,4395,null,null,null,TRUE,2262,null,obtusifolia,L.,H. S. Irwin & Barneby,09/29/1981,"Along the Little Withlacoochee River, ca. 5 mi. SE of Tarrytown.  T23S, R23E, Sec. 9, NW¼.",1983,Cypress [Taxodium] slough.,Fruit,null,null,null,null,null,null,null,null,null,FALSE,null,-82.05,28.55
120687,s.n.,J. E. Poppleton,,Citrus Co.,Fabaceae,Senna,null,null,4386,null,null,null,TRUE,2262,null,obtusifolia,L.,H. S. Irwin & Barneby,8 Nov 1975,E of the S running prong of Trail 22.,1983,Sandy soil in vicinity of limestone outcroppings.,Flower,Immature Fruit,null,null,null,null,null,null,null,null,FALSE,Withlacoochee State Forest,-81.8167,28.35
247505,2527,J. M. Kunzer,"G. Dauphin, C. Eckert",Polk Co.,Fabaceae,Senna,null,null,30831,null,null,null,TRUE,2262,null,obtusifolia,L.,H. S. Irwin & Barneby,09/26/2008,"Ca. 2.5 km SSE of the FL 471 bridge over the Withlacoochee River, ca. 5.1 km NNE of the junction of FL 471 and US 98.",null,Disturbed area in flatwoods.,Flower,Immature Fruit,null,null,null,null,null,null,null,null,FALSE,Colt Creek State Park,-82.04527778,28.29388889
120892,2131,P. Genelle,G. Fleming,Pasco Co.,Fabaceae,Senna,null,null,4393,null,null,null,TRUE,2262,null,obtusifolia,L.,H. S. Irwin & Barneby,06/14/1975,Richloam section.,1983,"Edge of cultivated field; sandy soil, full sun.",Flower,Immature Fruit,null,null,null,null,null,null,null,null,FALSE,Withlacoochee State Forest,-82.172029,28.465832
241931,13087,B. F. Hansen,,Sumter Co.,Fabaceae,Senna,null,null,6989,null,null,null,TRUE,218,null,occidentalis,L.,Link,11/09/2005,"Ca. 2 mi. N of Croom.  T22S, R21E, Sec. 32.",2005,Roadside.,Flower,Fruit,null,null,null,Single plant 1 m tall.,null,null,null,null,FALSE,Withlacoochee State Forest,-82.2167,28.5833
214547,493,C. vanHoek,"S. Petty, J. Buckner",Sumter Co.,Fabaceae,Senna,null,null,4428,null,null,null,TRUE,218,null,occidentalis,L.,Link,09/22/1995,"Baird Tract, Cedar Hammock; 5 mi E of Tarrytown.  T22S, R23E, Sec. 23.",1995,Old fields.,Flower,Fruit,null,null,null,null,null,null,null,null,FALSE,Withlacoochee State Forest,-82.05,28.55
246479,2510,J. M. Kunzer,"A. Bard, J. Stout, A. Franck",Polk Co.,Fabaceae,Senna,null,null,28828,null,null,null,TRUE,218,null,occidentalis,Mill.,null,09/03/2008,"Ca. 2.15 km SE of FL 471 bridge over the Withlacoochee River, ca. 6.5 km NNE of the junction of FL 471 and US 98.",null,Disturbed edge of flatwoods.,Flower,Fruit,null,null,null,"Suffruticose, to ca. 3 m tall.",null,null,null,null,FALSE,Colt Creek State Park,-82.03611111,28.30416667
48083,25441,O. K. Lakela,"G.R. Cooley, J.S. Allen, J.A. Lassiter, R. Lassiter",Citrus Co.,Fabaceae,Senna,null,null,4448,null,null,null,TRUE,218,null,occidentalis,L.,Link,10/21/1962,"Withlacoochee River, E of Pineola; near the gate.",1983,"Limestone formations in remnants of ancient fern grottoes and primary hammock association of notably large trees; marshy ground.With Quercus, Ulmus, and Carya sp.; over outcrops; Distichum [Taxodium ? Paspalum ? Quid ?] in marshy borders.",Flower,Fruit,null,null,null,null,Few,null,null,null,FALSE,null,-82.2667,28.6833
27745,8058,G. R. Cooley,"A.S. Pease, O.K. Lakela",Sumter Co.,Arecaceae,Serenoa,null,null,26826,null,null,null,TRUE,2664,null,repens,W. Bartram,Small,04/07/1961,Withlacoochee Development Project.,null,Pinewood and deciduous tree area.,Bud,null,null,null,null,Shrub from heavily inclining stem; fibrous sheaths light brown; flowering peduncle from top of plant.,null,null,null,null,FALSE,null,-81.8167,28.35
27746,8058,G. R. Cooley,"A.S. Pease, O.K. Lakela",Sumter Co.,Arecaceae,Serenoa,null,null,26827,null,null,null,TRUE,2664,null,repens,W. Bartram,Small,04/07/1961,Withlacoochee Development Project.,null,Pinewood and deciduous tree area.,null,null,null,null,null,Shrub from heavily inclining stem; fibrous sheaths light brown; flowering peduncle from top of plant.,null,null,null,null,FALSE,null,-81.8167,28.35
253014,2381,J. M. Kunzer,B.F. Hansen,Polk Co.,Arecaceae,Serenoa,null,null,45657,null,null,null,TRUE,2664,null,repens,W. Bartram,Small,04/15/2008,"Ca. 2.6 km SE of FL 471 bridge over the Withlacoochee River, ca. 5.3 km NNE of the junction of FL 471 and US 98.",null,Mesic flatwoods.,Bud,null,null,null,null,null,null,null,null,null,FALSE,Colt Creek State Park,-82.03972222,28.29388889
253034,2381,J. M. Kunzer,B.F. Hansen,Polk Co.,Arecaceae,Serenoa,null,null,45658,null,null,null,TRUE,2664,null,repens,W. Bartram,Small,04/15/2008,"Ca. 2.6 km SE of FL 471 bridge over the Withlacoochee River, ca. 5.3 km NNE of the junction of FL 471 and US 98.",null,Mesic flatwoods.,null,null,null,null,null,null,null,null,null,null,FALSE,Colt Creek State Park,-82.03972222,28.29388889
253167,2595,J. M. Kunzer,G. Dauphin,Polk Co.,Asteraceae,Sericocarpus,null,null,45997,null,null,null,TRUE,3207,null,tortifolius,Michx.,Nees,09/26/2008,"Ca. 1 km SSE of the FL 471 bridge over Withlacoochee River, ca. 6.3 km NNE of the junction of FL 471 and US 98.",null,Mesic flatwoods with limestone substrate.,Fertile,null,null,null,null,null,null,null,null,null,FALSE,Colt Creek State Park,-82.0525,28.30527778
161621,444,G. Robinson,,Sumter Co.,Fabaceae,Sesbania,null,null,4515,null,null,null,TRUE,2920,null,herbacea,Mill.,McVaugh,09/09/1981,"Along Little Withlacoochee River ca. 5 mi. SE of Tarrytown and 2.25 mi. E of Sumter County line.  T23S, R23E, Sec. 9, NW¼.",25-Aug-2009,Cypress [Taxodium] slough.,Fruit,null,null,null,null,null,null,null,null,null,FALSE,null,-82.054526,28.554997
120983,2130,P. Genelle,G. Fleming,Pasco Co.,Fabaceae,Sesbania,null,null,4603,null,null,null,TRUE,2379,null,vesicaria,Jacq.,Elliott,06/14/1975,Richloam section.,25-Aug-2009,Edge of cultivated field; sandy soil.,Flower,Fruit,null,null,null,null,null,null,null,null,FALSE,Withlacoochee State Forest,-82.172029,28.465832
13375,6965,G. R. Cooley,"R.J. Eaton, D.B. Ward",Levy Co.,Poaceae,Setaria,null,null,45488,null,null,null,TRUE,642,null,macrosperma,Scribn. & Merr.,Schumach.,09/16/1959,On an island off the mouth of the Withlacoochee River.,null,null,Fertile,null,null,null,null,null,null,null,null,null,FALSE,null,-81.8167,28.35
208244,377,C. vanHoek,S. Petty,Sumter Co.,Orobanchaceae,Seymeria,null,null,109270,null,null,null,TRUE,3280,null,pectinata,Pursh,null,08/27/1993,"Along Florida Trail ESE of Hog Island Recreational Area; Withlacoochee State Forest. T22S, R21E, Sec. 5.",null,Sandhills.,Fertile,null,null,null,null,null,null,null,null,null,FALSE,Croom Widlife Management Area,-82.2167,28.5833
208230,376,C. vanHoek,S. Petty,Citrus Co.,Malvaceae,Sida,null,null,26103,null,null,null,TRUE,3229,null,elliottii,Torr. & A. Gray,null,10/01/1993,"Wildlife Management Area. Ca. 0.5 mi. S of C-480, ca. 0.25 mi. E of Forest Road 13, ca. 0.25 mi. WSW of Stage Pond. T20S, R19E, Sec. 33, SW¼.",14 Apr 2008,Well-drained hammock and disturbed areas.,Immature Fruit,null,null,null,null,null,null,null,null,null,FALSE,Withlacoochee State Forest,-81.8167,28.35
298650,955,C. F. Caudle,"M.L. Gilbert, M.S. Tisdale",null,Malvaceae,Sida,null,null,212913,null,null,null,TRUE,2741,null,rhombifolia,L.,null,06/29/1962,Withlacoochee River.,Nov 2018,null,Fertile,null,null,null,null,null,null,null,null,null,FALSE,null,-81.8167,28.35
105168,1892,G. Fleming,P. Genelle,Citrus Co.,Sapotaceae,Sideroxylon,null,null,34275,,null,null,TRUE,2662,,lanuginosum,Michx.,null,05/27/1973,"Citrus section, side road, S of Dames Caves.",2015,Open sunlight.,Bud,null,null,null,null,null,null,null,null,null,FALSE,Withlacoochee State Forest,-82.45,28.8667
246754,2362,J. M. Kunzer,B.F. Hansen,Polk Co.,Sapotaceae,Sideroxylon,null,null,34228,reclinatum,null,null,TRUE,2701,subsp.,reclinatum,Michx.,null,04/15/2008,"Ca. 2.6 km SE of FL 471 bridge over the Withlacoochee River, ca. 5.3 km NNE of the junction of FL 471 and US 98.",2015,Hydric hammock.,Bud,null,null,null,null,null,null,null,null,null,FALSE,Colt Creek State Park,-82.03972222,28.29388889
144335,72,R. Lassiter,J. Lassiter,Hernando Co.,Sapotaceae,Sideroxylon,null,null,34404,null,null,null,TRUE,3285,null,tenax,L.,null,09/02/1978,McKethan Park.,2015,"Dry, sandy woods.",Immature Fruit,Bud,null,null,null,null,null,null,null,null,FALSE,Withlacoochee State Forest,-81.8167,28.35
27815,8016,G. R. Cooley,"A.S. Pease, O. Lakela",Sumter Co.,Iridaceae,Sisyrinchium,null,null,87427,null,null,null,TRUE,618,null,angustifolium,Mill.,null,04/05/1961,Withlacoochee Development Project.,1989,Longleaf pine [Pinus palustris] - Oak [Quercus] forest.,Flower,Fruit,null,null,null,Common in various provinces; flowers blue.,null,null,null,null,FALSE,null,-81.8167,28.35
46352,7296,G. R. Cooley,R.J. Eaton,Hernando Co.,Iridaceae,Sisyrinchium,null,null,87561,null,null,null,TRUE,618,null,angustifolium,Mill.,null,04/21/1960,"Istachatta, Withlacoochee River.",1990,Disturbed wood of flood banks.,Fruit,null,null,null,null,Flowers blue.,null,null,null,null,FALSE,null,-82.27759,28.659991
2471,5796,G. R. Cooley,R.J. Eaton,Sumter Co.,Iridaceae,Sisyrinchium,null,null,87595,null,null,null,TRUE,618,null,angustifolium,Mill.,null,03/25/1958,"Along FL 48, near Withlacoochee River.",1990,Dry shoulder of road.,Flower,null,null,null,null,"Petals blue, pale beneath.",null,null,null,null,FALSE,null,-81.8167,28.35
14151,5796,G. R. Cooley,R.J. Eaton,Sumter Co.,Iridaceae,Sisyrinchium,null,null,87379,null,null,null,TRUE,618,null,angustifolium,Mill.,null,03/25/1958,FL 28 to Bushnell beyond the Withlacoochee River.,1989,Shoulder of highway.,Flower,null,null,null,null,"Petals blue, pale below.",null,null,null,null,FALSE,null,-82.112863,28.664992
253253,2721,J. M. Kunzer,,Polk Co.,Iridaceae,Sisyrinchium,null,null,87418,null,null,null,TRUE,618,null,angustifolium,Mill.,null,02/19/2009,"Ca. 2.5 km SE of FL 471 bridge over the Withlacoochee River, ca. 5.3 km NNE of junction FL 471 and US 98.",null,Dry bank of channelized Creek.,Flower,null,null,null,null,null,null,null,null,null,FALSE,Colt Creek State Park,-82.03972222,28.29416667
55422,25931,O. K. Lakela,"R. Lassiter, J.A. Lassiter",Citrus Co.,Iridaceae,Sisyrinchium,null,null,87562,null,null,null,TRUE,618,null,angustifolium,Mill.,null,05/06/1963,"Withlacoochee River, E of Pineola.",Dec 1980,Terrace margins; limestone formations; remnants of ancient fern grottoes and associations of notably large trees.,Fertile,null,null,null,null,Few.,null,null,null,null,FALSE,null,-82.272868,28.688879
185044,10369,B. F. Hansen,"R.P. Wunderlin, N. Mawhinney",Sumter Co.,Iridaceae,Sisyrinchium,null,null,87711,null,null,null,TRUE,2499,null,nashii,E. P. Bicknell,null,04/02/1985,"Along dirt road 1 mi. NE of FL 48, ca. 1 mi. E of Withlacoochee River; 3 mi. NW of Wahoo. T20S, R21E, Sec. 20, SE¼ of SE¼.",null,null,Immature Fruit,null,null,null,null,null,null,null,null,null,FALSE,null,-82.1833,28.6833
55431,26048,O. K. Lakela,"R. Lassiter, J.A. Lassiter",Citrus Co.,Iridaceae,Sisyrinchium,null,null,87766,null,null,null,TRUE,2499,null,nashii,E. P. Bicknell,null,06/03/1963,"Withlacoochee River, E of Pineola.",Dec 1980,Shallow soil of crevices of limestones; remnants of ancient fern grottoes and associations of notably large trees; limestone formations.,Fruit,null,null,null,null,null,null,null,null,null,FALSE,null,-82.272868,28.688879
104836,1832,P. Genelle,G. Fleming,Sumter Co.,Iridaceae,Sisyrinchium,null,null,87822,null,null,null,TRUE,2499,null,nashii,E. P. Bicknell,null,05/06/1973,Richloam section.,15-Mar-2013,"Moist pinelands, open sun.",Fruit,null,null,null,null,null,null,null,null,null,FALSE,Withlacoochee State Park,-81.8167,28.35
246563,2336,J. M. Kunzer,,Polk Co.,Iridaceae,Sisyrinchium,null,null,87837,null,null,null,TRUE,1175,null,rosulatum,E. P. Bicknell,null,04/03/2008,"Ca. 1.2 km SE of FL 471 bridge over the Withlacoochee River, ca. 6 km NNE of junction FL 471 and US 98.",null,"Shallow, forested drainage basin.",Flower,Fruit,null,null,null,null,null,null,null,null,FALSE,Colt Creek State Park,-82.04944444,28.3025
15832,6961,G. R. Cooley,"R.J. Eaton, J.D. Ray, Jr.",Levy Co.,Asteraceae,Smallanthus,null,null,35030,null,null,null,TRUE,3401,null,uvedalia,L.,Mack. ex Small,09/16/1959,Second island off mouth of Withlacoochee River.,Apr 2000,null,Flower,Fruit,Bud,null,null,Yellow rays and disks.,null,null,null,null,FALSE,null,-81.8167,28.35
56012,26460,O. K. Lakela,,Sumter Co.,Asteraceae,Smallanthus,null,null,35023,null,null,null,TRUE,3401,null,uvedalia,L.,Mack. ex Small,09/21/1963,"Indian Field Ledges, E of Withlacoochee River off C-48.",Apr 2000,"Hammock interspersed with flat limestone outcrops, with overhead of magnificent oak association; ferns frequent in understory.",Fruit,null,null,null,null,Frequent; florets gold.,null,null,null,null,FALSE,null,-81.8167,28.35
246005,13227,B. F. Hansen,J. Hansen,Hamilton Co.,Smilacaceae,Smilax,null,null,28390,null,null,null,TRUE,3157,null,auriculata,Walter,null,06/13/2008,"Along the N side of FL 6, 0.25 mi. E of the Withlacoochee River bridge, ca. 1.5 mi. W of Blue Springs.  T1N, R11E, Sec. 17, SW¼.",null,Mixed deciduous forest and weedy edges.,Immature Fruit,null,null,null,null,null,null,null,null,null,FALSE,null,-81.8167,28.35
253032,2385,J. M. Kunzer,B.F. Hansen,Polk Co.,Smilacaceae,Smilax,null,null,45656,null,null,null,TRUE,3157,null,auriculata,Walter,null,04/15/2008,"Ca. 2.6 km SE of FL 471 bridge over the Withlacoochee River, ca. 5.3 km NNE of the junction of FL 471 and US 98.",null,Flatwoods ecotone to hydric hammock.,Flower,null,null,null,null,null,null,null,null,null,FALSE,Colt Creek State Park,-82.03972222,28.29388889
289704,408,C. F. Caudle,"M.L. Gilbert, M.S. Tisdale",Polk Co.,Smilacaceae,Smilax,null,null,155858,null,null,null,TRUE,3934,null,bona-nox,L.,null,06/19/1962,Withlacoochee River.,2016,Woods.,null,null,null,null,null,null,null,null,null,null,FALSE,null,-81.8167,28.35
27759,8002,G. R. Cooley,"A.S. Pease, O. Lakela",Sumter Co.,Smilacaceae,Smilax,null,null,7740,null,null,null,TRUE,3934,null,bona-nox,L.,null,04/05/1961,Withlacoochee Development Project.,null,Longleaf pine [Pinus palustris] - oak forest.,null,null,null,null,null,Straggling and climbing vines with knotty rhizomes; light green maculations on dark green leaves.,null,null,null,null,FALSE,null,-81.8167,28.35
55469,26053,O. K. Lakela,"R. Lassiter, J.A. Lassiter",Citrus Co.,Smilacaceae,Smilax,null,null,7729,null,null,null,TRUE,3934,null,bona-nox,L.,null,06/03/1963,"Withlacoochee River, E of Pineola.",1969,Remnants of ancient fern grottoes and associations of notably large trees; limestone formations.,Immature Fruit,null,null,null,null,Strong vines.,Common,null,null,null,FALSE,null,-82.272868,28.688879
104760,1786,P. Genelle,G. Fleming,Hernando Co.,Smilacaceae,Smilax,null,null,7731,null,null,null,TRUE,3934,null,bona-nox,L.,null,04/22/1973,Where the Withlacoochee River enters Silver Lake.,null,Shaded area.,null,null,null,null,null,null,null,null,null,null,FALSE,Withlacoochee State Forest,-81.8167,28.35
246199,13239A,B. F. Hansen,J. Hansen,Hamilton Co.,Smilacaceae,Smilax,null,null,28462,null,null,null,TRUE,3146,null,glauca,Walter,null,06/13/2008,"Along thN side of FL 6, 0.25 mi. E of the Withlacoochee River bridge, ca. 1.5 mi. W of Blue Springs.  T1N, R11E, Sec. 17, SW¼.",null,Mixed deciduous forest and weedy edges.,null,null,null,null,null,null,null,null,null,null,FALSE,null,-81.8167,28.35
247533,2601,J. M. Kunzer,"G. Dauphin, C. Eckert",Polk Co.,Smilacaceae,Smilax,null,null,30826,null,null,null,TRUE,3146,null,glauca,Walter,null,09/26/2008,"Ca. 1 km SSE of the FL 471 bridge over the Withlacoochee River, ca. 6.3 km NNE of the junction of FL 471 and US 98.",null,"In canopy, hydric hammock.",null,null,null,null,null,Vine.,null,null,null,null,FALSE,Colt Creek State Park,-82.05333333,28.30638889
120707,2145,P. Genelle,G. Fleming,Pasco Co.,Smilacaceae,Smilax,null,null,7756,null,null,null,TRUE,3146,null,glauca,Walter,null,06/28/1975,Forest road S of Slaughter.,null,Roadside along edge of pinelands.,null,null,null,null,null,null,null,null,null,null,FALSE,Withlacoochee State Forest,-82.0667,28.4667
204252,240,C. vanHoek,S. Petty,Sumter Co.,Smilacaceae,Smilax,null,null,7887,null,null,null,TRUE,3841,null,tamnoides,L.,null,03/27/1992,"S side of Hog Island, Hog Island Recreational Area, Croom portion of the state forest, ca. 2 mi. SSE of Nobleton.  T21S, R21E, Sec. 31.",null,null,Bud,null,null,null,null,null,null,null,null,null,FALSE,Withlacoochee State Forest,-82.25,28.6333
35403,7297,G. R. Cooley,R.J. Eaton,Hernando Co.,Smilacaceae,Smilax,null,null,7871,null,null,null,TRUE,3841,null,tamnoides,L.,null,04/21/1960,"Istachatta, Withlacoochee River.",1981,Disturbed wood of flood banks.,Flower,null,null,null,null,Twining.,null,null,null,null,FALSE,null,-82.27759,28.659991
19826,7297,G. R. Cooley,R.J. Eaton,Hernando Co.,Smilacaceae,Smilax,null,null,7872,null,null,null,TRUE,3841,null,tamnoides,L.,null,04/21/1960,"Istachatta, Withlacoochee River.",1981,Disturbed wood of flood banks.,Flower,null,null,null,null,Twining.,null,null,null,null,FALSE,null,-82.27759,28.659991
253033,2382,J. M. Kunzer,B.F. Hansen,Polk Co.,Smilacaceae,Smilax,null,null,45655,null,null,null,TRUE,3841,null,tamnoides,L.,null,04/15/2008,"Ca. 2.6 km SE of FL 471 bridge over the Withlacoochee River, ca. 5.3 km NNE of the junction of FL 471 and US 98.",null,Hydric hammock.,Immature Fruit,null,null,null,null,null,null,null,null,null,FALSE,Colt Creek State Park,-82.03972222,28.29388889
256068,7240,G. R. Cooley,"J.D. Ray, Jr.",Hernando Co.,Solanaceae,Solanum,null,null,54940,null,null,null,TRUE,609,null,capsicoides,All.,null,01/06/1960,Istachatta; upper floodbanks of the Withlacoochee River.,1985,null,Bud,Flower,Fruit,null,null,"Petals white; berry strong reddish-orange, Munsell hue 7.5R  5/13.",null,null,null,null,FALSE,null,-82.27759,28.659991
48085,25442,O. K. Lakela,"J.S. Allen, G.R. Cooley, R. Lassiter, J.A. Lassiter",Citrus Co.,Solanaceae,Solanum,null,null,54962,null,null,null,TRUE,609,null,capsicoides,All.,null,10/21/1962,"Withlacoochee River, E of Pineola.",1985,"	Limestone formations; remnants of ancient fern grottoes and primary hammock association of notably large trees; Quercus, Ulmus, and Carya spp. over outcrops, Distichum [Taxodium distichum?] in marshy borders.",Flower,Immature Fruit,Fruit,null,null,Trailside vegetation; few noted.,null,null,null,null,FALSE,null,-82.2667,28.6833
305097,s.n.,T. F. Rochow,,Sumter Co.,Solanaceae,Solanum,null,null,251407,null,null,null,TRUE,609,null,capsicoides,All.,null,08/21/1980,"Green Swamp, near Little Withlacoochee River bridge.",Apr 2023,Roadside.,Fruit,null,null,null,null,null,null,null,null,null,FALSE,null,null,null
209391,389,C. vanHoek,S. Petty,Citrus Co.,Solanaceae,Solanum,null,null,8751,null,null,null,TRUE,65,null,viarum,Dunal,null,02/25/1994,"Behind park ranger's home at Tillis Hill Recreation Area.  T20S, R19E, Sec. 21.",null,Sandy soil of paddock.,Fruit,null,null,null,null,null,null,null,null,null,FALSE,Withlacoochee State Forest,-81.8167,28.35
246528,2366,J. M. Kunzer,B.F. Hansen,Polk Co.,Solanaceae,Solanum,null,null,28822,null,null,null,TRUE,65,null,viarum,Dunal,null,04/15/2008,"Ca. 2.6 km SE of FL 471 bridge over the Withlacoochee River, ca. 5.3 km NNE of the junction of FL 471 and US 98.",null,Pasture edge adjacent to hydric hammock.,Flower,Fruit,null,null,null,null,null,null,null,null,FALSE,Colt Creek State Park,-82.03972222,28.29388889
247664,2677,J. M. Kunzer,,Polk Co.,Asteraceae,Solidago,null,null,35001,scabra,Muhl. ex Willd.,Torr. & A. Gray,TRUE,3031,var.,canadensis,L.,null,11/26/2008,"Ca. 2 km SSE of FL 471 bridge over the Withlacoochee River, ca. 5.2 km NNE of the junction of FL 471 and US 98.",Jan 2009,Open edge of floodplain forest.,Immature Fruit,null,null,null,null,null,null,null,null,null,FALSE,Colt Creek State Park,-82.04916667,28.295
120509,2164,G. Fleming,P. Genelle,Sumter Co.,Asteraceae,Solidago,null,null,34517,chapmanii,Torr. & A. Gray,Cronq.,TRUE,2325,var.,odora,Aiton,null,06/28/1975,Cabbage Head Road.,1985,Wet pinelands.,Fertile,null,null,null,null,null,null,null,null,null,FALSE,Withlacoochee State Forest,-81.8167,28.35
253094,2545,J. M. Kunzer,"G. Dauphin, C. Eckert",Polk Co.,Asteraceae,Solidago,null,null,45666,chapmanii,A. Gray,Cronq.,TRUE,2325,var.,odora,Aiton,null,09/26/2008,"Ca. 2.5 km SSE of FL 471 bridge over the Withlacoochee River, ca. 5.1 km NNE of the junction of FL 471 and US 98.",null,Mesic flatwoods.,Flower,null,null,null,null,null,null,null,null,null,FALSE,Colt Creek State Park,-82.04361111,28.29388889
253322,2675,J. M. Kunzer,,Polk Co.,Asteraceae,Solidago,null,null,46230,null,null,null,TRUE,3967,null,stricta,Aiton,null,11/26/2008,"Ca. 2 km SSE of FL 471 bridge over the Withlacoochee River, ca. 5.2 km NNE of the junction of FL 471 and US 98.",null,Open edge of floodplain forest.,Flower,null,null,null,null,null,null,null,null,null,FALSE,Colt Creek State Park,-82.04916667,28.295
255141,13513,B. F. Hansen,J. Hansen,Hamilton Co.,Asteraceae,Solidago,null,null,52935,null,null,null,TRUE,3201,null,tortifolia,Elliott,null,09/19/2008,"Along C-141 at the E side of the Withlacoochee River bridge, ca. 2 mi. N of Ellaville.  T1S, R11E, Sec. 12, NW¼ of SW¼.",null,Flatwoods roadside.,Flower,null,null,null,null,null,null,null,null,null,FALSE,null,-81.8167,28.35
247666,2694,J. M. Kunzer,,Polk Co.,Asteraceae,Solidago,null,null,31037,null,null,null,TRUE,3201,null,tortifolia,Elliott,null,11/26/2008,"Ca. 2.6 km SSE of the FL 471 bridge over the Withlacoochee River, ca. 5.3 km NNE of the junction of FL 471 and US 98.",null,Mesic flatwoods.,Flower,null,null,null,null,null,null,null,null,null,FALSE,Colt Creek State Park,-82.04083333,28.29222222
246468,2329,J. M. Kunzer,"A. Bard, S. Spaulding",Polk Co.,Asteraceae,Soliva,null,null,31878,null,null,null,TRUE,44,null,anthemifolia,Juss.,Sweet,04/03/2008,"Ca. 4.4 km SE of the FL 471 bridge over the Withlacoochee River, ca. 4.9 km NE of the junction of FL 471 and US 98.",23-May-2018,Disturbed drainage basin.,Fertile,null,null,null,null,null,null,null,null,null,FALSE,Colt Creek State Park,-82.025,28.28611111
303788,1619,C. F. Caudle,"M. L. Gilbert, M. S. Tisdale",Pasco Co.,Asteraceae,Sonchus,null,null,249005,null,null,null,TRUE,1785,null,oleraceus,L.,null,08/07/1962,Withlacoochee River.,2018,Woods.,Fruit,null,null,null,null,null,null,null,null,null,FALSE,null,null,null
246574,2380,J. M. Kunzer,B.F. Hansen,Polk Co.,Asteraceae,Sonchus,null,null,32113,null,null,null,TRUE,1785,null,oleraceus,L.,null,04/15/2008,"Ca. 2.6 km SE of the FL 471 bridge over the Withlacoochee River, ca. 5.3 km NNE of the junction of Fl 471 and US 98.",null,Pasture edge adjacent to hydric hammock.,Fruit,null,null,null,null,null,null,null,null,null,FALSE,Colt Creek State Park,-82.03972222,28.29388889
172105,145,N. L. Mawhinney,,Citrus Co.,Plantaginaceae,Sophronanthe,null,null,248290,null,null,null,TRUE,2424,null,hispida,Benth.,Lindl.,05/18/1983,"Inverness, McGregor-Smith Scout Reserve, FL 44 and Withlacoochee River.",05/2022,null,Bud,Immature Fruit,null,null,null,null,null,null,null,null,FALSE,null,null,null
104796,1772,P. Genelle,G. Fleming,Hernando Co.,Plantaginaceae,Sophronanthe,null,null,248213,null,null,null,TRUE,2424,null,hispida,Benth.,Lindl.,05/06/1973,Withlacoochee State Forest.,06/2022,"Sandy soil, pinelands, Pinus elliottii.",Flower,Bud,null,null,null,null,null,null,null,null,FALSE,null,null,null
240424,19758,S. L. Orzell,E. L. Bridges,Pasco Co.,Plantaginaceae,Sophronanthe,null,null,248183,null,null,null,TRUE,2424,null,hispida,Benth.,Lindl.,06/29/1992,"Ca. 0.7 mi. S of Lacoochee Park Rd, ca. 1.8 air mi. SE of Lacoochee; Withlacoochee SF; Lacoochee 7.5' Quadrangle; NWQ, SEQ, Section 30. T23S, R22E.",06/2022,Dry outer edges of sandy shallow depression E of unimproved access road heading S to the Withlacoochee River.,null,null,null,null,null,null,null,70,null,ft,FALSE,null,-82.14583333,28.45305556
253072,2511,J. M. Kunzer,"A. Bard, J. Stout, A.R. Franck",Polk Co.,Plantaginaceae,Sophronanthe,null,null,64965,null,null,null,TRUE,3302,null,pilosa,Michx.,Small,09/03/2008,"Ca. 2.15 km SE of FL 471 bridge over the Withlacoochee River, ca. 6.5 km NNE of junction FL 471 and US 98.",19-Apr-2017,Recently burned (ca. mid-March 2008) flatwoods.,Fertile,null,null,null,null,null,null,null,null,null,FALSE,Colt Creek State Park,-81.8167,28.35
239372,19777,S. L. Orzell,E. L. Bridges,Sumter Co.,Plantaginaceae,Sophronanthe,null,null,248231,null,null,null,TRUE,3302,null,pilosa,Michx.,Small,06/29/1992,"N side of Center Grade Rd., ca. 1.3 mi. E of junction FL 471, near Weeks Pond and N of Gator Hole Slough, ca. 7.7 mi. S of junction FL 50 at Tarrytown; Withlacoochee SF; Clay Sink 7.5' quadrangle; NWQ, Section 29. T23S, R23E.",06/2022,Wet marly pine flatwoods; soils - Vero (Alfic Haplaquods).,Flower,Bud,null,null,null,null,null,90,92,ft,FALSE,null,-82.03611111,28.45833333
239354,19762,S. L. Orzell,E. L. Bridges,Pasco Co.,Plantaginaceae,Sophronanthe,null,null,248234,null,null,null,TRUE,3302,null,pilosa,Michx.,Small,06/29/1992,"N of Center Grade Rd., 0.5 mi. W of Sumter Co. line and FL 471, ca. 1.1 mi. S-SE of Clay Sink, ca. 9.5 air mi. NE of Dade City; Withlacoochee SF; Clay Sink 7.5' quadrangle. SWQ, NEQ, Section 25, T23S, R22E.",06/2022,Wetland pine savanna; soils - Smyrna (Aeric Haplaquods).,Flower,Bud,null,null,null,null,null,85,90,ft,FALSE,null,-82.06111111,28.45805556
253053,2565,J. M. Kunzer,"G. Dauphin, C. Eckert",Polk Co.,Poaceae,Sorghastrum,null,null,45667,null,null,null,TRUE,2407,null,secundum,Elliott,Nash,09/26/2008,"Ca. 2.5 km SSE of FL 471 bridge over the Withlacoochee River, ca. 5.1 km NNE of the junction of FL 471 and US 98.",null,Mesic flatwoods.,Fertile,null,null,null,null,"Culms erect to ascending, to 2 m tall.",null,null,null,null,FALSE,Colt Creek State Park,-82.04361111,28.29388889
281415,528,C. F. Caudle,"M.L. Gilbert, J.B. Funderburg Jr., M.S. Tisdale, P. Wright, M.V. Truitt, C.B. Oakley, P.E. Moffses, E.P. Arnolds-Patron",Madison Co.,Typhaceae,Sparganium,null,null,121583,null,null,null,TRUE,3051,null,americanum,Nutt.,null,06/19/1962,Withlacoochee River.,null,Woods.,Fertile,null,null,null,null,null,null,null,null,null,FALSE,null,-81.8167,28.35
104646,1720,P. Genelle,G. Fleming,Citrus Co.,Apiaceae,Spermolepis,null,null,61174,null,null,null,TRUE,806,null,divaricata,Walter,Raf.,04/15/1973,FL 480 and FL 491.,null,"Sandy roadside ditch, full sun.",Flower,Fruit,null,null,null,null,null,null,null,null,FALSE,Withlacoochee State Forest,-81.8167,28.35
208200,354,C. vanHoek,S. Petty,Citrus Co.,Poaceae,Sphenopholis,null,null,43434,null,null,null,TRUE,2578,null,filiformis,Chapm.,Scribn.,03/24/1993,"Withlacoochee State Forest. T19S, R19E, Sec. 30.",null,"Open, dry hammock.",Fertile,null,null,null,null,null,null,null,null,null,FALSE,Citrus Wildlife Management Area,-82.45,28.8667
27766,8076,G. R. Cooley,"A.S. Pease, O. Lakela",Sumter Co.,Orchidaceae,Spiranthes,null,null,6600,null,null,null,TRUE,2400,null,lacera,Raf.,Raf.,04/07/1961,Withlacoochee Development Project,null,In longleaf pine [Pinus palusstris] forest; in understory with Myrica pusilla [M. cerifera].,Flower,null,null,null,null,"Roots fleshy, clustered; leaves faded during anthesis.",Plant rare. One plant seen.,null,null,null,FALSE,null,-81.8167,28.35
227992,19772,S. L. Orzell,E.L. Bridges,Sumter Co.,Orchidaceae,Spiranthes,null,null,6604,null,null,null,TRUE,2489,null,laciniata,Small,Ames,06/29/1992,Contact USF Herbarium if additional information is required,1992,Open cypress [Taxodium] depression with grassy groundcover.  Soils - Vero (Alfic Haplaquods).,Fruit,null,null,null,null,null,null,90,92,ft,TRUE,Withlacoochee State Forest,null,null
108170,1912,P. Genelle,G. Fleming,Hernando Co.,Orchidaceae,Spiranthes,null,null,6619,null,null,null,TRUE,2998,null,odorata,Nutt.,Lindl.,11/18/1973,"Richloam section, Yankee Swamp.",12-Aug-2014,null,Flower,Immature Fruit,null,null,null,null,null,null,null,null,FALSE,Withlacoochee State Forest,-82.1,28.5
27773,8077,G. R. Cooley,"A.S. Pease, O. Lakela",Sumter Co.,Orchidaceae,Spiranthes,null,null,6673,null,null,null,TRUE,3114,null,praecox,Walter,S. Watson,04/07/1961,Withlacoochee Development Project,1972,In open forest of longleaf pine [Pinus palustris].,Bud,Flower,null,null,null,"Plants to 4 dm tall; roots fleshy, clustered; labium glabrous; flowers white.",null,null,null,null,FALSE,null,-81.8167,28.35
306728,s.n.,J. DeAngelis,null,Citrus Co.,Orchidaceae,Spiranthes,null,null,253503,null,null,null,TRUE,3114,null,praecox,Walter,S. Watson,04/18/2025,"Potts Preserve, 4.5 mi. E of Inverness; Tsala Apopka/Withlacoochee River floodplain.",null,"In shade of live oaks [Quercus virginiana], with Platanthera flava; Basinger soils.",Flower,null,null,null,null,null,null,null,null,null,FALSE,null,null,null
208162,369,C. vanHoek,S. Petty,Citrus Co.,Orchidaceae,Spiranthes,null,null,6730,null,null,null,TRUE,2924,null,tuberosa,Raf.,null,07/02/1993,Contact USF Herbarium if additional information is required,2018,Dry pine woods.,Bud,Flower,null,null,null,null,null,null,null,null,TRUE,Withlacoochee State Forest,null,null
197897,2248,R. Lassiter,K.L. Thompson,Hernando Co.,Orchidaceae,Spiranthes,null,null,6734,null,null,null,TRUE,2924,null,tuberosa,Raf.,null,06/19/1988,Contact USF Herbarium if additional information is required,2018,"Among grasses in sandy, rolling, open pineland.",Bud,Immature Fruit,null,null,null,null,Two plants noted.,null,null,null,TRUE,Withlacoochee State Forest,null,null
227056,19751,S. L. Orzell,E.L. Bridges,Citrus Co.,Orchidaceae,Spiranthes,null,null,6728,null,null,null,TRUE,2924,null,tuberosa,Raf.,null,06/29/1992,Contact USF Herbarium if additional information is required,2018,Low swale in mature burned longleaf pine [Pinus palustris] sandhill savanna.  Soils- Lakeland (Typic Quartzipsamments).,Bud,Immature Fruit,null,null,null,null,null,100,130,ft,TRUE,Withlacoochee State Forest,null,null
202258,s.n.,S. Petty,C. vanHoek,Hernando Co.,Orchidaceae,Spiranthes,null,null,6731,null,null,null,TRUE,2924,null,tuberosa,Raf.,null,06/15/1991,Contact USF Herbarium if additional information is required,2018,Dry pinelands.,Fruit,null,null,null,null,null,null,null,null,null,TRUE,Withlacoochee State Forest,null,null
55506,25940A,O. K. Lakela,,Citrus Co.,Araceae,Spirodela,null,null,101779,null,null,null,TRUE,947,null,polyrhiza,L.,Schleid.,05/06/1963,"Trails End Road, Withlacoochee River marsh; boat landing at Fishing Camp.",1988,Water-filled boat.,null,null,null,null,null,null,null,null,null,null,FALSE,null,-81.8167,28.35
161068,368,G. Robinson,,Sumter Co.,Poaceae,Sporobolus,null,null,31249,null,null,null,TRUE,1721,null,indicus,L.,R. Br.,09/29/1981,"Along the Little Withlacoochee River, ca. 5 mi. SE of Tarrytown. T23S, R23E, Sec. 9, NW¼.",Sep 1983,Cypress [Taxodium] slough.,Fruit,null,null,null,null,null,null,null,null,null,FALSE,null,-82.05,28.55
246527,2361,J. M. Kunzer,B.F. Hansen,Polk Co.,Poaceae,Sporobolus,null,null,31180,null,null,null,TRUE,1622,null,jacquemontii,Kunth,null,04/15/2008,"Ca. 2.6 km SE of the FL 471 bridge over the Withlacoochee River, ca. 5.3 km NNE of the junction of FL 471 and US 98.",05-Jun-2017,Pasture edge adjacent to hydric hammock.,Fruit,null,null,null,null,null,null,null,null,null,FALSE,Colt Creek State Park,-82.03972222,28.29388889
189421,s.n.,C. vanHoek,,Citrus Co.,Poaceae,Sporobolus,null,null,43349,null,null,null,TRUE,940,null,junceus,P. Beauv.,Kunth,04/28/1986,"Citrus Hiking Trail; S side of C-480, 1.0 mi. E of C-491.",null,Pine woods.,Fertile,null,null,null,null,null,null,null,null,null,FALSE,Withlacoochee State Forest,-82.45,28.8667
227238,2332,M. T. Strong,,Sumter Co.,Poaceae,Sporobolus,null,null,43348,null,null,null,TRUE,940,null,junceus,P. Beauv.,Kunth,"May 22-23, 2000","NW side of FL 44, 1.6 km W of the junction with C-475, ca. 9 km ENE of the Withlacoochee River (where FL 44 crosses the river), and 9.6 km W of Wildwood.",null,Longleaf pine [Pinus palustris] - turkey oak [Quercus laevis] sandhills.,Fertile,null,null,null,null,null,null,null,null,null,FALSE,null,-82.038974,28.865264
185034,10382,B. F. Hansen,"R.P. Wunderlin, N. Mawhinney",Sumter Co.,Caryophyllaceae,Stellaria,null,null,68820,null,null,null,TRUE,22,null,media,L.,Vill.,04/02/1985,"Along a dirt road 1 mi. off FL 48, ca. 1 mi. E of the Withlacoochee River; 3 mi. NW of Wahoo. T20S, R21E, Sec.20, SE¼ of SE¼.",null,Roadside.,Fertile,null,null,null,null,null,null,null,null,null,FALSE,null,-82.225673,28.733383
253027,2367,J. M. Kunzer,B.F. Hansen,Polk Co.,Caryophyllaceae,Stellaria,null,null,68790,null,null,null,TRUE,22,null,media,L.,Vill.,04/15/2008,"Ca. 2.6 km SE of the C-471 bridge over the Withlacoochee River, ca. 5.3 km NE of the C-471 and US 98 junction.",null,Pasture edge adjacent to a hydric hammock.,Fertile,null,null,null,null,null,null,null,null,null,FALSE,Colt Creek State Park,-81.8167,28.35
248357,2317,J. M. Kunzer,"A. Bard, S. Spaulding",Polk Co.,Caryophyllaceae,Stellaria,null,null,32078,null,null,null,TRUE,4305,null,parva,Pedersen,null,04/03/2008,"Ca. 3.27 km SSE of FL 471 bridge over the Withlacoochee River, ca. 4.5 km NNE of the junction of FL 471 and US 98.",2009,Edge of pasture near hydric hammock.,Fertile,null,null,null,null,Prostrate herb.,null,null,null,null,FALSE,Colt Creek State Park,-82.03916667,28.28694444
248358,2390,J. M. Kunzer,B.F. Hansen,Polk Co.,Caryophyllaceae,Stellaria,null,null,32075,null,null,null,TRUE,4305,null,parva,Pedersen,null,04/15/2008,"Ca. 2.6 km SSE of FL 471 bridge over the Withlacoochee River, ca. 5.3 km NNE of the junction of FL 471 and US 98.",null,Pasture edge adjacent to hydric hammock.,Fertile,null,null,null,null,null,null,null,null,null,FALSE,Colt Creek State Park,-82.03916667,28.28694444
248356,2392,J. M. Kunzer,B.F. Hansen,Polk Co.,Caryophyllaceae,Stellaria,null,null,32076,null,null,null,TRUE,4305,null,parva,Pedersen,null,04/15/2008,"Ca. 2.6 km SSE of FL 471 bridge over the Withlacoochee River, ca. 5.3 km NNE of the junction of FL 471 and US 98.",null,Pasture edge adjacent to Taxodium swamp.,Fertile,null,null,null,null,null,null,null,null,null,FALSE,Colt Creek State Park,-82.03916667,28.28694444
248355,2383,J. M. Kunzer,B.F. Hansen,Polk Co.,Caryophyllaceae,Stellaria,null,null,32077,null,null,null,TRUE,4305,null,parva,Pedersen,null,04/15/2008,"Ca. 2.6 km SSE of FL 471 bridge over the Withlacoochee River, ca. 5.3 km NNE of the junction of FL 471 and US 98.",2009,Trail in ecotone between pasture and cypress [Taxodium] swamp.,Fertile,null,null,null,null,null,null,null,null,null,FALSE,Colt Creek State Park,-82.03972222,28.29388889
252941,2343,J. M. Kunzer,,Polk Co.,Euphorbiaceae,Stillingia,null,null,56392,null,null,null,TRUE,3664,null,sylvatica,L.,null,04/03/2008,"Ca. 1.2 km SE of FL 471 bridge over the Withlacoochee River, ca. 6 km NNE of the junction of FL 471 and US 98.",null,Poorly drained flatwoods.,Fertile,null,null,null,null,null,null,null,null,null,FALSE,Colt Creek State Park,-82.05055556,28.3025
227202,2516,M. T. Strong,,Hernando Co.,Euphorbiaceae,Stillingia,null,null,72063,null,null,null,TRUE,3664,null,sylvatica,L.,null,08/29/2000,"Just N and S of sand road W of FL 471 and fish hatchery, just N of Hernando and Polk county line, 8 km S of Tarrytown, and 9 to 11 km NE of Lacoochee.",2011,Pine flatwoods.,Fertile,null,null,null,null,null,null,null,null,null,FALSE,Withlacoochee State Forest,-82.45,28.5333
105127,1876,P. Genelle,G. Fleming,Citrus Co.,Euphorbiaceae,Stillingia,null,null,71882,null,null,null,TRUE,3664,null,sylvatica,L.,null,05/27/1973,"Citrus section, TR 20.",2011,"Pine - oak, open sun.",Fertile,null,null,null,null,null,null,null,null,null,FALSE,Withlacoochee State Forest,-82.45,28.8667
229055,19745,S. L. Orzell,E.L. Bridges,Citrus Co.,Euphorbiaceae,Stillingia,null,null,71911,null,null,null,TRUE,3664,null,sylvatica,L.,null,06/29/1992,"Just E of section line road, ca. 1.4 mi. S of Fivemile POnd, ca. 3.5 air mi. S of FL 44, ca. 10 air mi. E of Homosassa Springs.  T19S, R19E, Sec. 27, SW¼.",2011,Mature burned longleaf pine [Pinus palustris] sandhill savanna.  Soils - Lakeland (Typic Quartzipsamments).,Fertile,null,null,null,null,null,null,100,130,ft,FALSE,Withlacoochee State Forest,-82.4025,28.80472222
227429,20052,S. L. Orzell,E.L. Bridges,Hamilton Co.,Euphorbiaceae,Stillingia,null,null,72068,null,null,null,TRUE,3664,null,sylvatica,L.,null,07/07/1992,"Ca. 0.8 mi. N of FL 6 at a point ca. 0.5 mi. E of junction FL 143 at Blue Springs, ca. 2 mi. E of Withlacoochee River, ca. 7 air mi. SSW of Jennings; Blue Springs Longleaf. T1N, R11E, Sec. 10, SW¼.",2011,Typic dry upland burned longleaf pine [Pinus palustris] savanna.,Fertile,null,null,null,null,null,null,80,90,ft,FALSE,null,-83.2125,30.49722222
227416,19761,S. L. Orzell,E.L. Bridges,Pasco Co.,Caryophyllaceae,Stipulicida,null,null,68342,lacerata,C. W. James,null,TRUE,1248,var.,setacea,Michx.,null,06/29/1992,"E of unimproved access road heading S to the Withlacoochee River, ca. 0.7 mi. S of Pacoochee Park Rod, ca. 1.8 air mi. SE of Lacoochee.  T23S, R22E, Sec. 30, NW¼ of SE¼.",null,Cypress [Taxodium] savanna in sandy shallow depression.,Fertile,null,null,null,null,null,null,70,null,ft,FALSE,Withlacoochee State Forest,-82.14583333,28.45305556
227240,2335,M. T. Strong,,Sumter Co.,Convolvulaceae,Stylisma,null,null,24712,angustifolia,Nash,Shinners,TRUE,4906,var.,patens,Desr.,Myint,22-23 May 2000,"NW side of FL 44, 1.6 km W of junction with FL 475, ca. 9 km ENE of the Withlacoochee River (where FL 44 crosses it), and 9.6 km W of Wildwood.",22-Dec-2017,Longleaf pine [Pinus palustris]-turkey oak [Quercus laevis] sandhills.,Bud,Flower,null,null,null,null,null,null,null,null,FALSE,null,-82.038974,28.865264
105117,1878,P. Genelle,G. Fleming,Citrus Co.,Convolvulaceae,Stylisma,null,null,24698,angustifolia,Nash,Shinners,TRUE,4906,var.,patens,Desr.,Myint,05/27/1973,"Citrus section, FR 20.",22-Dec-2017,"Sand, pine, oak, open sun.",Bud,Immature Fruit,null,null,null,null,null,null,null,null,FALSE,Withlacoochee State Forest,-82.45,28.8667
239079,19736,S. L. Orzell,E.L. Bridges,Citrus Co.,Convolvulaceae,Stylisma,null,null,24681,angustifolia,Nash,Shinners,TRUE,4906,var.,patens,Desr.,Myint,06/29/1992,"Just E of section line road, ca. 1.4 mi. S of Fivemile Pond, ca. 3.5 air mi. S of FL 44, ca. 10 air mi. E of Homosassa Springs. T19S, R19E, Sec. 27, SW¼; Lecanto 7.5' Quad.",22-Dec-2017,Mature burned longleaf pine sandhill savanna. Soils - Lakeland (Typic Quartzipsamments).,Bud,Immature Fruit,null,null,null,null,null,100,130,ft,FALSE,Withlacoochee State Forest,-82.4025,28.80472222
305955,1137,C. F. Caudle,"M.L. Gilbert, M.S. Tisdale",Pasco Co.,Styracaceae,Styrax,null,null,252947,null,null,null,TRUE,984,null,americanus,Lam.,null,07/20/1962,"2-R Ranch, Withlacoochee River.",2017,null,Fruit,null,null,null,null,null,null,null,null,null,FALSE,null,null,null
13117,6987,G. R. Cooley,"R.J. Eaton, D.B. Ward",Levy Co.,Amaranthaceae,Suaeda,null,null,99578,null,null,null,TRUE,3287,null,linearis,Elliott,Moq.,09/16/1959,On island off the mouth of Withlacoochee River below Yankeetown.,null,Low sand.,Fertile,null,null,null,null,Common; arenicolous.,null,null,null,null,FALSE,null,-82.823055,29.031521
253286,2690,J. M. Kunzer,,Polk Co.,Asteraceae,Symphyotrichum,null,null,46234,null,null,null,TRUE,1030,null,adnatum,Nutt.,G. L. Nesom,11/26/2008,"Ca. 2.6 km SSE of FL 471 bridge over the Withlacoochee River, ca. 5.3 km NNE of the junction of FL 471 and US 98.",null,Mesic flatwoods.,Flower,null,null,null,null,null,null,null,null,null,FALSE,Colt Creek State Park,-82.04361111,28.29388889
258606,10011,L. Baltzell,,Sumter Co.,Asteraceae,Symphyotrichum,null,null,60329,null,null,null,TRUE,1030,null,adnatum,Nutt.,G. L. Nesom,10/06/1977,"Along the SFR [State Forest Road], 1.2 mi. W of FL 50, 4.7 mi. SW of Tarrytown.",02-Jun-2011,null,Flower,null,null,null,null,Several scattered plants; flowers violet.,null,null,null,null,FALSE,Withlacoochee State Forest,-82.05,28.55
15038,6935,G. R. Cooley,"R.J. Eaton, D.B. Ward",Levy Co.,Asteraceae,Symphyotrichum,null,null,33711,null,null,null,TRUE,4231,null,bahamense,Britton,G. L. Nesom,09/16/1959,Bank of Withlacoochee River at Yankeetown.,2005,null,Fertile,null,null,null,null,"Ray flowers light-violet, Munsell hue 2.5P 7/7.",null,null,null,null,FALSE,null,-82.823055,29.031521
161058,339,G. Robinson,,Sumter Co.,Asteraceae,Symphyotrichum,null,null,33747,null,null,null,TRUE,4231,null,bahamense,Britton,G. L. Nesom,09/29/1981,"Along Little Withlacoochee River, ca. 5 mi. SE of Tarrytown. T23S, R23E, Sec. 9, NW¼.",2005,Cypress [Taxodium] slough.,Fertile,null,null,null,null,null,null,null,null,null,FALSE,null,-82.05,28.55
262646,7755,L. Baltzell,,Pasco Co.,Asteraceae,Symphyotrichum,null,null,75422,null,null,null,TRUE,4231,null,bahamense,Britton,G. L. Nesom,11/02/1975,"Near the Withlacoochee River just off FL 471, 8.5 mi. SE of Dade City.",Jun 2012,Swamp edge.,Flower,null,null,null,null,Several plants; flowers purple.,null,null,null,null,FALSE,null,-82.172029,28.465832
48084,25451,O. K. Lakela,"J.S. Allen, G.R. Cooley, R. Lassiter, J.A. Lassiter",Citrus Co.,Asteraceae,Symphyotrichum,null,null,33789,null,null,null,TRUE,4231,null,bahamense,Britton,G. L. Nesom,10/21/1962,"Withlacoochee River, E of Pineola.",2005,"Remnants of ancient fern grottos and primary hammock association of notably large trees, Quercus, Ulmus, and Carya over outcrops; Distichum in marshy borders; shallow soil over limestone.",Fertile,null,null,null,null,Frequent.,null,null,null,null,FALSE,null,-82.272868,28.688879
55808,26400,O. K. Lakela,"R. Lassiter, J.A. Lassiter",Citrus Co.,Asteraceae,Symphyotrichum,null,null,33792,null,null,null,TRUE,4231,null,bahamense,Britton,G. L. Nesom,09/17/1963,"Withlacoochee River, E of Pineola.",2005,Remnants of ancient fern grottoes and associations of notably large trees; margin of pond adjacent to grotto hammock.,Fertile,null,null,null,null,null,null,null,null,null,FALSE,null,-82.272868,28.688879
162103,464,G. Robinson,,Sumter Co.,Asteraceae,Symphyotrichum,null,null,33638,null,null,null,TRUE,3150,null,carolinianum,Walter,Wunderlin & B.F. Hansen,11/12/1981,"Along Withlacoochee River, ca. 2.75 mi. SE of Cumpressco. T25S, R23E, Sec. 9, SW ¼.",Jul 2000,Low hardwood forest.,Fertile,null,null,null,null,null,null,null,null,null,FALSE,null,-82.0333,28.35
253281,2685,J. M. Kunzer,,Polk Co.,Asteraceae,Symphyotrichum,null,null,46220,null,null,null,TRUE,3150,null,carolinianum,Walter,Wunderlin & B.F. Hansen,11/26/2008,"Ca. 2 km SSE of FL 471 bridge over the Withlacoochee River, ca. 5.2 km NNE of the junction of FL 471 and US 98.",null,Channelized creek.,Flower,null,null,null,null,"Reclining, scrambling subshrub.",null,null,null,null,FALSE,Colt Creek State Park,-82.04805556,28.29444444
264312,9034,L. Baltzell,,Levy Co.,Asteraceae,Symphyotrichum,null,null,80741,null,null,null,TRUE,3150,null,carolinianum,Walter,Wunderlin & B.F. Hansen,11/08/1976,Bank of the Withlacoochee River in Yankeetown.,21-Jul-2011,River bank.,Flower,null,null,null,null,Many plants climbing over shrubs; flowers pink.,null,null,null,null,FALSE,null,-82.823055,29.031521
108380,1901,P. Genelle,G. Fleming,Hernando Co.,Asteraceae,Symphyotrichum,null,null,33616,null,null,null,TRUE,3150,null,carolinianum,Walter,Wunderlin & B.F. Hansen,11/18/1973,Fire Tower Road; Richloam section.,Jul 2000,Swamp edge.,Fertile,null,null,null,null,null,null,null,null,null,FALSE,Withlacoochee State Forest,-82.1,28.5
141166,s.n.,T. F. Rochow,,Pasco Co.,Asteraceae,Symphyotrichum,null,null,33643,null,null,null,TRUE,3150,null,carolinianum,Walter,Wunderlin & B.F. Hansen,11/30/1978,"Withlacoochee River, E of Dade City.",Jul 2000,On stump in river.,Fertile,null,null,null,null,null,null,null,null,null,FALSE,null,-82.172029,28.465832
241957,13085,B. F. Hansen,,Sumter Co.,Asteraceae,Symphyotrichum,null,null,33421,null,null,null,TRUE,3538,null,concolor,L.,G. L. Nesom,9 Nov 2005,"Ca. 1.5 mi. N of Croom. T22S, R21E, Sec. 5, NE¼.",null,Sandhill.,Fertile,null,null,null,null,null,null,null,null,null,FALSE,Withlacoochee State Forest,-82.2167,28.5833
253646,769,J. M. Kunzer,C. Werner,Citrus Co.,Asteraceae,Symphyotrichum,null,null,46896,null,null,null,TRUE,3538,null,concolor,L.,G. L. Nesom,11/19/2004,"Citrus Tract, ca. 4 mi. NNW of Catawba.",null,Sandhill.,Flower,null,null,null,null,Ascending to erect herb.,null,null,null,null,FALSE,Withlacoochee State Forest,-82.40194444,28.72666667
225730,18660,S. L. Orzell,E.L. Bridges,Hamilton Co.,Asteraceae,Symphyotrichum,null,null,33393,null,null,null,TRUE,3538,null,concolor,L.,G. L. Nesom,10/19/1991,"S side of FL 6, ca. 1.6 mi. E of junction FL 143 at Blue Springs, ca. 3.1 mi. E of Withlacoochee River and Madison County line, ca. 16 mi. W of Jasper. T1N, R11E, Sec. 14, NE¼ of SW¼.",Jul 2000,Cutover disturbed sandhill woodland.,Fertile,null,null,null,null,null,null,80,null,ft,FALSE,null,-83.19388889,30.48555556
162102,467,G. Robinson,,Sumter Co.,Asteraceae,Symphyotrichum,null,null,127330,null,null,null,TRUE,3675,null,dumosum,L.,G. L. Nesom,11/12/1981,"Along Withlacoochee River, ca. 2.75 mi. SE of Cumpressco. T25S, R23E, Sec. 9, SW¼.",Jul 2000,Low hardwood forest.,null,null,null,null,null,null,null,null,null,null,FALSE,null,-82.0333,28.35
120841,s.n.,J. E. Poppleton,,Citrus Co.,Asteraceae,Symphyotrichum,null,null,127481,null,null,null,TRUE,3675,null,dumosum,L.,G. L. Nesom,11/08/1975,Located E of the S running prong of trail 22 in Withlacoochee State Forest; area E of FL 491.,Jul 2000,Growing on sharp eroded limestone outcropping; growing in association with Thelypteris augescens and Anemia adiantifolia.,null,null,null,null,null,null,null,null,null,null,FALSE,null,-81.8167,28.35
253272,2678,J. M. Kunzer,,Polk Co.,Asteraceae,Symphyotrichum,null,null,46232,null,null,null,TRUE,3675,null,dumosum,L.,G. L. Nesom,11/26/2008,"Ca. 2 km SSE of FL 471 bridge over the Withlacoochee River, ca. 5.2 km NNE of the junction of FL 471 and US 98.",null,Open edge of floodplain forest.,Flower,null,null,null,null,null,null,null,null,null,FALSE,Colt Creek State Park,-82.04916667,28.295
264140,7897,L. Baltzell,,Sumter Co.,Asteraceae,Symphyotrichum,null,null,80048,null,null,null,TRUE,3675,null,dumosum,L.,G. L. Nesom,11/23/1975,"Along the Withlacoochee River, S of FL 44, 0.5 mi. S of Rutland.",21-Jul-2011,Marshy river bottom.,Flower,null,null,null,null,Few plants; flowers lavender.,null,null,null,null,FALSE,null,-82.2,28.85
264094,9055,L. Baltzell,,Levy Co.,Asteraceae,Symphyotrichum,null,null,80050,null,null,null,TRUE,3675,null,dumosum,L.,G. L. Nesom,11/08/1976,In Yankeetown alont the Withlacoochee River.,21-Jul-2011,Swampy roadside.,Flower,null,null,null,null,Several plants.,null,null,null,null,FALSE,null,-82.823055,29.031521
263756,11258,L. Baltzell,,Citrus Co.,Asteraceae,Symphyotrichum,null,null,78873,null,null,null,TRUE,3675,null,dumosum,L.,G. L. Nesom,11/04/1980,"Along the Withlacoochee River Road, 0.5 mi. W of US 19, 11.5 mi. NW of Crystal River.",21 Jul 2011,null,Flower,Fruit,null,null,null,Serveral scattered plants; ligules white.,null,null,null,null,FALSE,null,-81.8167,28.35
108378,1898,P. Genelle,G. Fleming,Hernando Co.,Asteraceae,Symphyotrichum,null,null,127380,null,null,null,TRUE,3675,null,dumosum,L.,G. L. Nesom,11/18/1973,"Withlacoochee State Forest, Richloam section Fire Tower Road.",Jul 2000,"Roadside, wet.",null,null,null,null,null,null,null,null,null,null,FALSE,null,-82.1,28.5
108377,1897,P. Genelle,G. Fleming,Hernando Co.,Asteraceae,Symphyotrichum,null,null,127414,null,null,null,TRUE,3675,null,dumosum,L.,G. L. Nesom,11/18/1973,"Withlacoochee State Forest, Richloam section Fire Tower Road.",Jul 2000,"Roadside, wet.",null,null,null,null,null,null,null,null,null,null,FALSE,null,-82.1,28.5
79781,4258,D. B. Ward,H.F. Decker,Citrus Co.,Asteraceae,Symphyotrichum,null,null,10013,null,null,null,TRUE,3237,null,elliottii,Torr. & A. Gray,G. L. Nesom,11/08/1964,"W side of US 19/98, 1.1 mi. S of Withlacoochee River bridge at Inglis.  T17S, R16E, Sec. 11.",Jul 2000,At edge of dry swale.,Flower,Fruit,null,null,null,"Plants to 1.2 m tall; rays lavender, disc yellow.",Single dense stand.,null,null,null,FALSE,null,-82.6667,29.0167
108381,1902,P. Genelle,G. Fleming,Hernando Co.,Asteraceae,Symphyotrichum,null,null,10016,null,null,null,TRUE,3237,null,elliottii,Torr. & A. Gray,G. L. Nesom,11/18/1973,Richloam section. Fire Tower Road.,Jul 2000,null,Flower,Fruit,null,null,null,null,null,null,null,null,FALSE,Withlacoochee State Forest,-82.1,28.5
237438,3073,M. T. Strong,,Sumter Co.,Asteraceae,Symphyotrichum,null,null,127555,null,null,null,TRUE,4162,null,simmondsii,Small,G. L. Nesom,12/28/2002,"Along S side of FL 44, ca. 5 km E of Withlacoochee River and Rutland.",2005,Ecotone between mowed roadside and hammock.,null,null,null,null,null,Rays lavender; disc corollas yellow.,null,null,null,null,FALSE,null,-82.2,28.85
236974,3303,M. T. Strong,,Sumter Co.,Asteraceae,Symphyotrichum,null,null,127568,null,null,null,TRUE,4162,null,simmondsii,Small,G. L. Nesom,01/03/2004,"Wild Cow Prairie, E of I-75/FL 93, 3 km NE of Croom and 2.7 km N of Withlacoochee River.",2005,Edge of shallow seasonal pond.,null,null,null,null,null,Rays lavender.,null,null,null,null,FALSE,null,-82.2167,28.5833
27387,8043,G. R. Cooley,"A.S. Pease, O. Lakela",Sumter Co.,Eriocaulaceae,Syngonanthus,null,null,103258,null,null,null,TRUE,2050,null,flavidulus,Michx.,Ruhland,04/06/1961,Withlacoochee Development Project.,null,Moist places; longleaf pine [Pinus palustris] forest.,Fertile,null,null,null,null,"Flowerheads white, involucral bracts pale brown.",null,null,null,null,FALSE,null,-81.8167,28.35
253047,2350,J. M. Kunzer,,Polk Co.,Eriocaulaceae,Syngonanthus,null,null,103316,null,null,null,TRUE,2050,null,flavidulus,Michx.,Ruhland,04/03/2008,"Ca. 1.2 km SE of FL 471 bridge over the Withlacoochee River, ca. 6 km NNE of Junction FL 471 and US 98.",null,Mowed firebreak - ecotone between poorly drained flatwoods and Taxodium dome.,Fertile,null,null,null,null,null,null,null,null,null,FALSE,Colt Creek State Park,-82.05222222,28.30333333
245505,2316,J. M. Kunzer,"A. Bard, S. Spaulding",Polk Co.,Cupressaceae,Taxodium,null,null,27787,null,null,null,TRUE,3922,null,ascendens,Brongn.,null,04/03/2008,"Ca. 3.27 km SE of FL 471 bridge over the Withlacoochee River, ca. 4.5 km NNE of the junction of FL 471 and US 98.",null,"Edge of disturbed, mixed hydric hammock.",null,null,null,null,null,Small tree.,null,null,null,null,FALSE,Colt Creek State Park,-82.03916667,28.28694444
105081,1846,P. Genelle,G. Fleming,Hernando Co.,Cupressaceae,Taxodium,null,null,8629,null,null,null,TRUE,3922,null,ascendens,Brongn.,null,05/20/1973,"Richloam Section, Tower Road.",null,Edge of bog.,Immature Fruit,null,null,null,null,null,null,null,null,null,FALSE,Withlacoochee State Forest,-82.1,28.5
299939,1105,C. F. Caudle,"M.L. Gilbert, M.S. Tisdale",Pasco Co.,Cupressaceae,Taxodium,null,null,233137,null,null,null,TRUE,929,null,distichum,L.,Rich.,05/25/1963,"Two Rivers Ranch, Withlacoochee River.",null,null,null,null,null,null,null,null,null,null,null,null,FALSE,null,-82.172029,28.465832
299938,410,C. F. Caudle,"M.L. Gilbert, M.S. Tisdale",Pasco Co.,Cupressaceae,Taxodium,null,null,233138,null,null,null,TRUE,929,null,distichum,L.,Rich.,06/19/1962,Withlacoochee River.,2018,null,null,null,null,null,null,null,null,null,null,null,FALSE,null,-82.172029,28.465832
299941,483,C. F. Caudle,"M.L. Gilbert, M.S. Tisdale",Pasco Co.,Cupressaceae,Taxodium,null,null,233139,null,null,null,TRUE,929,null,distichum,L.,Rich.,06/19/1962,Withlacoochee River.,2018,null,null,null,null,null,null,null,null,null,null,null,FALSE,null,-82.172029,28.465832
299942,1599,C. F. Caudle,"M.L. Gilbert, M.S. Tisdale",Pasco Co.,Cupressaceae,Taxodium,null,null,233140,null,null,null,TRUE,929,null,distichum,L.,Rich.,08/07/1962,Withlacoochee River.,2018,null,null,null,null,null,null,null,null,null,null,null,FALSE,null,-82.172029,28.465832
43551,8214,G. R. Cooley,"R.J. Eaton, C.E. Wood",Sumter Co.,Cupressaceae,Taxodium,null,null,8660,null,null,null,TRUE,929,null,distichum,L.,Rich.,05/01/1961,"Withlacoochee River at FL 50 near the Hernando County line.  T22S, R22E, Sec. 34.",null,Cypress [Taxodium] bottomland.,null,null,null,null,null,Seedlings scattered on prostrate logs and bases of Taxodium in bottom.,null,null,null,null,FALSE,null,-84.6667,30.2333
104745,1771,P. Genelle,G. Fleming,Hernando Co.,Cupressaceae,Taxodium,null,null,8692,null,null,null,TRUE,929,null,distichum,L.,Rich.,04/22/1973,"Croom Section, Silver Lake Recreation area.",null,"Damp, shaded.",null,null,null,null,null,null,null,null,null,null,FALSE,Withlacoochee State Forest,-82.227588,28.587772
48038,25460,O. K. Lakela,"J.S. Allen, G.R. Cooley, R. Lassiter, J.A. Lassiter",Citrus Co.,Dryopteridaceae,Tectaria,null,null,23304,null,null,null,TRUE,2727,null,heracleifolia,Willd.,Underw.,10/21/1962,Contact USF Herbarium if additional information is required,Sep 1987,"Vertical cliff, shady side of marsh cliff in limestone formations; remnants of ancient fern grottoes and primary hammock association of notably large trees; Quercus, Ulmus, and Carya spp. over outcrops, Distichum [Taxodium distichum?] in marshy borders.",Fertile,null,null,null,null,null,null,null,null,null,TRUE,null,null,null
253088,2570,J. M. Kunzer,"G. Dauphin, C. Eckert",Polk Co.,Blechnaceae,Telmatoblechnum,null,null,97487,null,null,null,TRUE,2592,null,serrulatum,Rich.,Perrie et al.,09/26/2008,"Ca. 2.5 km SSE of FL 471 bridge over the Withlacoochee River, ca. 5.1 km NNE of junction FL 471 and US 98.",29-Apr-2017,Disturbed Taxodium swamp.,Fertile,null,null,null,null,null,null,null,null,null,FALSE,Colt Creek State Park,-82.04444444,28.29305556
300176,421,C. F. Caudle,"M.L. Gilbert, M.S. Tisdale",Polk Co.,Fabaceae,Tephrosia,null,null,234574,null,null,null,TRUE,3108,null,spicata,Walter,Torr. & A. Gray,06/19/1962,Withlacoochee River.,2019,null,Immature Fruit,null,null,null,null,null,null,null,null,null,FALSE,null,-81.8167,28.35
253146,2609,J. M. Kunzer,"G. Dauphin, C. Eckert",Polk Co.,Fabaceae,Tephrosia,null,null,45662,null,null,null,TRUE,3108,null,spicata,Walter,Torr. & A. Gray,09/26/2008,"Ca. 1 km SSE of FL 471 bridge over the Withlacoochee River, ca. 6.3 km NNE of the junction of FL 471 and US 98.",null,Mesic flatwoods with limestone substrate.,Flower,null,null,null,null,null,null,null,null,null,FALSE,Colt Creek State Park,-82.05083333,28.3025
208166,370,C. vanHoek,S. Petty,Citrus Co.,Fabaceae,Tephrosia,null,null,4921,null,null,null,TRUE,2219,null,virginiana,L.,Pers.,07/16/1993,"Citrus Wildlife Management Area, ca. 0.5 mi. S of FL 44 on the Florida Trail, bordered by Forest Service Roads 13, 2, and 15.  T20S, R19E, Sec. 6.",1993,In overgrown scrub and high pineland.,Fruit,null,null,null,null,null,null,null,null,null,FALSE,Withlacoochee State Forest,-82.45,28.8667
303680,449,C. F. Caudle,"M. L. Gilbert, M. S. Tisdale",Madison Co.,Lamiaceae,Teucrium,null,null,248847,null,null,null,TRUE,2204,null,canadense,L.,null,06/19/1962,Withlacoochee River.,2020,Woods.,Bud,null,null,null,null,null,null,null,null,null,FALSE,null,null,null
160754,329,G. Robinson,,Sumter Co.,Marantaceae,Thalia,null,null,25346,null,null,null,TRUE,3590,null,geniculata,L.,null,09/29/1981,"Along the Little Withlacoochee River, ca. 5 mi. SE of Tarrytown. T23S, R23E, Sec. 9, NW¼.",null,Cypress [Taxodium] slough.,Fertile,null,null,null,null,null,null,null,null,null,FALSE,null,-82.05,28.55
161623,442,G. Robinson,,Sumter Co.,Marantaceae,Thalia,null,null,25347,null,null,null,TRUE,3590,null,geniculata,L.,null,09/09/1981,"Along the Little Withlacoochee River, ca. 5 mi. SE of Tarrytown and 2.25 mi. E of the Sumter County line. T23S, R23E, Sec. 9, NW¼.",null,Cypress [Taxodium] slough.,Flower,Immature Fruit,null,null,null,null,null,null,null,null,FALSE,null,-82.054526,28.554997
253059,2495,J. M. Kunzer,"A. Bard, J. Stout, A. Franck",Polk Co.,Marantaceae,Thalia,null,null,45644,null,null,null,TRUE,3590,null,geniculata,L.,null,09/03/2008,"Ca. 4.3 km SE of FL 471 bridge over the Withlacoochee River, ca. 5 km NE of the junction of FL 471 and US 98.",null,Open Taxodium swamp.,Flower,null,null,null,null,null,null,null,null,null,FALSE,Colt Creek State Park,-82.02472222,28.28611111
253058,2495,J. M. Kunzer,"A. Bard, J. Stout, A. Franck",Polk Co.,Marantaceae,Thalia,null,null,45645,null,null,null,TRUE,3590,null,geniculata,L.,null,09/03/2008,"Ca. 4.3 km SE of FL 471 bridge over the Withlacoochee River, ca. 5 km NE of the junction of FL 471 and US 98.",null,Open Taxodium swamp.,null,null,null,null,null,null,null,null,null,null,FALSE,Colt Creek State Park,-82.02472222,28.28611111
204180,244,C. vanHoek,S. Petty,Sumter Co.,Thelypteridaceae,Thelypteris,null,null,27763,null,null,null,TRUE,1871,null,dentata,Forssk.,E. P. St. John,03/27/1992,"Croom portion, Hog Island Recreation Area; at station #12.",1997,On limestone rock bordering sinkhole.,Fertile,null,null,null,null,null,null,null,null,null,FALSE,Withlacoochee State Forest,-82.2167,28.5833
253173,2577,J. M. Kunzer,"G. Dauphin, C. Eckert",Polk Co.,Thelypteridaceae,Thelypteris,null,null,46003,null,null,null,TRUE,1871,null,dentata,Forssk.,E. P. St. John,09/26/2008,"Ca. 4.5 km SSE of the FL 471 bridge over Withlacoochee River, ca. 3.9 km NNE of the junction of FL 471 and US 98.",null,"Small, mixed hardwood - conifer slough.",Fertile,null,null,null,null,null,null,null,null,null,FALSE,Colt Creek State Park,-82.03166667,28.27583333
48044,25480,O. K. Lakela,"J.S. Allen, G.R. Cooley, R. Lassiter, J. Lassiter",Citrus Co.,Thelypteridaceae,Thelypteris,null,null,27698,null,null,null,TRUE,1871,null,dentata,Forssk.,E. P. St. John,10/21/1962,"Withlacoochee River, E of Pineola.",July 1988,"Limestone formations. Remnants of ancient fern grottoes and primary hammock association of notably large trees, Quercus, Ulmus, and Carya spp. over outcrops; [Taxodium] distichum in marshy borders.",Fertile,null,null,null,null,null,null,null,null,null,FALSE,null,-82.272868,28.688879
48048,25464,O. K. Lakela,"J.S. Allen, G.R. Cooley, R. Lassiter, J. Lassiter",Citrus Co.,Thelypteridaceae,Thelypteris,null,null,27699,null,null,null,TRUE,1871,null,dentata,Forssk.,E. P. St. John,10/21/1962,"Withlacoochee River, E of Pineola.",July 1988,"Limestone formations. Remnants of ancient fern grottoes and primary hammock association of notably large trees, Quercus, Ulmus, and Carya spp. over outcrops; [Taxodium] distichum in marshy borders.",Fertile,null,null,null,null,null,null,null,null,null,FALSE,null,-82.272868,28.688879
225619,96,J. H. Scudder,,Sumter Co.,Thelypteridaceae,Thelypteris,null,null,100216,versicolor,R. P. St. John,Lellinger,TRUE,2471,var.,hispidula,Decne.,C. F. Reed,10/03/1966,"N side of FL 44, E of Withlacoochee River.",1997,"With polypodiums, Asplenium verecundum, A. platyneuron in grazed woodland; rocky.",Fertile,null,null,null,null,null,null,null,null,null,FALSE,null,-81.8167,28.35
214280,486,C. vanHoek,"S. Petty, J. Buckner",Citrus Co.,Thelypteridaceae,Thelypteris,null,null,100265,null,null,null,TRUE,2748,null,interrupta,Willd.,K. Iwats.,07/24/1995,"Rocky rim of Lizzie Hart Sink; Citrus Tract of the Withlacoochee State Forest. R18E, T20S, Sec. 31.",null,null,null,null,null,null,null,null,null,null,null,null,FALSE,null,-82.45,28.8667
306746,s.n.,C. Werner,null,Hernando Co.,Thelypteridaceae,Thelypteris,null,null,253521,null,null,null,TRUE,2748,null,interrupta,Willd.,K. Iwats.,09/20/2023,Annuteliga Unit.,null,Small pond with deep muck; with Salix caroliniana.,null,null,null,null,null,null,null,null,null,null,FALSE,Withlacoochee State Forest,-82.448,28.668
9994,6575,G. R. Cooley,R.J. Eaton,Levy Co.,Thelypteridaceae,Thelypteris,null,null,100419,null,null,null,TRUE,3379,null,kunthii,Desv.,C. V. Morton,04/27/1959,Bank of Withlacoochee River at power dam.,1988,null,Fertile,null,null,null,null,null,null,null,null,null,FALSE,null,-81.8167,28.35
161588,446,G. Robinson,,Sumter Co.,Thelypteridaceae,Thelypteris,null,null,100625,null,null,null,TRUE,3379,null,kunthii,Desv.,C. V. Morton,09/09/1981,Along Little Withlacoochee River ca. 5 mi. SE of Tarrytown and 2.25 mi. E of Sumter County line.,Jul 1988,Cypress [Taxodium] slough.,Fertile,null,null,null,null,null,null,null,null,null,FALSE,null,-82.054526,28.554997
253176,2583,J. M. Kunzer,"G. Dauphin, C. Eckert",Polk Co.,Thelypteridaceae,Thelypteris,null,null,100633,null,null,null,TRUE,3379,null,kunthii,Desv.,C. V. Morton,09/26/2008,"Ca. 4.5 km SSE of FL 471 bridge over the Withlacoochee River, ca. 3.9 km NNE of junction FL 471 and US 98.",null,Mixed hardwood - conifer slough.,Fertile,null,null,null,null,null,null,null,null,null,FALSE,Colt Creek State Park,-82.03166667,28.27583333
48045,25476,O. K. Lakela,"J.S. Allen, G.R. Cooley, R. Lassiter, J.A. Lassiter",Citrus Co.,Thelypteridaceae,Thelypteris,null,null,100570,null,null,null,TRUE,3379,null,kunthii,Desv.,C. V. Morton,10/21/1962,"Limestone formations, Withlacoochee River, E of Pineola.",Jul 1988,"Remnants of ancient fern grottoes and primary hammock association of notably large trees, Quercus, Ulmus and Cyra spp. over outcrops; Distichum in marshy borders.",Fertile,null,null,null,null,null,null,null,null,null,FALSE,null,-82.2667,28.6833
108165,1906,P. Genelle,G. Fleming,Hernando Co.,Thelypteridaceae,Thelypteris,null,null,100537,null,null,null,TRUE,3379,null,kunthii,Desv.,C. V. Morton,11/18/1973,"Richloam section, Fire Tower Road.",July 1988,Sandy loam.,Fertile,null,null,null,null,null,null,null,null,null,FALSE,Withlacoochee State Forest,-82.1,28.5
138011,1867,P. Genelle,G. Fleming,Hernando Co.,Thelypteridaceae,Thelypteris,null,null,100563,null,null,null,TRUE,3379,null,kunthii,Desv.,C. V. Morton,05/20/1973,"Richloam section, Yankee swamp.",Jul 1988,"Shaded, bog edge.",Fertile,null,null,null,null,null,null,null,null,null,FALSE,Withlacoochee State Forest,-82.1,28.5
108375,1895,P. Genelle,G. Fleming,Hernando Co.,Thelypteridaceae,Thelypteris,null,null,100571,null,null,null,TRUE,3379,null,kunthii,Desv.,C. V. Morton, Feb 1973,Richloam Section Watch Tower Road.,Jul 1988,null,null,null,null,null,null,null,null,null,null,null,FALSE,Withlacoochee State Forest,-82.1,28.5
104014,1788,P. Genelle,G. Fleming,Hernando Co.,Thelypteridaceae,Thelypteris,null,null,100632,null,null,null,TRUE,3379,null,kunthii,Desv.,C. V. Morton,04/22/1973,Ca. 0.5 mi. in from edge of Silver Lake.,null,"Dry, shaded, sandy area.",Fertile,null,null,null,null,null,null,null,null,null,FALSE,Withlacoochee State Forest,-81.8167,28.35
109211,1788,P. Genelle,G. Fleming,Hernando Co.,Thelypteridaceae,Thelypteris,null,null,100640,null,null,null,TRUE,3379,null,kunthii,Desv.,C. V. Morton,03/22/1973,Croom section.,Jul 1988,"Sand, shade.",Fertile,null,null,null,null,null,null,null,null,null,FALSE,Withlacoochee River State Park,-82.227588,28.587772
152402,s.n.,T. F. Rochow,,Polk Co.,Thelypteridaceae,Thelypteris,null,null,100444,null,null,null,TRUE,3379,null,kunthii,Desv.,C. V. Morton,10/14/1980,Near Colt Creek ca. 1 mi. S of Stanley Fish Hole in Withlacoochee River.,July 1988,In area of cypress [Taxodium].,Fertile,null,null,null,null,null,null,null,null,null,FALSE,Green Swamp,-81.8167,28.35
143536,s.n.,T. F. Rochow,,Pasco Co.,Thelypteridaceae,Thelypteris,null,null,100596,null,null,null,TRUE,3379,null,kunthii,Desv.,C. V. Morton,11/13/1978,null,Jul 1988,Log in river.,Fertile,null,null,null,null,null,null,null,null,null,FALSE,Withlacoochee River State Park,-82.172029,28.465832
214271,485,C. vanHoek,"S. Petty, J. Buckner",Citrus Co.,Thelypteridaceae,Thelypteris,null,null,100707,null,null,null,TRUE,2366,null,ovata,R. P. St. John,null,07/24/1995,"Citrus Tract of Withlacoochee State Forest. T20S, R18E, Sec. 31.",null,Rocky rim.,Fertile,null,null,null,null,null,null,null,null,null,FALSE,Lizzie Hart Sink,-82.45,28.8667
53159,25466,O. K. Lakela,"J.S. Allen, G.R. Cooley, R. Lassiter, J. Lassiter",Citrus Co.,Thelypteridaceae,Thelypteris,null,null,100706,null,null,null,TRUE,2366,null,ovata,R. P. St. John,null,10/21/1962,E of Pineola.,Jul 1988,"Limestone formations; remnants of ancient fern grottoes and primary hammock association of notably large trees, Quercus, Ulmus and Carya spp. over outcrops; Distichum in marshy borders.",null,null,null,null,null,null,null,null,null,null,FALSE,Withlacoochee River,-82.2667,28.6833
100614,23044,O. K. Lakela,"R. Lassiter, J. Lassiter",Citrus Co.,Thelypteridaceae,Thelypteris,null,null,100709,null,null,null,TRUE,2366,null,ovata,R. P. St. John,null,06/04/1963,E of Pineola.,Jul 1988,"Limestone formation, remnants of ancient fern grottoes and assiociation of notably large trees.",Fertile,null,null,null,null,Fronds from rhizomes embedded in narrow deep cavities.,null,null,null,null,FALSE,Withlacoochee River,-82.2667,28.6833
204621,262,C. vanHoek,,Sumter Co.,Thelypteridaceae,Thelypteris,null,null,100718,pubescens,G. Lawson,Fernald,TRUE,2207,var.,palustris,Schott,null,04/24/1992,"Croom Wildlife Management Area, Withlacoochee State Forest, ca. 2 mi. SSE of Nobleton. T21S, R21E, Sec. 31.",May 2014,Moist hammock between canoe launch and group camping area.,null,null,null,null,null,null,null,null,null,null,FALSE,Hog Island Recreation Area,-82.25,28.6333
48039,25461,O. K. Lakela,"J.S. Allen, G.R. Cooley, R. Lassiter, J.A. Lassiter",Citrus Co.,Thelypteridaceae,Thelypteris,null,null,19986,null,null,null,TRUE,2841,null,reptans,J. F. Gmel.,C. V. Morton,10/21/1962,Contact USF Herbarium if additional information is required,Jul 1988,"Limestone formations; remnants of ancient fern grottoes and primary hammock association of notably large trees; Quercus, Ulmus, and Carya spp. over outcrops, Distichum [Taxodium distichum?] in marshy borders.",Fertile,null,null,null,null,null,null,null,null,null,TRUE,null,null,null
55412,25929,O. K. Lakela,"R. Lassiter, J.A. Lassiter",Citrus Co.,Thelypteridaceae,Thelypteris,null,null,19990,null,null,null,TRUE,2841,null,reptans,J. F. Gmel.,C. V. Morton,05/06/1963,Contact USF Herbarium if additional information is required,Jul 1988,Limestone formations; remnants of ancient fern grottoes and associations of notably large trees.,Fertile,null,null,null,null,Principal fern on vertical walls of limestone.,null,null,null,null,TRUE,null,null,null
48049,25471,O. K. Lakela,"J.S. Allen, G.R. Cooley, R. Lassiter, J.A. Lassiter",Citrus Co.,Thelypteridaceae,Thelypteris,null,null,100220,null,null,null,TRUE,2838,null,tetragona,Sw.,Small ex R.P.St.John,10/21/1962,"Withlacoochee River, E of Pineola.",Jul 1988,"Moist rock hollows, limestone formations in remnants of ancient fern grottoes and primary hammock association of notably large trees, with Quercus, Ulmus, and Carya spp. over outcrops, Distichum [Taxodium distichum ?] in marshy borders.",null,null,null,null,null,null,null,null,null,null,FALSE,null,-82.272868,28.688879
53158,25465a,O. K. Lakela,"J.S. Allen, G.R. Cooley, R. Lassiter, J.A. Lassiter",Citrus Co.,Thelypteridaceae,Thelypteris,null,null,100238,null,null,null,TRUE,2838,null,tetragona,Sw.,Small ex R.P.St.John,10/21/1962,"Withlacoochee River, E of Pineola.",1994,"Limestone formations in remnants of ancient fern grottoes and primary hammock association of notably large trees; with Quercus, Ulmus, and Carya spp. over outcrops, Distichum [Taxodium distichum ?] in marshy borders.",Fertile,null,null,null,null,Basal veins of adjacent segments joined.,null,null,null,null,FALSE,null,-82.272868,28.688879
228883,19774,S. L. Orzell,E.L. Bridges,Sumter Co.,Apiaceae,Tiedemannia,null,null,90294,filiformis,null,null,TRUE,3233,subsp.,filiformis,Walter,Feist & S.R. Downie,06/29/1992,"On N side of Center Grade Road, ca. 1.3 mi. E of jct FL 471, near Weeks Pond and N of Gator Hole Slough, ca. 7.7 mi. S of the junction with FL 50 at Tarrytown. T23S, R23E, Sec. 29, NW¼.",Apr 2012,Open cypress [Taxodium] depression with grassy groundcover. Soils - Vero (Alfic Haplaquods).,Flower,null,null,null,null,null,null,90,92,ft,FALSE,Withlacoochee State Forest,-82.03611111,28.45833333
185064,10359,B. F. Hansen,"R.P. Wunderlin, N. Mawhinney",Sumter Co.,Bromeliaceae,Tillandsia,null,null,95310,null,null,null,TRUE,2022,null,bartramii,Elliott,null,04/02/1985,"Along dirt road 1 mi. NE of FL 48, ca. 1 mi. E of Withlacoochee River; 3 mi. NW of Wahoo. T20S, R21E, Sec. 20, SE¼ of SE¼.",null,null,Bud,null,null,null,null,null,null,null,null,null,FALSE,null,-82.1833,28.6833
9560,6493,G. R. Cooley,R.J. Eaton,Citrus Co.,Bromeliaceae,Tillandsia,null,null,95293,null,null,null,TRUE,2022,null,bartramii,Elliott,null,04/22/1959,"Between Tsala Apopka Lake and Withlacoochee River. T20S, R21E, Sec. 9.",26 Feb 1981,Hammock.,Flower,null,null,null,null,Epiphyte; flowers rich dark purple.,null,null,null,null,FALSE,null,-81.8167,28.35
161040,342,G. Robinson,,Sumter Co.,Bromeliaceae,Tillandsia,null,null,95294,null,null,null,TRUE,2022,null,bartramii,Elliott,null,09/29/1981,"Along the Little Withlacoochee River, ca. 5 mi. SE of Tarrytown. T23S, R23E, Sec. 9, NW¼.",null,Cypress [Taxodium] slough.,Fruit,null,null,null,null,null,null,null,null,null,FALSE,null,-82.05,28.55
253057,2496,J. M. Kunzer,"A. Bard, J. Stout, A. Franck",Polk Co.,Bromeliaceae,Tillandsia,null,null,95245,null,null,null,TRUE,2022,null,bartramii,Elliott,null,09/03/2008,"Ca. 4.3 km SE of FL 471 bridge over the Withlacoochee River, ca. 5 km NE of junction FL 471 and US 98.",null,Fallen cypress [Taxodium].,Fruit,null,null,null,null,Epiphyte.,null,null,null,null,FALSE,Colt Creek State Park,-82.02472222,28.28611111
55430,26050,O. K. Lakela,"R. Lassiter, J.A. Lassiter",Citrus Co.,Bromeliaceae,Tillandsia,null,null,95194,null,null,null,TRUE,2022,null,bartramii,Elliott,null,05/06/1963,"Withlacoochee River, E of Pineola.",26 Feb 1981,From a fallen tree over grotto; limestone formations; remnants of ancient fern grottoes and associations of notably large trees.,Fruit,null,null,null,null,null,null,null,null,null,FALSE,null,-82.272868,28.688879
104205,1734,P. Genelle,G. Fleming,Hernando Co.,Bromeliaceae,Tillandsia,null,null,95308,null,null,null,TRUE,2022,null,bartramii,Elliott,null,01/08/1973,Croom area.,26 Feb 1981,On Quercus.,Fruit,null,null,null,null,null,null,null,null,null,FALSE,Withlacoochee State Forest,-82.227588,28.587772
105085,1850,P. Genelle,G. Fleming,Hernando Co.,Bromeliaceae,Tillandsia,null,null,132786,null,null,null,TRUE,2532,null,floridana,L. B. Sm.,H. Luther,05/20/1973,Withlacoochee State Forest.,10 Sep 2016,"Richloam section, bog.",null,null,null,null,null,Epiphytic on Taxodium.,null,null,null,null,FALSE,null,-81.8167,28.35
122549,2115,P. Genelle,G. Fleming,Pasco Co.,Bromeliaceae,Tillandsia,null,null,132793,null,null,null,TRUE,2532,null,floridana,L. B. Sm.,H. Luther,06/14/1975,Withlacoochee State Forest.,10 Sep 2016,Richloam section.,Flower,null,null,null,null,Epiphytic on Taxodium.,null,null,null,null,FALSE,null,-82.172029,28.465832
270769,6996,G. R. Cooley,"R.J. Eaton, D.B. Ward",Levy Co.,Bromeliaceae,Tillandsia,null,null,95621,null,null,null,TRUE,2829,null,recurvata,L.,L.,09/16/1959,"Yankeetown, on island offshore at mouth of Withlacoochee River.",null,null,null,Fruit,null,null,null,Survives salt air.,null,null,null,null,FALSE,null,-82.823055,29.031521
43138,8209,G. R. Cooley,R.J. Eaton,Hernando Co.,Bromeliaceae,Tillandsia,null,null,95446,null,null,null,TRUE,717,null,setacea,Sw.,null,05/01/1961,"FL 50, SW of Withlacoochee.  T23S, R22E, Sec. 4.",02 Mar 1981,"Magnolia - live oak [Quercus virginiana] hammock, with Osmanthus [Cartrema], Liquidambar, Ulmus floridana [U. americana], Callicarpa, Morinda royoc [??], and Serenoa.",Fertile,null,null,null,null,Epiphytic on tree trunks nearer the ground than other Tillandsia spp.; leaves green; all plants in fruit.,null,null,null,null,FALSE,null,-81.8167,28.35
253073,2507,J. M. Kunzer,"A. Bard, J. Stout, A. Franck",Polk Co.,Bromeliaceae,Tillandsia,null,null,95412,null,null,null,TRUE,717,null,setacea,Sw.,null,09/03/2008,"Ca. 4.4 km SSE of the FL 471 bridge over th Withlacoochee River, ca. 4 km NE of the junction of FL 471 and US 98.",null,Mesic hammock.,Fertile,null,null,null,null,Epiphyte on Quercus virginiana.,null,null,null,null,FALSE,Colt Creek State Park,-82.0325,28.27666667
253133,2549,J. M. Kunzer,"G. Dauphin, C. Eckert",Polk Co.,Bromeliaceae,Tillandsia,null,null,95319,null,null,null,TRUE,1219,null,simulata,Small,null,09/26/2008,"Ca. 2.5 km SSE of the FL 471 bridge over the Withlacoochee River, ca. 5.1 km NNE of the junction of FL 471 and US 98.",null,Mesic flatwoods.,Fertile,null,null,null,null,Epiphyte in lone Quercus virginiana.,null,null,null,null,FALSE,Colt Creek State Park,-82.04361111,28.29388889
108168,1910,P. Genelle,G. Fleming,Hernando Co.,Bromeliaceae,Tillandsia,null,null,95283,null,null,null,TRUE,1219,null,simulata,Small,null,11/18/1973,"Fire Tower Road, Richloam section.",02 Mar 1981,null,Fertile,null,null,null,null,Epiphyte on oak.,null,null,null,null,FALSE,Withlacoochee State Forest,-82.1,28.5
246535,2516,J. M. Kunzer,"A. Bard, J. Stout, A. Franck",Polk Co.,Bromeliaceae,Tillandsia,null,null,28826,null,null,null,TRUE,2849,null,utriculata,L.,null,09/03/2008,Contact USF Herbarium if additional information is required,null,Mesic hammock.,Fruit,null,null,null,null,Epiphyte on Quercus virginiana.,null,null,null,null,TRUE,Colt Creek State Park,null,null
246566,2503,J. M. Kunzer,"A. Bard, J. Stout, A.R. Franck",Polk Co.,Linderniaceae,Torenia,null,null,65529,null,null,null,TRUE,1508,null,crustacea,L.,Cham. & Schltdl.,09/03/2008,"Ca. 4.4 km SSE of FL 471 bridge over the Withlacoochee River, ca. 4 km NE of junction FL 471 and US 98.",18-Apr-2017,Shallow roadside ditch in mesic hammock.,Flower,Immature Fruit,null,null,null,null,null,null,null,null,FALSE,Colt Creek State Park,-82.0325,28.27666667
185031,10381,B. F. Hansen,"R.P. Wunderlin, N. Mawhinney",Sumter Co.,Anacardiaceae,Toxicodendron,null,null,8582,null,null,null,TRUE,3476,null,radicans,L.,Kuntze,04/02/1985,"Along dirt road 1 mi. NE of FL 48, ca. 1 mi. E of Withlacoochee River; 3 mi. NW of Wahoo.  T20S, R21E, Sec. 20, SE¼ of SE¼.",null,null,Flower,null,null,null,null,null,null,null,null,null,FALSE,null,-82.1833,28.6833
27811,8057,G. R. Cooley,"A.S. Pease, O. Lakela",Sumter Co.,Anacardiaceae,Toxicodendron,null,null,8594,null,null,null,TRUE,3476,null,radicans,L.,Kuntze,04/07/1961,Withlacoochee Development Project.,1975,"Mixed wood, low area.",Immature Fruit,null,null,null,null,"Climbing vines with aerial roots, to 10 m high.  One stem 4.5 cm in diameter.  Flower whitish; fruit green at this time.  Excretion poisonous to human skin.",null,null,null,null,FALSE,null,-81.8167,28.35
246307,13242,B. F. Hansen,J. Hansen,Hamilton Co.,Commelinaceae,Tradescantia,null,null,67249,null,null,null,TRUE,2992,null,ohiensis,Raf.,null,06/13/2008,"Along the N side of FL 6, 0.25 mi. E of the Withlacoochee River Bridge, ca. 1.5 mi. W of Blue Springs.  T1N, R11E, Sec. 17, SW¼.",null,Mixed deciduous forest and weedy edges.,Flower,null,null,null,null,null,null,null,null,null,FALSE,null,-81.8167,28.35
55234,25809,O. K. Lakela,,Citrus Co.,Commelinaceae,Tradescantia,null,null,67275,null,null,null,TRUE,2992,null,ohiensis,Raf.,null,04/13/1963,"Withlacoochee River, SE of Floral City.",1985,"Marsh, in deep shade of rich hardwoods.",Flower,null,null,null,null,null,null,null,null,null,FALSE,null,-81.8167,28.35
227180,2336,M. T. Strong,,Sumter Co.,Euphorbiaceae,Tragia,null,null,56013,null,null,null,TRUE,3581,null,urens,L.,null,22-23 May 2000,"NW side of FL 44, 1.6 km W of its junction with FL 475, ca. 9 km ENE of the Withlacoochee River (where FL 44 crosses it), and 9.6 km W of Wildwood.",Jan 2001,Longleaf pine [Pinus palustris] - turkey oak [Quercus laevis] sandhills.,Fruit,null,null,null,null,null,null,null,null,null,FALSE,null,-82.038974,28.865264
227667,19739,S. L. Orzell,E.L. Bridges,Citrus Co.,Euphorbiaceae,Tragia,null,null,55975,null,null,null,TRUE,3581,null,urens,L.,null,06/29/1992,"Just E of section line road, ca. 1.4 mi. S of Fivemile Pond, ca. 3.5 air mi. S of FL 44, ca. 10 air mi. E of Homosassa Springs.  T19S, R19E, Sec. 27, SW¼.",null,Mature burned longleaf pine [Pinus palustris] sandhill savanna.  Soils - Lakeland (Typic Quartzipsamments).,Flower,Fruit,null,null,null,null,null,100,130,ft,FALSE,Withlacoochee State Forest,-82.4025,28.80472222
210255,392,C. vanHoek,R. Alboth,Hernando Co.,Euphorbiaceae,Tragia,null,null,56046,null,null,null,TRUE,2699,null,urticifolia,Michx.,null,04/24/1994,"Citrus Wildlife Management Area; ca. 0.6 mi. S of C-480 [in Citrus County], ca. 0.4 mi. E of State Forest Road 13.  T21S, R19E, Sec. 5, NE¼ of NE¼.",null,"Dry, rocky ridge.",Flower,null,null,null,null,null,null,null,null,null,FALSE,Withlacoochee State Forest,-81.8167,28.35
210267,391,C. vanHoek,R. Alboth,Citrus Co.,Euphorbiaceae,Tragia,null,null,56047,null,null,null,TRUE,2699,null,urticifolia,Michx.,null,04/24/1994,"Citrus Wildlife Management Area; ca. 0.5 mi. S of C-480, ca. 0.5 mi. E of State Forest Road 13.  T20S, R19E, Sec. 32, SE¼ of SE¼.",null,"Dry, rocky ridge.",Flower,null,null,null,null,null,null,null,null,null,FALSE,Withlacoochee State Forest,-82.45,28.8667
56011,26474,O. K. Lakela,,Sumter Co.,Hymenophyllaceae,Trichomanes,null,null,22688,floridanum,Wess. Boer,null,TRUE,1122,subsp.,punctatum,Poir.,null,09/21/1963,Contact USF Herbarium if additional information is required,null,Hammock of interspersed flat limestone outcrops with overhead of magnificent oak association; ferns frequent in understory.,Fertile,null,null,null,null,Matted with Asplenium sp. in pockets of vertical low ledges.,null,null,null,null,TRUE,null,null,null
15825,6958,G. R. Cooley,"R.J. Eaton, D.B. Ward",Levy Co.,Lamiaceae,Trichostema,null,null,58347,null,null,null,TRUE,3638,null,dichotomum,L.,null,09/16/1959,Second island off the mouth of the Withlacoochee River.,Aug 2002,null,Flower,null,null,null,null,Common here; corolla blue with white streaks.,null,null,null,null,FALSE,null,-81.8167,28.35
252811,2530,J. M. Kunzer,"G. Dauphin, C. Eckert",Polk Co.,Lamiaceae,Trichostema,null,null,58352,null,null,null,TRUE,3638,null,dichotomum,L.,null,09/26/2008,"Ca. 2.5 km SSE of FL 471 bridge over the Withlacoochee River, ca. 5.1 km NNE of the junction of FL 471 and US 98.",null,Disturbed area in flatwoods.,Flower,Fruit,null,null,null,null,null,null,null,null,FALSE,Colt Creek State Park,-82.04527778,28.29388889
245082,3671,M. T. Strong,,Sumter Co.,Lamiaceae,Trichostema,null,null,58542,null,null,null,TRUE,3638,null,dichotomum,L.,null,08/27/2006,"Florida National Cemetery, Bushnell; ca. 9.7 km (by air) SW of Bushnell, bordering Withlacoochee State Forest.",null,Edge of dry woods along powerline right-of-way on cemetery grounds.,Flower,Fruit,null,null,null,null,null,null,null,null,FALSE,null,-82.112863,28.664992
120708,2185,P. Genelle,G. Fleming,Pasco Co.,Lamiaceae,Trichostema,null,null,58676,null,null,null,TRUE,3638,null,dichotomum,L.,null,08/09/1975,Clay Sink Road.,Aug 2002,"Along torn-up railroad bed, dry soil.",Fruit,null,null,null,null,null,null,null,null,null,FALSE,Withlacoochee State Forest,-82.172029,28.465832
208658,381,C. vanHoek,S. Petty,Citrus Co.,Poaceae,Tridens,null,null,43008,flavus,null,null,TRUE,3403,var.,flavus,L.,Hitchc.,10/22/1993,"Behind check station, off TR10 at Holder Mine Recreational Area. T19S, R19E, Sec. 26.",null,"Dry, disturbed oak hammock.",Fertile,null,null,null,null,null,null,null,null,null,FALSE,Withlacoochee State Forest,-82.4167,28.9667
206464,316,C. vanHoek,S. Petty,Sumter Co.,Poaceae,Tridens,null,null,43031,flavus,null,null,TRUE,3403,var.,flavus,L.,Hitchc.,10/16/1992,"Withlacoochee State Forest; Hog Island Recreation Area, Hog Island Nature Trail; St. #5, ca. 2 mi. SSE of Nobelton. T21S, R21E, Sec. 31.",null,null,Fertile,null,null,null,null,null,null,null,null,null,FALSE,Croom Widlife Management Area,-82.2167,28.5833
248137,2720,J. M. Kunzer,,Polk Co.,Fabaceae,Trifolium,null,null,31653,null,null,null,TRUE,2004,null,repens,L.,null,02/19/2009,"Along channelized Colt Creek, ca. 2.5 km SE of FL 471 bridge over the Withlacoochee River, ca. 5.3 km NNE of the junction of FL 471 and US 98.",null,Dry bank of channelized creek.,Flower,null,null,null,null,null,null,null,null,null,FALSE,Colt Creek State Park,-82.03972222,28.29416667
246510,2332,J. M. Kunzer,"A. Bard, S. Spaulding",Polk Co.,Campanulaceae,Triodanis,null,null,107492,null,null,null,TRUE,794,null,biflora,Ruiz & Pav.,Greene,04/03/2008,"Ca. 2.1 km SE of FL 471 bridge over the Withlacoochee River, ca. 6.3 km NE of junction FL 471 and US 98.",null,Ditch in pasture.,Fertile,null,null,null,null,null,null,null,null,null,FALSE,Colt Creek State Park,-82.03666667,28.30305556
104651,1719,P. Genelle,G. Fleming,Citrus Co.,Campanulaceae,Triodanis,null,null,107489,null,null,null,TRUE,794,null,biflora,Ruiz & Pav.,Greene,04/15/1973,C-480 and C-491.,1996,"Roadside ditch, sandy, full sun.",Fertile,null,null,null,null,null,null,null,null,null,FALSE,Withlacoochee State Forest,-81.8167,28.35
104750,1776,P. Genelle,G. Fleming,Hernando Co.,Campanulaceae,Triodanis,null,null,107573,null,null,null,TRUE,3389,null,perfoliata,L.,Nieuwl.,04/22/1973,"Withlacoochee State Forest, Croom section road edge where river enters Silver Lake.",1996,"Damp, shaded, loam.",Fertile,null,null,null,null,null,null,null,null,null,FALSE,null,-82.227588,28.587772
193037,85,C. vanHoek,,Pasco Co.,Poaceae,Triplasis,null,null,42909,null,null,null,TRUE,3917,null,americana,P. Beauv.,null,10/17/1987,"Richloam Wildlife Management Area; at the beginning of High Bluffs river run of the Withlacochee River. T23S, R22E, Sec. 20.",null,"High, sandy, riverine bluffs.",Fertile,null,null,null,null,null,null,null,null,null,FALSE,Withlacoochee State Forest,-82.172029,28.465832
206458,321,C. vanHoek,,Sumter Co.,Poaceae,Triplasis,null,null,42910,null,null,null,TRUE,3917,null,americana,P. Beauv.,null,10/16/1992,"Croom Wildlife Management Area, Hog Island, Hog Island Nature Trail, Station #21; SSE of Nobleton. T21S, R21E, Sec. 31.",null,null,Fertile,null,null,null,null,null,null,null,null,null,FALSE,Withlacoochee State Forest,-82.25,28.6333
208660,380,C. vanHoek,S. Petty,Citrus Co.,Poaceae,Triplasis,null,null,42923,null,null,null,TRUE,3917,null,americana,P. Beauv.,null,10/22/1993,"Holder Mine Recreational Area; ca. 0.5 mi. N of Trail 10, behind the check station. T19S, R19E, Sec. 26.",null,Sandhill / rosemary [Ceratiola ericoides] scrub.,Fertile,null,null,null,null,null,null,null,null,null,FALSE,Withlacoochee State Forest,-82.4167,28.9667
210858,394,C. vanHoek,S. Petty,Citrus Co.,Poaceae,Triplasis,null,null,42935,null,null,null,TRUE,3472,null,purpurea,Walter,Chapm.,06/28/1994,"Ca. 0.5 mi. S of FL 44 in Inverness, E side of FR [Forest Road] 15, Citrus Wildlife Management Area. T19S, R19E, Sec. 6.",null,"Dry, sandy area bordering a sand pine [Pinus clausa] scrub.",Fertile,null,null,null,null,null,null,null,null,null,FALSE,Withlacoochee State Forest,-82.330372,28.835818
183656,s.n.,T. F. Rochow,,Sumter Co.,Poaceae,Tripsacum,null,null,42897,null,null,null,TRUE,3607,null,dactyloides,L.,L.,08/01/1984,"S of Stanley Fish Hole on Withlacoochee River, Green Swamp Flood Detention Area of Southwest Florida Water Management District. T25S, R23E, Sec. 9.",null,Saw palmettos [Serenoa repens] in hardwood forest.,Fertile,null,null,null,null,null,null,null,null,null,FALSE,null,-84.6667,30.2333
185059,10366,B. F. Hansen,"R.P. Wunderlin, N. Mawhinney",Sumter Co.,Ulmaceae,Ulmus,null,null,8495,null,null,null,TRUE,3530,null,americana,L.,null,04/02/1985,"Along dirt road 1 mi. NE of FL 48, ca. 1 mi. E of Withlacoochee River; 3 mi. NW of Wahoo.  T20S, R21E, Sec. 20, SE¼ of SE¼.",null,null,null,null,null,null,null,null,null,null,null,null,FALSE,null,-82.1833,28.6833
10286,7242,G. R. Cooley,"J.D. Ray, Jr.",Hernando Co.,Ulmaceae,Ulmus,null,null,8500,null,null,null,TRUE,3530,null,americana,L.,null,01/06/1960,Withlacoochee River.,1974,Upper flood banks.,Flower,Immature Fruit,null,null,null,"12 m tall, 2 dm dbh.",null,null,null,null,FALSE,null,-81.8167,28.35
161587,447,G. Robinson,,Sumter Co.,Malvaceae,Urena,null,null,8439,null,null,null,TRUE,1364,null,lobata,L.,null,09/09/1981,"Along Little Withlacoochee River ca. 5 mi. SE of Tarrytown and 2.25 mi. E of the Sumter County line.  T23S, R23E, Sec. 9, NW¼.",null,Cypress [Taxodium] slough.,null,null,null,null,null,null,null,null,null,null,FALSE,null,-82.054526,28.554997
252818,2521,J. M. Kunzer,"G. Dauphin, C. Eckert",Polk Co.,Malvaceae,Urena,null,null,45090,null,null,null,TRUE,1364,null,lobata,L.,null,09/26/2008,"Ca. 2.5 km SSE of FL 471 bridge over the Withlacoochee River, ca. 5.1 km NNE of the junction of FL 471 and US 98.",null,Mesic flatwoods.,Flower,null,null,null,null,null,null,null,null,null,FALSE,Colt Creek State Park,-82.04444444,28.29388889
255139,13511,B. F. Hansen,J. Hansen,Hamilton Co.,Poaceae,Urochloa,null,null,52933,null,null,null,TRUE,167,null,ramosa,L.,T. Q. Nguyen,09/19/2008,"Along C-141 at the E side of the Withlacoochee River bridge, ca. 2 mi. N of Ellaville.  T1S, R11E, Sec. 12, NW¼ of SW¼.",null,Flatwoods roadside.,Fertile,null,null,null,null,null,null,null,null,null,FALSE,null,-81.8167,28.35
246534,2319,J. M. Kunzer,"A. Bard, S. Spaulding",Polk Co.,Urticaceae,Urtica,null,null,109801,null,null,null,TRUE,3889,null,chamaedryoides,Pursh,null,04/03/2008,"Ca. 4.8 km SE of FL 471 bridge over the Withlacoochee River, ca. 3.2 km NNE of junction with FL 471 and US 98.",null,Pasture.,Fertile,null,null,null,null,Ascending herb.,null,null,null,null,FALSE,Colt Creek State Park,-82.0425,28.26777778
48086,25458,O. K. Lakela,"J.S. Allen, G.R. Cooley",Citrus Co.,Urticaceae,Urtica,null,null,109817,null,null,null,TRUE,3889,null,chamaedryoides,Pursh,null,10/21/1962,"Withlacoochee Ricer, E of Pineola.",1983,"Limestone formations; ancient fern grottoes and primary hammock association of notably large trees, Quercus, Ulmus and Carya spp. over outcrops; Distichum in marshy borders.",Fertile,null,null,null,null,null,null,null,null,null,FALSE,null,-82.272868,28.688879
55410,25927,O. K. Lakela,"R. Lassiter, J.A. Lassiter",Citrus Co.,Urticaceae,Urtica,null,null,109798,null,null,null,TRUE,3889,null,chamaedryoides,Pursh,null,05/06/1963,"Withlacoochee River, E of Pineola.",1983,Limestone formations; remnants of ancient fern grottoes and associations of notably large trees; moist shady crevices.,Fertile,null,null,null,null,null,null,null,null,null,FALSE,null,-82.272868,28.688879
264144,11503,L. Baltzell,,Hernando Co.,Lentibulariaceae,Utricularia,null,null,80039,null,null,null,TRUE,2728,null,foliosa,L.,null,11/08/1981,"River Road along Little Withlacoochee River, 0.3 mi. W of FL 471, 6.25 mi. NE of Ridge Manor.",May 2000,Roadside pools.,Bud,null,null,null,null,Several plants; flowers yellow.,null,null,null,null,FALSE,null,-81.8167,28.35
27388,8040,G. R. Cooley,"A.S. Pease, O. Lakela",Sumter Co.,Lentibulariaceae,Utricularia,null,null,29619,null,null,null,TRUE,3337,null,inflata,Walter,null,04/06/1961,Withlacoochee Development Project.,null,Floating in fresh water of cypress [Taxodium] ponds.,Flower,Fruit,null,null,null,null,null,null,null,null,FALSE,null,-81.8167,28.35
105093,1858,P. Genelle,G. Fleming,Hernando Co.,Lentibulariaceae,Utricularia,null,null,29588,null,null,null,TRUE,3337,null,inflata,Walter,null,05/20/1973,Yankee Swamp.,null,Cypress [Taxodium] bog.,Flower,null,null,null,null,null,null,null,null,null,FALSE,Withlacoochee State Forest,-81.8167,28.35
108297,1894,P. Genelle,G. Fleming,Hernando Co.,Lentibulariaceae,Utricularia,null,null,29539,null,null,null,TRUE,3160,null,purpurea,Walter,null,11/18/1973,"Richloam Section; Watch Tower Road, off FL 50.",null,Swampy.,Flower,null,null,null,null,null,null,null,null,null,FALSE,Withlacoochee State Forest,-82.1,28.5
27813,8018,G. R. Cooley,"A.S. Pease, O. Lakela",Sumter Co.,Ericaceae,Vaccinium,null,null,80532,null,null,null,TRUE,3946,null,arboreum,Marshall,null,04/05/1961,Withlacoochee Development Project.,null,Along margin of longleaf pine [Pinus palustris] - oak forest.,Flower,null,null,null,null,4 m tall; flowers white.,null,null,null,null,FALSE,null,-81.8167,28.35
245081,3669,M. T. Strong,,Sumter Co.,Ericaceae,Vaccinium,null,null,80763,null,null,null,TRUE,3946,null,arboreum,Marshall,null,08/27/2006,"Florida National Cemetery, Bushnell; ca. 9.7 km (by air) SW of Bushnell, bordering Withlacoochee State Forest.",null,Edge of hammock on cemetery grounds.,Fruit,null,null,null,null,Berries reddish to reddish black.,null,null,null,null,FALSE,null,-82.112863,28.664992
55472,26052,O. K. Lakela,"R. Lassiter, J.A. Lassiter",Citrus Co.,Ericaceae,Vaccinium,null,null,80457,null,null,null,TRUE,3946,null,arboreum,Marshall,null,06/03/1963,"Withlacoochee River, E of Pineola.",null,Limestone formations; remnantts of ancient fern grottoes and associations of notably large trees.,null,null,null,null,null,Trees to 4 m tall; bark shreddy; sterile condition.,null,null,null,null,FALSE,null,-82.272868,28.688879
104634,1749,P. Genelle,G. Fleming,Citrus Co.,Ericaceae,Vaccinium,null,null,80773,null,null,null,TRUE,3946,null,arboreum,Marshall,null,04/15/1973,"FL 480, S edge of forest area.",null,Sandy cut above road.,Flower,null,null,null,null,null,null,null,null,null,FALSE,Withlacoochee State Forest,-81.8167,28.35
104743,1769,P. Genelle,G. Fleming,Hernando Co.,Ericaceae,Vaccinium,null,null,80833,null,null,null,TRUE,3946,null,arboreum,Marshall,null,04/22/1973,Croom Section; road to Silver Lake Recreation Area.,null,"Dry, sandy, partial shade.",Flower,null,null,null,null,null,null,null,null,null,FALSE,Withlacoochee State Forest,-82.227588,28.587772
105089,1854,P. Genelle,G. Fleming,Hernando Co.,Ericaceae,Vaccinium,null,null,8248,null,null,null,TRUE,3689,null,corymbosum,L.,null,05/20/1973,Tower Road.,1978,"Damp, partial shade.",Fruit,null,null,null,null,null,null,null,null,null,FALSE,Withlacoochee State Forest,-81.8167,28.35
214560,16126,S. L. Orzell,E.L. Bridges,Hamilton Co.,Ericaceae,Vaccinium,null,null,8349,null,null,null,TRUE,3689,null,corymbosum,L.,null,03/21/1991,"Unnamed tributary to Withlacoochee River, ca. 1 air mi. NW of the junction of FL 143 and FL 146, ca. 1.6 air mi. S of Octahatchee.  T2N, R11E, Sec. 23, NE¼ of NW¼ of SW¼.",Oct 2000,"Mesic mixed hardwood slope forest, adjacent to elongate sinkholes; community dominated by Fagus grandifolia, Magnolia grandiflora, and Carya spp.",Flower,null,null,null,null,null,null,90,110,ft,FALSE,null,-83.19694444,30.55833333
154600,s.n.,T. F. Rochow,,Sumter Co.,Ericaceae,Vaccinium,null,null,8247,null,null,null,TRUE,3689,null,corymbosum,L.,null,03/12/1980,"Green Swamp, along Little Withlacoochee River.",null,Mixed hardwood - cypress [Taxodium] forest.,Flower,null,null,null,null,null,null,null,null,null,FALSE,null,-81.8167,28.35
27396,8069,G. R. Cooley,"A.S. Pease, O. Lakela",Sumter Co.,Ericaceae,Vaccinium,null,null,80107,null,null,null,TRUE,742,null,darrowii,Camp,null,04/06/1961,Withlacoochee Development Project.,null,Longleaf pine [Pinus palustris] forest.,Immature Fruit,null,null,null,null,"Frequent, to 7 dm high; foliage and fruit glaucous.",null,null,null,null,FALSE,null,-81.8167,28.35
27399,8067,G. R. Cooley,"A.S. Pease, O. Lakela",Sumter Co.,Ericaceae,Vaccinium,null,null,8169,null,null,null,TRUE,653,null,myrsinites,Lam.,null,04/07/1961,Withlacoochee Development Project.,null,Margins of longleaf pine [Pinus palustris] forest.,Immature Fruit,null,null,null,null,Shrubs 3-4 dm high; aspect green.,null,null,null,null,FALSE,null,-81.8167,28.35
104831,1827,P. Genelle,G. Fleming,Sumter Co.,Ericaceae,Vaccinium,null,null,8208,null,null,null,TRUE,653,null,myrsinites,Lam.,null,05/05/1973,River Road.,null,"Full sun, sandy pinelands.",Fruit,null,null,null,null,null,null,null,null,null,FALSE,Withlacoochee State Forest,-81.8167,28.35
227766,19114,S. L. Orzell,E.L. Bridges,Sumter Co.,Ericaceae,Vaccinium,null,null,8166,null,null,null,TRUE,653,null,myrsinites,Lam.,null,03/02/1992,"N side of Center Grade Road, ca. 1.3 mi. W of its junction with FL 471, near Weeks Pond and N of Gator Hole Slough, ca. 7.7 mi. S of the junction with FL 50 at Tarrytown.  T23S, R23E, Sec. 29, NW¼.",null,Wet marly pine flatwoods and cypress [Taxodium] pond edges.  Soils - Vero (Alfic Haplaquods).,Flower,null,null,null,null,null,null,90,92,ft,FALSE,Withlacoochee State Forest,-82.03611111,28.45833333
48119,25450,O. K. Lakela,"J.S. Allen, G.R. Cooley, R. Lassiter, J.A. Lassiter",Citrus Co.,Caprifoliaceae,Valeriana,null,null,83803,null,null,null,TRUE,3383,null,scandens,L.,null,10/21/1962,"Withlacoochee River, E of Pineola.",1976,"Limestone formations, remnants of ancient fern grottoes and primary hammock association of notably large trees, Quercus, Ulmus and Carya spp. Over outcrops; Distichum [Taxodium distichum] in marshy borders.",Flower,null,null,null,null,Entwined on low herbs; fetid.,null,null,null,null,FALSE,null,-82.272868,28.688879
55388,25924,O. K. Lakela,"R. Lassiter, J.A. Lassiter",Citrus Co.,Caprifoliaceae,Valeriana,null,null,83808,null,null,null,TRUE,3383,null,scandens,L.,null,05/06/1963,"Withlacoochee River, E of Pineola.",null,"Limestone formations, remnants of ancient fern grottoes and associations of notably large trees.",Immature Fruit,null,null,null,null,Preanthesis.,null,null,null,null,FALSE,null,-82.272868,28.688879
104722,1751,P. Genelle,G. Fleming,Hernando Co.,Scrophulariaceae,Verbascum,null,null,27878,null,null,null,TRUE,508,null,virgatum,Stokes,null,04/22/1973,"Croom Road, SE edge of State Forest.",1976,"Roadside ditch, dry, sandy, full sun.",Fruit,null,null,null,null,null,null,null,null,null,FALSE,Withlacoochee State Forest,-82.227588,28.587772
104639,1742,P. Genelle,G. Fleming,Citrus Co.,Verbenaceae,Verbena,null,null,64508,null,null,null,TRUE,2888,null,halei,Small,null,04/15/1973,FL 480.,1980,"Roadside, sandy, full sun.",Fertile,null,null,null,null,null,null,null,null,null,FALSE,Withlacoochee State Forest,-81.8167,28.35
246602,2508,J. M. Kunzer,"A. Bard, J. Stout, A.R. Franck",Polk Co.,Verbenaceae,Verbena,null,null,64465,null,null,null,TRUE,1617,null,montevidensis,Spreng.,null,09/03/2008,"Ca. 2 km SE of FL 471 bridge over the Withlacoochee River, ca. 6 km NE of junction FL 471 and US 98.",Jun 2010,Overgrown pasture.,Fertile,null,null,null,null,Robust herb ca. 1.5 m tall.,null,null,null,null,FALSE,Colt Creek State Park,-82.04027778,28.3
9520,6946,G. R. Cooley,"R.J. Eaton, D.B. Ward",Levy Co.,Verbenaceae,Verbena,null,null,64090,null,null,null,TRUE,1029,null,scabra,Vahl,null,09/16/1959,"Bank of Withlacoochee River, Yankeetown.",1984,null,Fruit,null,null,null,null,Branching perennial.,null,null,null,null,FALSE,null,-82.823055,29.031521
252954,2325,J. M. Kunzer,"A. Bard, S. Spaulding",Polk Co.,Verbenaceae,Verbena,null,null,64076,null,null,null,TRUE,1029,null,scabra,Vahl,null,04/03/2008,"Ca. 4.8 km SE of FL 471 bridge over Withlacoochee River, ca. 3.2 km NNE of the junction of FL 471 and US 98.",null,Roadside ditch traversing flatwoods.,Bud,null,null,null,null,null,null,null,null,null,FALSE,Colt Creek State Park,-82.03694444,28.27222222
253099,2572,J. M. Kunzer,"G. Dauphin, C. Eckert",Polk Co.,Asteraceae,Verbesina,null,null,45661,null,null,null,TRUE,3454,null,virginica,L.,null,09/26/2008,"Ca. 2.2 km SSE of FL 471 bridge over the Withlacoochee River, ca. 5.5 km NNE of the junction of FL 471 and US 98.",null,Disturbed hammock edge.,Flower,null,null,null,null,Robust herb to 2.2 m tall.,null,null,null,null,FALSE,Colt Creek State Park,-82.04194444,28.29388889
55971,26453,O. K. Lakela,,Sumter Co.,Asteraceae,Verbesina,null,null,33221,null,null,null,TRUE,3454,null,virginica,L.,null,09/21/1963,"Indian Field Ledges, E of Withlacoochee River off C-48.",1971,Hammock of interspersed flat limestone outcrops with overhead of oak and ferns frequent in understory.,Bud,null,null,null,null,Frequent.,null,null,null,null,FALSE,null,-81.8167,28.35
232028,2779,M. T. Strong,,Citrus Co.,Asteraceae,Vernonia,null,null,33000,null,null,null,TRUE,3272,null,angustifolia,Michx.,null,08/26/2001,"Withlacoochee State Forest; 0.2 to 0.6km S of C-480, 2.5km E of C-491, 13km SW of Jumeau, 10km NE of Bailey Hill; along sand road.",null,Longleaf pine [Pinus palustris] sandhill.,Fertile,null,null,null,null,Disk corolla purple.,null,null,null,null,FALSE,null,-82.3,28.7167
14111,6952,G. R. Cooley,"R.J. Eaton, D.B. Ward",Levy Co.,Asteraceae,Vernonia,null,null,33066,null,null,null,TRUE,3255,null,gigantea,Walter,Trel. ex Branner & Coville,09/16/1959,2nd island from the mouth of the Withlacoochee River.,null,"Shell conglomerate, sand, and some organic matter.",Fertile,null,null,null,null,Disk corolla purple; 13 flowers counted in one head.,null,null,null,null,FALSE,null,-81.8167,28.35
2502,7851,R. Kral,,Sumter Co.,Asteraceae,Vernonia,null,null,33078,null,null,null,TRUE,3255,null,gigantea,Walter,Trel. ex Branner & Coville,08/13/1958,"Sumter Citrus Wildlife Management Area, W of Bushnell, on Withlacoochee River.",null,River bottoms.,Fertile,null,null,null,null,null,null,null,null,null,FALSE,null,-82.112863,28.664992
246505,2324,J. M. Kunzer,"A. Bard, S. Spaulding",Polk Co.,Plantaginaceae,Veronica,null,null,64606,null,null,null,TRUE,3343,null,peregrina,L.,null,04/03/2008,"Ca. 5.6 km SSE of the FL 471 bridge over Withlacoochee River, ca. 3.2 km NNE of the junction of FL 471 and US 98.",null,Roadside edge of pasture.,Fertile,null,null,null,null,null,null,null,null,null,FALSE,Colt Creek State Park,-82.05444444,28.26111111
253089,2571,J. M. Kunzer,"G. Dauphin, C. Eckert",Polk Co.,Adoxaceae,Viburnum,null,null,84082,null,null,null,TRUE,3202,null,obovatum,Walter,null,09/26/2008,"Ca. 2.5 km SSE of the FL 471 bridges over Withlacoochee River, ca. 5.1 km NNE of the junction of FL 471 and US 98.",null,Ecotone between mesic flatwoods and hydric hammock.,Fruit,null,null,null,null,Shrub to ca. 3.5 m tall.,null,null,null,null,FALSE,Colt Creek State Park,-82.04361111,28.29388889
120368,2177,P. Genelle,G. Fleming,Pasco Co.,Adoxaceae,Viburnum,null,null,84014,null,null,null,TRUE,3202,null,obovatum,Walter,null,08/09/1975,Clay Sink Road.,null,Roadside.,Fruit,null,null,null,null,Ripe fruit red.,null,null,null,null,FALSE,Withlacoochee State Forest,-82.172029,28.465832
227792,19117,S. L. Orzell,E.L. Bridges,Sumter Co.,Adoxaceae,Viburnum,null,null,84069,null,null,null,TRUE,3202,null,obovatum,Walter,null,03/02/1992,"N side of Center Grade Road, ca. 1.3 mi. E of the junction with FL 471, near Weeks Pond and N of Gator Hole Slough, ca. 7.7 mi. S of the junction with FL 50 at Tarrytown.  T23S, R23E, Sec. 29, NW¼.",null,Hydric hammock.,Flower,null,null,null,null,null,null,90,92,ft,FALSE,Withlacoochee State Forest,-82.03611111,28.45833333
27826,8007,G. R. Cooley,"A.S. Pease, O. Lakela",Sumter Co.,Fabaceae,Vicia,null,null,5048,null,null,null,TRUE,2647,null,acutifolia,Elliott,null,04/05/1961,Withlacoochee Development Project,1961,In margins of longleaf pine [Pinus palustris] - oak forest.,Flower,null,null,null,null,Climbing over other herbs; flowers blue-lavender; pod 6-seeded.,Common,null,null,null,FALSE,null,-81.8167,28.35
248121,2727,J. M. Kunzer,,Polk Co.,Fabaceae,Vicia,null,null,31654,null,null,null,TRUE,2647,null,acutifolia,Elliott,null,02/19/2009,"Along channelized Colt Creek, ca. 4.75 km SE of FL 471 bridge over the Withlacoochee River, ca. 3.3 km NE of the junction of FL 471 and US 98.",null,Unpaved roadside and culvert.,Flower,null,null,null,null,Twining vine.,null,null,null,null,FALSE,Colt Creek State Park,-82.03694444,28.27333333
104844,1840 RI,P. Genelle,G. Fleming,Sumter Co.,Fabaceae,Vicia,null,null,5035,null,null,null,TRUE,2647,null,acutifolia,Elliott,null,05/06/1973,Richloam Section; FL 50.,1973,"Roadside, open sun, sand.",Flower,Fruit,null,null,null,null,null,null,null,null,FALSE,Withlacoochee State Forest,-81.8167,28.35
185054,10384,B. F. Hansen,"R.P. Wunderlin, N. Mawhinney",Sumter Co.,Fabaceae,Vicia,null,null,5134,null,null,null,TRUE,2358,null,floridana,S. Watson,null,04/02/1985,"Along dirt road 1 mi. NE of FL 48, ca. 1 mi. E of Withlacoochee River; 3 mi. NW of Wahoo. T20S, R21E, Sec. 20, SE¼ of SE¼.",1985,null,Flower,Immature Fruit,null,null,null,null,null,null,null,null,FALSE,null,-82.1833,28.6833
27814,8011,G. R. Cooley,"A.S. Pease, O. Lakela",Sumter Co.,Fabaceae,Vicia,null,null,5121,null,null,null,TRUE,2358,null,floridana,S. Watson,null,04/05/1961,Withlacoochee Development Project,1961,Longleaf pine [Pinus palustris] - oak forest.,Flower,Immature Fruit,null,null,null,Climbing by tendrils over other herbs. Corollas white to blue.,null,null,null,null,FALSE,null,-81.8167,28.35
2982,5700,G. R. Cooley,"J. Monachino, R.J. Eaton",null,Fabaceae,Vicia,null,null,5118,null,null,null,TRUE,2358,null,floridana,S. Watson,null,03/25/1958,Flood banks of the Withlacoochee River.,1958,null,Flower,Immature Fruit,null,null,null,"In dense tangle, sprawling over herbs of lawn. Flowers white or faint lavender, standard with purple lines, keel with purple tip. Strikingly different from V. acutifolia growing nearby in its broader leaves, smaller and lighter-colored flowers.",null,null,null,null,FALSE,null,-81.8167,28.35
27828,8004,G. R. Cooley,"A.S. Pease, O. Lakela",Sumter Co.,Violaceae,Viola,null,null,101932,null,null,null,TRUE,2214,null,lanceolata,L.,null,04/05/1961,null,null,Damp soil of longleaf pine [Pinus palustris] Oak [Quercus] forest.,Flower,Fruit,null,null,null,"Lip striate with rosy-purple lines or veins, three lower petals also striped with purple.",null,null,null,null,FALSE,Withlacoochee Development Project,-81.8167,28.35
253031,2346,J. M. Kunzer,,Polk Co.,Violaceae,Viola,null,null,101968,null,null,null,TRUE,2214,null,lanceolata,L.,null,04/03/2008,"Ca. 1.2 km SE of FL 471 bridge over the Withlacoochee River, ca. 6 km NNE of junction FL 471 and US 98.",null,Mowed firebreak - ecotone between poorly drained flatwoods and Taxodium dome.,Flower,Fruit,null,null,null,null,null,null,null,null,FALSE,Colt Creek State Park,-82.05222222,28.30333333
253046,2351,J. M. Kunzer,,Polk Co.,Violaceae,Viola,null,null,102179,null,null,null,TRUE,3440,null,palmata,L.,null,04/03/2008,"Ca. 1.2 km SE of FL 471 bridge over the Withlacoochee River, ca. 6 km NNE of junction FL 471 and US 98.",null,Poorly drained flatwoods.,Flower,Fruit,null,null,null,null,null,null,null,null,FALSE,Colt Creek State Park,-82.05194444,28.30222222
5918,6295,R. Kral,,Hamilton Co.,Violaceae,Viola,null,null,102151,null,null,null,TRUE,3440,null,palmata,L.,null,03/17/1958,Tributary to Withlacoochee River 2 mi. E of Belleview.,1992,High shaded banks of tributary.,Flower,null,null,null,null,Petals deep violet.,null,null,null,null,FALSE,null,-81.8167,28.35
239017,19113,S. L. Orzell,E.L. Bridges,Sumter Co.,Violaceae,Viola,null,null,102175,null,null,null,TRUE,3440,null,palmata,L.,null,03/02/1992,"N side of Center Grade Road, ca. 1.3 mi. E of junction FL 471, near Weeks Pond and N of Gator Hole Slough, ca. 7.7 mi. S of junction FL 50 at Tarrytown. T32S, R23E, Sec. 29, NW¼.",Jul 2004,Wet marly pine flatwoods and cypress [Taxodium] pond edges. Soils - Vero (Alfic Haplaquods).,Flower,null,null,null,null,null,null,90,92,ft,FALSE,Withlacoochee State Forest,-82.03611111,28.45833333
43550,8217,G. R. Cooley,"R.J. Eaton, C.E. Wood, Jr.",Sumter Co.,Violaceae,Viola,null,null,102318,null,null,null,TRUE,3459,null,primulifolia,L.,null,05/01/1961,"Withlacoochee River at FL 50 near Hernando County line. T22S, R22E, Sec. 34.",null,Cypress [Taxodium] bottom land.,Flower,Fruit,null,null,null,Stoloniferous; petals white striate with violet-purple.,null,null,null,null,FALSE,null,-84.6667,30.2333
203722,231,C. vanHoek,S. Petty,Sumter Co.,Violaceae,Viola,null,null,102408,null,null,null,TRUE,3566,null,sororia,Willd.,null,02/14/1992,"Croom portion of Withlacoochee State Forest. T21S, R21E, Sec. 31.",1992,Nature trail.,Flower,null,null,null,null,null,null,null,null,null,FALSE,Hog Island Recreation Area,-82.2167,28.5833
27738,8009,G. R. Cooley,A.S. Pease,Sumter Co.,Violaceae,Viola,null,null,102359,null,null,null,TRUE,3566,null,sororia,Willd.,null,04/05/1961,null,1992,Longleaf pine [Pinus palustris] forest.,null,null,null,null,null,"In fruit, seeds pale at this time; rhizome vertical.",null,null,null,null,FALSE,Withlacoochee Development Project,-81.8167,28.35
27389,8022,G. R. Cooley,"A.S. Pease, O. Lakela",Sumter Co.,Violaceae,Viola,null,null,102360,null,null,null,TRUE,3566,null,sororia,Willd.,null,04/05/1961,null,1992,Longleaf pine [Pinus palustris] forest.,null,null,null,null,null,null,null,null,null,null,FALSE,Withlacoochee Development Project,-81.8167,28.35
253254,2714,J. M. Kunzer,,Polk Co.,Violaceae,Viola,null,null,102340,null,null,null,TRUE,3566,null,sororia,Willd.,null,02/19/2009,"Ca. 1.85 km SSE of FL 471 bridge over the Withlacoochee River, ca. 5.5 km NNE of junction FL 471 and US 98.",null,Disturbed edge of Taxodium swamp.,Flower,null,null,null,null,null,null,null,null,null,FALSE,Colt Creek State Park,-82.04777778,28.29694444
104201,1710,P. Genelle,G. Fleming,Hernando Co.,Violaceae,Viola,null,null,102381,null,null,null,TRUE,3566,null,sororia,Willd.,null,01/08/1973,null,1992,Open field edge of hardwood forest; start of canoe trail.,Flower,Fruit,null,null,null,null,null,null,null,null,FALSE,Withlacoochee State Forest,-81.8167,28.35
203799,s.n.,C. vanHoek,S. Petty,Hernando Co.,Violaceae,Viola,null,null,102449,null,null,null,TRUE,3155,null,villosa,Walter,null,03/06/1992,"Tract, ca. 1 mi. N of C-476 and US 41 intersection, ca. 9 mi. N of Brooksville. T21S, R20E, Sec. 20, SW¼ of NW¼.",null,null,Flower,null,null,null,null,null,null,null,null,null,FALSE,Withlacoochee State Forest,-82.387871,28.555272
202269,s.n.,S. Petty,C. vanHoek,Hernando Co.,Violaceae,Viola,null,null,102448,null,null,null,TRUE,3155,null,villosa,Walter,null,02/28/1991,"Tract of the Withlacoochee State Forest, ca. 9 mi. N of Brooksville. T21S, R20E, Sec. 20, SW¼ of NW¼.",null,Transition woods of sand pine [Pinus clausa] - hardwoods.,Fruit,null,null,null,null,Plants laying flat barely rising above the pine litter.,null,null,null,null,FALSE,null,-82.387871,28.555272
161061,356,G. Robinson,,Sumter Co.,Vitaceae,Vitis,null,null,99080,floridana,Munson,null,TRUE,652,var.,cinerea,Engelm.,Engelm. ex Millardet,09/29/1981,"Along the Little Withlacoochee River, ca. 5 mi. SE of Tarrytown.  T23S, R23E, Sec. 9, NW¼.",1990,Cypress [Taxodium] slough.,null,null,null,null,null,null,null,null,null,null,FALSE,null,-82.05,28.55
245923,13219,B. F. Hansen,J. Hansen,Hamilton Co.,Vitaceae,Vitis,null,null,28156,null,null,null,TRUE,2026,null,rotundifolia,Michx.,null,06/13/2008,"Along the N side of FL 6, p.25 mi. E of the Withlacoochee River bridge, ca. 1.5 mi. W of Blue Springs.  T1N, R11E, Sec. 17, SW¼.",null,Mixed deciduous forest and weedy edges.,null,null,null,null,null,null,null,null,null,null,FALSE,null,-81.8167,28.35
305901,526,C. F. Caudle,"M.L. Gilbert, M.S. Tisdale",Pasco Co.,Vitaceae,Vitis,null,null,252946,null,null,null,TRUE,2026,null,rotundifolia,Michx.,null,06/16/1962,Withlacoochee River.,null,Woods,null,null,null,null,null,null,null,null,null,null,FALSE,null,null,null
9461,6478,G. R. Cooley,R.J. Eaton,Citrus Co.,Vitaceae,Vitis,null,null,8008,null,null,null,TRUE,2026,null,rotundifolia,Michx.,null,04/22/1959,"Between Tsala-Apopka Lake and Withlacoochee River.  T20S, R21E, Sec. 9.",Nov 1997,Hammock.,Bud,null,null,null,null,null,null,null,null,null,FALSE,null,-84.6667,30.2333
253012,2386,J. M. Kunzer,B.F. Hansen,Polk Co.,Campanulaceae,Wahlenbergia,null,null,107625,null,null,null,TRUE,226,null,marginata,Thunb.,A. DC.,04/15/2008,"Ca. 2.6 km SE of FL 471 bridge over the Withlacoochee River, ca. 5.3 km NNE of junction FL 471 and US 98.",null,Pasture edge adjacent to hydric hammock.,Fertile,null,null,null,null,null,null,null,null,null,FALSE,Colt Creek State Park,-82.03972222,28.29388889
179885,189,N. L. Mawhinney,,Citrus Co.,Campanulaceae,Wahlenbergia,null,null,107700,null,null,null,TRUE,226,null,marginata,Thunb.,A. DC.,04/26/1983,"FL 44 and Withlacoochee River. T19S, R20E, Sec. 8, SE¼ of NE¼.",null,null,Fertile,null,null,null,null,null,null,null,null,null,FALSE,null,-81.8167,28.35
57317,26799,O. K. Lakela,,Citrus Co.,Araceae,Wolffia,null,null,101699,null,null,null,TRUE,576,null,brasiliensis,Wedd.,null,01/26/1963,Mansfield Pond.,1988,null,null,null,null,null,null,Pure colony over extensive surface; plant body shiny with terminal papilla.,null,null,null,null,FALSE,Withlacoochee State Forest,-81.8167,28.35
161625,440,G. Robinson,,Sumter Co.,Blechnaceae,Woodwardia,null,null,97830,null,null,null,TRUE,3686,null,areolata,L.,T. Moore,09/09/1981,"Along Little Withlacoochee River, ca. 5 mi. SE of Tarrytown and 2.25 mi. E of Sumter County line. T23S, R23E, Sec. 9, NW¼.",Sep 1987,Cypress [Taxodium] slough.,Fertile,null,null,null,null,null,null,null,null,null,FALSE,null,-82.054526,28.554997
161047,345,G. Robinson,,Sumter Co.,Blechnaceae,Woodwardia,null,null,97876,null,null,null,TRUE,3686,null,areolata,L.,T. Moore,09/29/1981,"Along the Little Withlacoochee River, ca. 5 mi. SE of Tarrytown. T23S, R23E, Sec. 9, NW¼.",Sep 1987,Cypress [Taxodium] slough.,null,null,null,null,null,null,null,null,null,null,FALSE,null,-82.05,28.55
122542,2144,P. Genelle,G. Fleming,Sumter Co.,Blechnaceae,Woodwardia,null,null,97948,null,null,null,TRUE,3686,null,areolata,L.,T. Moore,06/28/1975,null,Sep 1987,Moist edge of lake; sandy soil.,Fertile,null,null,null,null,null,null,null,null,null,FALSE,Withlacoochee State Forest,-81.8167,28.35
161042,340,G. Robinson,,Sumter Co.,Blechnaceae,Woodwardia,null,null,97356,null,null,null,TRUE,3714,null,virginica,L.,Sm.,09/29/1981,"Along the Little Withlacoochee River, ca. 5 mi. SE of Tarrytown.  T23S, R23E, Sec. 9, NW¼.",Sep 1987,Cypress [Taxodium] slough.,Fertile,null,null,null,null,null,null,null,null,null,FALSE,null,-82.05,28.55
104199,1709,P. Genelle,G. Fleming,Hernando Co.,Blechnaceae,Woodwardia,null,null,97687,null,null,null,TRUE,3714,null,virginica,L.,Sm.,8 Jan 1973,Croom area.,Sep 1987,"On sand, low water at river's edge.",null,null,null,null,null,null,null,null,null,null,FALSE,Withlacoochee State Forest,-82.227588,28.587772
120548,2142,P. Genelle,G. Fleming,Sumter Co.,Blechnaceae,Woodwardia,null,null,97692,null,null,null,TRUE,3714,null,virginica,L.,Sm.,06/28/1975,Richloam section; Cabbage Head Road.,Sep 1987,"Moist edge of lake, on sandy soil.",Fertile,null,null,null,null,null,null,null,null,null,FALSE,Withlacoochee State Forest,-81.8167,28.35
152400,s.n.,T. F. Rochow,,Polk Co.,Ximeniaceae,Ximenia,null,null,84110,null,null,null,TRUE,2127,null,americana,L.,null,10/13/1980,"Green Swamp; Hart Hammock, ca. 1 mi. S of Withlacoochee River and N of Rock Ridge Road.",null,Hammock.,Fruit,null,null,null,null,null,null,null,null,null,FALSE,null,-81.8167,28.35
283781,s.n.,E. Williamson,C. Werner,Hernando Co.,Salicaceae,Xylosma,null,null,125279,null,null,null,TRUE,4437,null,congesta,Lour.,Merr.,03/03/2016,"E boundary of Withlacoochee State Forest, Headquarters Tract; ca. 0.4 mi. N of C-476 adn 0.1 mi. E of US 41.  T21S, R20E, Sec. 20.",null,"Upland hardwood hammock under shade of large Liquidambar styraciflua, with Sabal palmetto and Juniperus virginiana; small amount of rock outcrop present.",null,null,null,null,null,Mid-story tree.,null,null,null,null,FALSE,null,-82.33361111,28.64305556
283782,s.n.,E. Williamson,C. Werner,Hernando Co.,Salicaceae,Xylosma,null,null,125281,null,null,null,TRUE,4437,null,congesta,Lour.,Merr.,03/03/2016,"E boundary of Withlacoochee State Forest, Headquarters Tract; ca. 0.4 mi. N of C-476 adn 0.1 mi. E of US 41.  T21S, R20E, Sec. 20.",null,"Upland hardwood hammock under shade of large Liquidambar styraciflua, with Sabal palmetto and Juniperus virginiana; small amount of rock outcrop present.",null,null,null,null,null,Mid-story tree.,null,null,null,null,FALSE,null,-82.33361111,28.64305556
27379,8035,G. R. Cooley,"A.S. Pease, O. Lakela",Sumter Co.,Xyridaceae,Xyris,null,null,110060,null,null,null,TRUE,2700,null,brevifolia,Michx.,null,04/06/1961,Withlacoochee Development Project.,May 1966,Moist low land of open pinewood.,Fertile,null,null,null,null,Flower yellow.,null,null,null,null,FALSE,null,-81.8167,28.35
253051,2490,J. M. Kunzer,A. Franck,Polk Co.,Xyridaceae,Xyris,null,null,110072,null,null,null,TRUE,3145,null,caroliniana,Walter,null,09/03/2008,"Ca. 2.6 km SE of FL 471 bridge over the Withlacoochee River, ca. 5 km NNE of junction with FL 471 and US 98.",null,Flatwoods.,Fertile,null,null,null,null,null,null,null,null,null,FALSE,Colt Creek State Park,-82.04388889,28.29333333
227204,2515,M. T. Strong,,Hernando Co.,Xyridaceae,Xyris,null,null,110092,null,null,null,TRUE,3145,null,caroliniana,Walter,null,08/29/2000,"N and S of sand road W of FL 471 and fish hatchery, just N of Hernando and Polk County line, 8 km S of Tarrytown, and 9-11 km NE of Lacoochee.",null,Pine flatwoods.,Fertile,null,null,null,null,null,null,null,null,null,FALSE,Withlacoochee State Forest,-82.45,28.5333
120845,2159,P. Genelle,G. Fleming,Sumter Co.,Xyridaceae,Xyris,null,null,110265,null,null,null,TRUE,3145,null,caroliniana,Walter,null,06/28/1975,"Withlacoochee State Forest, Cabbage Head Road.",null,Wet pinelands.,Fertile,null,null,null,null,Petals white.,null,null,null,null,FALSE,null,-81.8167,28.35
227950,19790,S. L. Orzell,E.L. Bridges,Sumter Co.,Xyridaceae,Xyris,null,null,110094,null,null,null,TRUE,3145,null,caroliniana,Walter,null,06/29/1992,"N side of Center Grade Road, ca. 1.3 mi. E of junction FL 471, near Weeks Pond and N of Gator Hole Slough, ca. 7.7 mi. S of junction with FL 50 at Tarrytown. T23S, R23E, Sec. 29, NW¼.",null,Dry - mesic sandy pine flatwoods.,Fertile,null,null,null,null,null,null,90,92,ft,FALSE,Withlacoochee State Forest,-82.03611111,28.45833333
253036,2344,J. M. Kunzer,,Polk Co.,Xyridaceae,Xyris,null,null,110423,null,null,null,TRUE,2436,null,elliottii,,null,04/03/2008,"Ca. 1.2 km SE of FL 471 bridge over the Withlacoochee River, ca. 6 km NNE of junction FL 471 and US 98.",null,Mowed firebreak - ecotone between poorly-drained flatwoods and Taxodium dome.,Fertile,null,null,null,null,null,null,null,null,null,FALSE,Colt Creek State Park,-82.05222222,28.30333333
122482,2110,P. Genelle,G. Fleming,Pasco Co.,Xyridaceae,Xyris,null,null,110376,null,null,null,TRUE,2436,null,elliottii,Chapm.,null,07/14/1975,Richloam section.,null,"Edge of cypress [Taxodium] swamp. Dry, sandy soil.",Fertile,null,null,null,null,null,null,null,null,null,FALSE,Withlacoochee State Forest,-82.172029,28.465832
104806,1802,P. Genelle,G. Fleming,Hernando Co.,Xyridaceae,Xyris,null,null,110390,null,null,null,TRUE,2436,null,elliottii,Chapm.,null,05/06/1973,"Richloam section, forest road, S of FL 50.",Jan 1981,"Sandy, shade.",Fertile,null,null,null,null,null,null,null,null,null,FALSE,Withlacoochee State Forest,-82.1,28.5
222864,19755,S. L. Orzell,E.L. Bridges,Pasco Co.,Xyridaceae,Xyris,null,null,110417,null,null,null,TRUE,2436,null,elliottii,Chapm.,null,06/29/1992,"E of unimproved access road heading S to the Withlacoochee River, ca. 0.7 mi. S of Lacoochee Park Road, ca. 1.8 mi. SE of Lacoochee. T23S, R22E, Sec. 30, NW¼ of SE¼.",null,Cypress [Taxodium] savanna in sandy shallow depression. Soil -Basinger (Spodic Psammaquents).,Fertile,null,null,null,null,null,null,70,null,ft,FALSE,Withlacoochee State Forest,-82.14583333,28.45305556
253097,2486,J. M. Kunzer,A. Franck,Polk Co.,Xyridaceae,Xyris,null,null,110517,null,null,null,TRUE,2678,null,fimbriata,Elliott,null,09/03/2008,"Ca. 2.5 km SSE of FL 471 bridge over the Withlacoochee River, ca. 5.1 km NNE of junction FL 471 and US 98.",null,Ecotone between flatwoods and Taxodium swamp.,Fertile,null,null,null,null,null,null,null,null,null,FALSE,Colt Creek State Park,-82.04305556,28.29138889
253085,2566,J. M. Kunzer,"G. Dauphin, C. Eckert",Polk Co.,Xyridaceae,Xyris,null,null,110516,null,null,null,TRUE,2678,null,fimbriata,Elliott,null,09/26/2008,"Ca. 2.5 km SSE of FL 471 bridge over the Withlacoochee River, ca. 5.1 km NNE of junction FL 471 and US 98.",null,Disturbed Taxodium swamp.,Fertile,null,null,null,null,null,null,null,null,null,FALSE,Colt Creek State Park,-82.04444444,28.29305556
210988,14610,S. L. Orzell,E.L. Bridges,Hernando Co.,Xyridaceae,Xyris,null,null,111311,null,null,null,TRUE,2488,null,smalliana,Nash,null,08/04/1990," E side of Boat Pond, ca. 2.4 air mi. NE of the US 301 and FL 50 junction in Ridge Manor. T22S, R22E, Sec. 31, SW¼ of NW¼ of NE¼.",null,Sandy shoreline of limesink depression pond. Soils - Floirdana variant (Typic Umbraqualfs).,Fertile,null,null,null,null,null,null,70,null,ft,FALSE,Withlacoochee State Forest,-82.14555556,28.53416667
253270,2715,J. M. Kunzer,,Polk Co.,Asteraceae,Youngia,null,null,45993,null,null,null,TRUE,235,null,japonica,L.,DC.,02/19/2009,"Ca. 1.85 km SSE of the FL 471 bridge over Withlacoochee River, ca. 5.5 km NNE of the junction of FL 471 and US 98.",null,Disturbed edge of Taxodium swamp.,Flower,null,null,null,null,null,null,null,null,null,FALSE,Colt Creek State Park,-82.04777778,28.29694444
302844,9201,"C. E. Wood, Jr.","K.A. Wilson, G.R. Cooley",Levy Co.,Agavaceae,Yucca,null,null,246330,null,null,null,TRUE,1735,null,aloifolia,L.,null,05/04/1959,"W of Hodges Island, Withlacoochee Bay.  T16S, R15E, Sec. 35, SW corner.",04-May-2006,"Small island of ""dog-tooth"" limestone, with scrub of Juniperus, Sabal, Eugenia, Torrubia [= Guapira ?, never found in Levy Co.], Yucca, and Opuntia.",Flower,null,null,null,null,"Plants to 8 ft. tall, stems ca. 3-4 in. in diameter; leaves very stiff and sharp, dark green; tepals fleshy, ivory-white, with a little violet at tip, the ovary green, style white, the stamens white.",null,null,null,null,FALSE,null,null,null
13115,6966,G. R. Cooley,"R.J. Eaton, D.B. Ward",Levy Co.,Agavaceae,Yucca,null,null,67641,null,null,null,TRUE,1735,null,aloifolia,L.,null,09/16/1959,On island off the mouth of Withlacoochee River.,1964,null,Fruit,null,null,null,null,This plant 2 m tall.,null,null,null,null,FALSE,null,-81.8167,28.35
104680,1721,P. Genelle,G. Fleming,Citrus Co.,Agavaceae,Yucca,null,null,67627,null,null,null,TRUE,1735,null,aloifolia,L.,null,04/15/1973,FL 480 and FL 491.,null,"Sandy, full sun, roadside ditch.",Flower,null,null,null,null,null,null,null,null,null,FALSE,Withlacoochee State Forest,-81.8167,28.35
245950,13217,B. F. Hansen,J. Hansen,Hamilton Co.,Agavaceae,Yucca,null,null,67677,null,null,null,TRUE,3542,null,filamentosa,L.,null,06/13/2008,"Along the N side of FL 6, 0.25 mi. E of the Withlacoochee River bridge, ca. 1.5 mi. W of Blue Springs. T1N, R11E, Sec. 17, SW¼.",null,Mixed deciduous forest and weedy edges.,Flower,null,null,null,null,null,null,null,null,null,FALSE,null,-81.8167,28.35
105166,1888,P. Genelle,G. Fleming,Citrus Co.,Agavaceae,Yucca,null,null,67701,null,null,null,TRUE,3542,null,filamentosa,L.,null,05/27/1973,TR 22.,Nov 1980,"Citrus section, shaded, sandy.",Flower,null,null,null,null,null,null,null,null,null,FALSE,Withlacoochee State Forest,-81.8167,28.35
14860,6992,G. R. Cooley,"R.J. Eaton, D.B. Ward",Levy Co.,Zamiaceae,Zamia,null,null,30661,null,null,null,TRUE,2105,null,integrifolia,L. f.,null,09/16/1959,Island off the mouth of the Withlacoochee River.,null,null,Fertile,null,null,null,null,null,null,null,null,null,FALSE,null,-81.8167,28.35
55969,26464,O. K. Lakela,,Sumter Co.,Rutaceae,Zanthoxylum,null,null,53438,null,null,null,TRUE,2804,null,fagara,L.,Sarg.,09/21/1963,Indian Field Ledges E of Withlacoochee River off FL 48.,null,Hammock of interspersed flat limestone outcrops with overhead of magnificent oak association. Ferns frequent in understory.,null,null,null,null,null,null,null,null,null,null,FALSE,null,-81.8167,28.35
152399,s.n.,T. F. Rochow,,Polk Co.,Rutaceae,Zanthoxylum,null,null,53481,null,null,null,TRUE,2804,null,fagara,L.,Sarg.,10/13/1980,"Green Swamp, Hart Hammock; ca. 1 mi. S of the Withlacoochee River and N of Rock Ridge Road.",null,On somewhat cleared possible indian mound area.,Fruit,null,null,null,null,null,null,null,null,null,FALSE,null,-81.8167,28.35
216532,16122,S. L. Orzell,E.L. Bridges,Hamilton Co.,Amaryllidaceae,Zephyranthes,null,null,20345,atamasca,null,null,TRUE,3473,var.,atamasca,L.,Herb.,03/21/1991,Contact USF Herbarium if additional information is required,Mar 2001,"Mesic mixed hardwood slope forest, adjacent to elongate sinkholes. Community dominated by Fagus grandifolia, Magnolia grandiflora, Carya spp.",Flower,null,null,null,null,null,null,90,110,ft,TRUE,null,null,null
246525,2358,J. M. Kunzer,B.F. Hansen,Polk Co.,Amaryllidaceae,Zephyranthes,null,null,28820,null,null,null,TRUE,1070,null,simpsonii,Chapm.,null,04/15/2008,Contact USF Herbarium if additional information is required,null,Pasture edge adjacent to hydric hammock.,Flower,null,null,null,null,null,null,null,null,null,TRUE,Colt Creek State Park,null,null
104203,1712Cr,P. Genelle,G. Fleming,Hernando Co.,Orchidaceae,Zeuxine,null,null,6911,null,null,null,TRUE,1660,null,strateumatica,L.,Schltr.,01/08/1973,"Croom area; edge of river, start of canoe trail.",1973,null,Flower,Immature Fruit,null,null,null,null,null,null,null,null,FALSE,Withlacoochee State Forest,-82.227588,28.587772
13005,6936,G. R. Cooley,"R.J. Eaton, J.D. Ray, Jr.",Levy Co.,Poaceae,Zizania,null,null,42122,null,null,null,TRUE,3466,null,aquatica,L.,null,09/16/1959,"Yankeetown, bank of Withlacoochee River.",null,Shallow freshwater.,Fertile,null,null,null,null,To 3 m; inflorescence immature.,null,null,null,null,FALSE,null,-82.823055,29.031521
13017,6936,G. R. Cooley,"R.J. Eaton, J.D. Ray, Jr.",Levy Co.,Poaceae,Zizania,null,null,42123,null,null,null,TRUE,3466,null,aquatica,L.,null,09/16/1959,"Yankeetown, bank of Withlacoochee River.",null,Shallow freshwater.,null,null,null,null,null,To 3 m; inflorescence immature.,null,null,null,null,FALSE,null,-82.823055,29.031521
306738,s.n.,C. Werner,R. Mears,Hernando Co.,Fabaceae,Acaciella,null,null,253650,null,null,null,FALSE,2125,null,angustissima,Mill.,Britton & Rose,07/05/2023,Annuteliga Unit.,null,"Sunny location on dirt forest road, with Glandularia canadensis, Sagretia minutiflora, and Ilex vomitoria.  Exposed limestone present.",Flower,null,null,null,null,Less than 1 m tall.,null,null,null,null,FALSE,Withlacoochee State Forest,null,null
205417,292,C. vanHoek,S. Petty,Sumter Co.,Euphorbiaceae,Acalypha,null,null,56150,null,null,null,TRUE,3571,null,gracilens,A. Gray,null,07/10/1992,"Withlacoochee State Forest; bordering Withlacoochee River at Hog Island Recreation Area, ca. 2.5 mi. SE of Nobleton. T21S, R21E, Sec. 31.",1996,Edge of woods bordering river.,Fertile,null,null,null,null,null,null,null,null,null,FALSE,Croom Widlife Management Area,-82.25,28.6333
120369,2182,P. Genelle,G. Fleming,Pasco Co.,Euphorbiaceae,Acalypha,null,null,56067,null,null,null,TRUE,3571,null,gracilens,A. Gray,null,08/09/1975,May Place Road.,1996,"White sand; shaded, damp soil.",Fertile,null,null,null,null,null,null,null,null,null,FALSE,Withlacoochee State Forest,-82.172029,28.465832
104196,1704Cr,P. Genelle,G. Fleming,Hernando Co.,Sapindaceae,Acer,null,null,7039,null,null,null,TRUE,2120,null,rubrum,L.,null,01/08/1973,Croom area.,1973,"River edge, low water, sand, Quercus, Juglans [?; not possible], Taxodium, Serenoa.",Flower,null,null,null,null,null,null,null,null,null,FALSE,Withlacoochee State Forest,-82.227588,28.587772
108169,1911,P. Genelle,G. Fleming,Hernando Co.,Asteraceae,Acmella,null,null,32125,null,null,null,TRUE,3354,null,repens,Walter,Pers.,11/18/1973,"Richloam section; Fire Tower Road, side road.",May 2025,"Damp, sunny.",Fertile,null,null,null,null,null,null,null,null,null,FALSE,Withlacoochee State Forest,-82.1,28.5
302370,s.n.,C. Werner,,Sumter Co.,Adiantaceae,Adiantum,null,null,244073,null,null,null,TRUE,null,null,hispdulum,Sw.,null,12/10/2019,"Richloam Tract, Baird Unit.",null,Mesic hammock with mature live oaks [Quercus virginiana] and rock ourcrop.,null,null,null,null,null,null,null,null,null,null,FALSE,Withlacoochee State Forest,-81.9998,28.5687
108376,1896,P. Genelle,G. Fleming,Hernando Co.,Fabaceae,Aeschynomene,null,null,147,null,null,null,TRUE,2805,null,americana,L.,null,11/18/1973,Fire Tower Road.,1973,Roadside; rich loam section.,Flower,Fruit,null,null,null,Erect.,Very dense stand,null,null,null,FALSE,Withlacoochee State Forest,-81.8167,28.35
264332,10912,L. Baltzell,,Citrus Co.,Orobanchaceae,Agalinis,null,null,100468,null,null,null,TRUE,2452,null,divaricata,,Pennell,09/24/1979,"S of FL 44, 7.5 mi. W of Inverness.",21 Jul 2011,null,Fertile,null,null,null,null,Many scattered plants; flowers pink.,null,null,null,null,FALSE,Withlacoochee State Forest,-82.330372,28.835818
221090,970,C. vanHoek,S. Petty,Citrus Co.,Orobanchaceae,Agalinis,null,null,109061,null,null,null,TRUE,4211,null,plukenetii,Elliott,Raf.,09/20/1997,"Citrus Wildlife Management area of the Withlacoochee State Forest; along TR [Forest Road] 14, between TRS 5 and 9.",1998,Disturbed sandhills.,Fertile,null,null,null,null,null,null,null,null,null,FALSE,null,-82.45,28.8667
206520,s.n.,S. Petty,,Hernando Co.,Agavaceae,Agave,null,null,44719,null,null,null,TRUE,3375,null,virginica,L.,null,09/16/1992,"N of Old State Road 50. T23S, R22E, Sec. 8, NE¼.",22-Oct-2017,"Moist, open rocky woods.",null,null,null,null,null,null,null,null,null,null,FALSE,Withlacoochee State Forest,-81.8167,28.35
192369,1,S. Petty,,Citrus Co.,Rosaceae,Agrimonia,null,null,20788,null,null,null,TRUE,3895,null,incisa,Torr. & A. Gray,null,09/19/1987,Contact USF Herbarium if additional information is required,null,null,Flower,Fruit,null,null,null,null,null,null,null,null,TRUE,null,null,null
241847,13082,B. F. Hansen,,Sumter Co.,Asteraceae,Ambrosia,null,null,7075,null,null,null,TRUE,3025,null,artemisiifolia,L.,null,11/09/2005,"Ca. 1.5 mi. N of Croom.  T22S, R21E, Sec. 5, NE¼.",2005,Sandhill.,Flower,null,null,null,null,null,null,null,null,null,FALSE,Withlacoochee State Forest,-82.2167,28.5833
216388,16436,S. L. Orzell,E.L. Bridges,Sumter Co.,Lythraceae,Ammannia,null,null,85189,null,null,null,TRUE,3617,null,latifolia,L.,null,04/29/1991,"N side of Center Grade Road, ca. 1.3 mi. E of junction FL 471, near Weeks Pond and N of Gator Hole Slough, ca. 7.7 mi. S of junction FL 50 at Tarrytown. T23S, R23E, Sec. 29, NW¼.",null,Wet marly pnie flatwoods and cypress [Taxodium] pond edges. Soils - Vero (Alfic Haplaquods).,Fertile,null,null,null,null,null,null,90,92,ft,FALSE,Withlacoochee State Forest,-82.03611111,28.45833333
105126,1887,P. Genelle,G. Fleming,Citrus Co.,Fabaceae,Amorpha,null,null,420,herbacea,null,null,TRUE,3173,var.,herbacea,Walter,null,05/27/1973,"Citrus section TR22, Dames Cave area.",1973,Shaded sandy.,Flower,null,null,null,null,null,null,null,null,null,FALSE,Withlacoochee State Forest,-82.45,28.8667
104633,1750,P. Genelle,G. Fleming,Citrus Co.,Apocynaceae,Amsonia,null,null,140022,null,null,null,TRUE,3882,null,ciliata,Walter,null,04/15/1973,"Withlacoochee State Forest, FL 480.",null,"Edge of forest, sandy, full sun.",Flower,null,null,null,null,null,null,null,null,null,FALSE,null,-84.6667,30.2333
104728,1755,P. Genelle,G. Fleming,Hernando Co.,Apocynaceae,Amsonia,null,null,140034,null,null,null,TRUE,3882,null,ciliata,Walter,null,04/22/1973,"Withlacoochee State Forest, Croom Road; road shoulder.",null,"Dry, sandy in full sun.",Flower,null,null,null,null,null,null,null,null,null,FALSE,null,-82.227588,28.587772
190416,35,C. vanHoek,,Hernando Co.,Poaceae,Andropogon,null,null,43564,null,null,null,TRUE,2415,null,brachystachyus,Chapm.,null,10/13/1986,"Croom Hiking Trail, loop B, S of Croom Road, 5 mi. E of Brooksville.  T22S, R20E, Sec. 12.",null,Sandhills.,Fertile,null,null,null,null,null,null,null,null,null,FALSE,Withlacoochee State Forest,-82.387871,28.555272
304366,s.n.,C. Werner,,Citrus Co.,Poaceae,Andropogon,null,null,250277,null,null,null,TRUE,668,null,gerardi,Vitman,null,10/29/2021,Citrus Tract.,null,"Sandhill, close to ecotone with mesic hammock; under Pinus palustris, with Setaria parviflorz and Ageratina jucunda.",Fertile,null,null,null,null,null,null,null,null,null,FALSE,Withlacoochee State Forest,-82.4269,28.7999
57408,26797,O. K. Lakela,,Citrus Co.,Schizaeaceae,Anemia,null,null,18430,null,null,null,TRUE,2718,null,adiantifolia,L.,Sw.,01/26/1964,Withlacoochee River State Forest.,null,"Low vertical outcrop of limestone, ""pink"" limestone grotto.",Fertile,null,null,null,null,Most fruiting plants withered.,null,null,null,null,FALSE,null,-81.8167,28.35
55289,25787,O. K. Lakela,,Citrus Co.,Schizaeaceae,Anemia,null,null,18463,null,null,null,TRUE,2718,null,adiantifolia,L.,Sw.,04/13/1963,"Off FL 491, S of Lecanto.",null,In crevices of pink limestone outcrop.,null,null,null,null,null,null,Rare,null,null,null,FALSE,Withlacoochee State Forest,-82.487598,28.851649
192495,82,C. vanHoek,,Citrus Co.,Poaceae,Anthenantia,null,null,45267,null,null,null,TRUE,2074,null,villosa,Michx.,P. Beauv.,09/26/1987,"Along the Florida Trail in the Citrus Wildlife Management Area.  T20S, R18E, Sec. 20.",null,Dry sandhill.,Flower,null,null,null,null,null,null,null,null,null,FALSE,Withlacoochee State Forest,-82.45,28.8667
190494,30,C. vanHoek,,Hernando Co.,Poaceae,Anthenantia,null,null,45291,null,null,null,TRUE,2074,null,villosa,Michx.,P. Beauv.,09/15/1986,"Croom Hiking Trail, Loop C, between powerline route and Smith Prairie.  T22S, R20E, Sec. 11.",null,Sandhill.,Fertile,null,null,null,null,null,null,null,null,null,FALSE,Withlacoochee State Forest,-82.227588,28.587772
306743,10912,L. Baltzell,null,Citrus Co.,Poaceae,Anthenantia,null,null,253514,null,null,null,TRUE,2074,null,villosa,Michx.,P. Beauv.,09/24/1979,"S of FL 44, 7.3 mi. W of Inverness.",null,null,Fertile,null,null,null,null,Several scattered plants; flowers reddish.,null,null,null,null,FALSE,Withlacoochee State Forest.,null,null
205371,290,C. vanHoek,S. Petty,Hernando Co.,Apocynaceae,Apocynum,null,null,69780,null,null,null,TRUE,3896,null,cannabinum,L.,null,07/17/1992,"Croom Wildlife Management Area, ca. 4 mi. SW of Nobleton.  T22S, R20E, Sec. 3.",null,"Open, moist area.",null,null,null,null,null,null,null,null,null,null,FALSE,Withlacoochee State Forest,-82.263978,28.645547
104672,1740,P. Genelle,G. Fleming,Citrus Co.,Papaveraceae,Argemone,null,null,79480,null,null,null,TRUE,2278,null,albiflora,Hornem.,null,04/15/1973,"FL 480, 0.5 mi. W of FL 491.",null,"Roadside, sandy, full sun.",Flower,Immature Fruit,null,null,null,null,null,null,null,null,FALSE,Withlacoochee State Forest,-81.8167,28.35
228596,19110,S. L. Orzell,E.L. Bridges,Sumter Co.,Araceae,Arisaema,null,null,101739,null,null,null,TRUE,594,null,triphyllum,L.,Schott,03/02/1992,"Edges on N side of Center Grade Road ca. 1.3 mi. E of junction FL 471, near Weeks Pond and N of Gator Hole Slough, ca. 7.7 mi. S of junction FL 50 at Tarrytown. T23S, R23E, Sec. 29, NW¼.",null,Hydric hammock.,Flower,null,null,null,null,null,null,90,92,ft,FALSE,Withlacoochee State Forest,-82.03611111,28.45833333
223437,1163,C. vanHoek,"V. Morris, J. Buckner",Hernando Co.,Poaceae,Aristida,null,null,45792,null,null,null,TRUE,2137,null,mohrii,Nash,null,09/18/1998,"Croom Wildlife Management Area.  T22S, R20E, Sec. 1, S½.",null,"Sandhills; in association with Quercus laevis, Pinus palustris, and Aristida beyrichiana [A. stricta var. beyrichiana].",Fertile,null,null,null,null,null,null,null,null,null,FALSE,Withlacoochee State Forest,-82.227588,28.587772
231260,s.n.,S. Taylor,,Hernando Co.,Poaceae,Aristida,null,null,46138,purpurascens,null,null,TRUE,832,var.,purpurascens,Poir.,null,10/22/2001,"Clayridge.  T21S, R19E, Sec. 28.",null,null,Fertile,null,null,null,null,null,null,null,null,null,FALSE,Withlacoochee State Forest,-81.8167,28.35
234764,s.n.,S. Taylor,,Hernando Co.,Poaceae,Aristida,null,null,46469,tenuispica,Hitchc.,Allred,TRUE,2473,var.,purpurascens,Poir.,null,10/27/2002,"Citrus Tract.  T20S, R19E, Sec. 23.",null,null,Fertile,null,null,null,null,null,null,null,null,null,FALSE,Withlacoochee State Forest,-81.8167,28.35
299451,s.n.,C. Werner,,Hernando Co.,Poaceae,Aristida,null,null,226976,virgata,Trin.,Allred,TRUE,3052,var.,purpurascens,Poir.,null,09/18/2018,"Croom Tract; W side of marsh, ca. 0.15 mi. S of State Forest Road 8.",null,Edge of basin marsh adjacent to sandhill.,Fertile,null,null,null,null,null,null,null,null,null,FALSE,Withlacoochee State Forest,-82.227588,28.587772
228019,19733,S. L. Orzell,E.L. Bridges,Citrus Co.,Poaceae,Aristida,null,null,47576,null,null,null,TRUE,698,null,stricta,Michx.,null,06/29/1992,"Just E of section line road, ca. 1.4 mi. W of Fivemile Pond, ca. 3.5 air mi. S of FL 44, ca. 10 air mi. E of Homosassa Springs.  T19S, R19E, Sec. 27, SW¼.",23-Oct-2015,Mature burned longleaf pine [Pinus palustris] sandhill.  Soils - Lakeland (Typic Quartzipsamments).,Fertile,null,null,null,null,null,null,100,130,ft,FALSE,Withlacoochee State Forest,-82.4025,28.80472222
105111,1873,P. Genelle,G. Fleming,Citrus Co.,Asteraceae,Arnoglossum,null,null,32417,null,null,null,TRUE,2312,null,floridanum,A. Gray,H. Rob.,05/27/1973,"Citrus Section, TR 20.",Jun 1978,"Sandy open area, with pine and oak.",Flower,null,null,null,null,null,null,null,null,null,FALSE,Withlacoochee State Forest,-82.45,28.8667
229587,19750,S. L. Orzell,E.L. Bridges,Citrus Co.,Asteraceae,Arnoglossum,null,null,32413,null,null,null,TRUE,2312,null,floridanum,A. Gray,H. Rob.,06/29/1992,"Just E of section line road, ca. 1.4 mi. S of Fivemile Pond, ca. 3.5 air mi. S of FL 44, ca. 10 air mi. E of Homosassa Springs.  T19S, R19E, Sec. 27, SW¼.",null,Mature burned longleaf pine [Pinus palustris] sandhill savanna.  Soils - Lakeland (Typic Quartzipsamments).,Flower,Fruit,null,null,null,null,null,100,130,ft,FALSE,Withlacoochee State Forest,-82.4025,28.80472222
105118,1880,P. Genelle,G. Fleming,Citrus Co.,Apocynaceae,Asclepias,null,null,92048,null,null,null,TRUE,3177,null,humistrata,Walter,null,05/27/1973,"Citrus area, TR 15.",null,"Pinelands, sand, dry.",Fruit,null,null,null,null,null,null,null,null,null,FALSE,Withlacoochee State Forest,-82.45,28.8667
104681,1744,P. Genelle,G. Fleming,Citrus Co.,Apocynaceae,Asclepias,null,null,92061,null,null,null,TRUE,3177,null,humistrata,Walter,null,04/15/1973,FL 480.,null,"Roadside, edge of forest area, sandy full sun.",Flower,null,null,null,null,null,null,null,null,null,FALSE,Withlacoochee State Forest,-81.8167,28.35
105106,1790,P. Genelle,G. Fleming,Hernando Co.,Apocynaceae,Asclepias,null,null,91846,null,null,null,TRUE,3161,null,lanceolata,Walter,null,05/20/1973,Tower Road.,Dec 1995,"Road, dry sand, partial shade on side road.",Flower,null,null,null,null,null,null,null,null,null,FALSE,Withlacoochee State Forest,-81.8167,28.35
104832,1828,P. Genelle,G. Fleming,Sumter Co.,Apocynaceae,Asclepias,null,null,91461,null,null,null,TRUE,3188,null,pedicellata,Walter,null,05/05/1973,River Road.,Dec 1995,"Full sun, sandy pinelands.",Flower,null,null,null,null,null,null,null,null,null,FALSE,Withlacoochee State Forest,-81.8167,28.35
105121,1882,P. Genelle,G. Fleming,Citrus Co.,Apocynaceae,Asclepias,null,null,91035,null,null,null,TRUE,3627,null,tuberosa,L.,null,05/27/1973,"Citrus section, TR 15.",13-Jun-2013,"Pinelands, sand, dry.",Flower,null,null,null,null,null,null,null,null,null,FALSE,Withlacoochee State Forest,-82.45,28.8667
229230,19725,S. L. Orzell,E.L. Bridges,Citrus Co.,Apocynaceae,Asclepias,null,null,91040,null,null,null,TRUE,3627,null,tuberosa,L.,null,06/29/1992,"ust E of section line road, ca. 1.4 mi. S of Fivemile Pond, ca. 3.5 air mi. S of FL 44, ca. 10 air mi. E of Homosassa Springs. Lecanto 7.5' Quad. T19S, R19E, Sec. 27, SW¼.",13-Jun-2013,Mature burned longleaf pine [Pinus palustris] sandhill. Soils - Lakeland (Typic Quartzipsamments).,Flower,null,null,null,null,null,null,100,130,ft,FALSE,Withlacoochee State Forest,-82.4025,28.80472222
238581,3133,M. T. Strong,,Sumter Co.,Apocynaceae,Asclepias,null,null,90870,null,null,null,TRUE,3470,null,verticillata,L.,null,07/26/2003,"Croom management area, SE of I-75, ca. 2-3 km SE of Croom.",null,Damp pineland-scrub bordering sand road.,Flower,null,null,null,null,Corollas white.,null,null,null,null,FALSE,Withlacoochee State Forest,-82.2167,28.5833
229012,19726,S. L. Orzell,E.L. Bridges,Citrus Co.,Apocynaceae,Asclepias,null,null,90845,null,null,null,TRUE,3470,null,verticillata,L.,null,06/29/1992,"Just E of section line road, ca. 1.4 mi. W of Fivemile Pond, ca. 3.5 air mi. S of FL 44, ca. 10 air mi. E of Homosassa Springs. T19S, R19E, Sec. 27, SW¼.",null,Mature burned longleaf pine [Pinus palustris] sandhill. Soils - Lakeland (Typic Quartzipsamments).,Flower,null,null,null,null,null,null,100,130,ft,FALSE,Withlacoochee State Forest,-82.4025,28.80472222
104834,1830,P. Genelle,G. Fleming,Sumter Co.,Polygalaceae,Asemeia,null,null,89571,null,null,null,TRUE,3191,null,violacea,Aubl.,J.F.B. Pastore & J.R. Abbott,05/05/1973,River Road.,Dec 2013,"Sandy pinelands, full sun.",Flower,Fruit,null,null,null,null,null,null,null,null,FALSE,Withlacoochee State Forest,-81.8167,28.35
240237,19727,S. L. Orzell,E.L. Bridges,Citrus Co.,Polygalaceae,Asemeia,null,null,88761,null,null,null,TRUE,3191,null,violacea,Aubl.,J.F.B. Pastore & J.R. Abbott,06/20/1992,"Just E of section line road, ca. 1.4 mi. S of Fivemile Pond, ca. 3.5 air mi. S of FL 44, ca. 10 air mi. E of Homosassa Springs.  T19S, R19E, Sec. 27, SW¼.",Dec 2013,Mature burned longleaf pine [Pinus palustris] sandhill savanna.  Soils - Lakeland (Typic Quartzipsamments).,Flower,null,null,null,null,null,null,100,130,ft,FALSE,Withlacoochee State Forest,-82.4025,28.80472222
238849,22602,S. L. Orzell,E.L. Bridges,Sumter Co.,Polygalaceae,Asemeia,null,null,88956,null,null,null,TRUE,3191,null,violacea,Aubl.,J.F.B. Pastore & J.R. Abbott,03/29/1994,"N side of Center Grade Road, ca. 1.3 mi. E of its junction with FL 471, near Weeks Pond and N of Gator Hole Slough, ca. 7.7 mi. S of the junction with FL 50 at Tarrytown.  T23S, R23E, Sec. 29, NW¼.",Dec 2013,Wet marly pine flatwoods and cypress [Taxodium] pond edges.  Soils - Vero (Alfic Haplaquods).,Flower,null,null,null,null,null,null,null,null,null,FALSE,Withlacoochee State Forest,-82.03611111,28.45833333
104636,1746,P. Genelle,G. Fleming,Citrus Co.,Annonaceae,Asimina,null,null,108408,null,null,null,TRUE,1258,null,reticulata,Shuttlew. ex Chapm.,null,04/15/1973,"Withlacoochee State Forest, State Forest Road R13.",null,Sandy.,Flower,null,null,null,null,null,null,null,null,null,FALSE,null,-81.8167,28.35
202273,224,C. vanHoek,S. Petty,Hernando Co.,Aspleniaceae,Asplenium,null,null,84613,null,null,null,TRUE,988,null,heterochroum,Kunze,null,03/15/1991,"Headquarters Tract; E side of US 41 N, 0.25 mi. N of FL 476, ca. 8 mi. N of Brooksville. T21S, R20E, Sec. 20.",null,On limestone rocks and limestone cutbanks.,Fertile,null,null,null,null,null,null,null,null,null,FALSE,Withlacoochee State Forest,-82.387871,28.555272
57486,26800,O. K. Lakela,,Citrus Co.,Aspleniaceae,Asplenium,null,null,84677,null,null,null,TRUE,3599,null,platyneuron,L.,Britton et al.,01/26/1964,Near Boy Scout Camp.,Aug 1989,Rim of cave opening; in limestone.,Fertile,null,null,null,null,Few tufts noted.,null,null,null,null,FALSE,Withlacoochee State Forest,-81.8167,28.35
120616,1506,A. G. Shuey,,Citrus Co.,Aspleniaceae,Asplenium,null,null,21317,null,null,null,TRUE,2482,null,verecundum,Chapm. ex  Underw.,null,11/08/1975,Contact USF Herbarium if additional information is required,Aug 1989,"From small, round, chimney-shaped cave. On limestone side with mossed and liverworts below zone of Thelypteris kunthii and T. torresiana [Macrothelypteris torresiana].",Fertile,null,null,null,null,null,null,null,null,null,TRUE,Withlacoochee State Forest,null,null
191628,s.n.,C. vanHoek,,Citrus Co.,Aspleniaceae,Asplenium,null,null,21322,null,null,null,TRUE,2482,null,verecundum,Chapm. ex  Underw.,null,04/11/1987,Contact USF Herbarium if additional information is required,Aug 1989,On limestone rocks.,Fertile,null,null,null,null,null,null,null,null,null,TRUE,Withlacoochee State Forest,null,null
55754,25786,O. K. Lakela,,Citrus Co.,Aspleniaceae,Asplenium,null,null,21311,null,null,null,TRUE,2482,null,verecundum,Chapm. ex  Underw.,null,04/13/1963,Contact USF Herbarium if additional information is required,Aug 1989,Open oak forest with Juniperus and Ilex. Ferns in rock cavities [that are?] open at top. Holes dry.,Fertile,null,null,null,null,null,null,null,null,null,TRUE,Withlacoochee State Forest,null,null
191611,s.n.,C. vanHoek,,Citrus Co.,Aspleniaceae,Asplenium,null,null,84544,null,null,null,TRUE,1091,null,x curtissii,Underw.,null,04/11/1987,"Dames Caves, Citrus Wildlife Management Area. T20S, R18E, Sec. 31.",Aug 1989,Embedded in Marchantia on soft limestone walls of sinkhole.,null,null,null,null,null,null,null,null,null,null,FALSE,Withlacoochee State Forest,-82.45,28.8667
207063,329,C. vanHoek,S. Petty,Hernando Co.,Rutaceae,Atalantia,null,null,32500,null,null,null,TRUE,444,null,buxifolia,Poir.,Oliv. ex Benth.,12/04/1992,"Headquarters Tract; corner of FL 476 and US 41.  T21S, R20E, Sec. 19, SW¼ of SE¼.",Feb 2014,Disturbed area at edge of oak hammock and along a stream bank.,Fruit,null,null,null,null,null,null,null,null,null,FALSE,Withlacoochee State Forest,-81.8167,28.35
211048,398,C. vanHoek,,Citrus Co.,Poaceae,Axonopus,null,null,10621,null,null,null,TRUE,2188,null,fissifolius,Raddi,Kuhlm.,08/19/1994,"Citrus Wildlife Management Area.  T19S, R19E, Sec. 6.",null,null,Immature Fruit,null,null,null,null,null,null,null,null,null,FALSE,Withlacoochee State Forest,-82.45,28.8667
57489,26807,O. K. Lakela,,Citrus Co.,Azollaceae,Azolla,null,null,31058,null,null,null,TRUE,2220,null,filiculoides,Lam.,null,02/25/1964,Near Mansfield Pond.,Mar 2008,"Upper terrace pond below outcrops, in area cleared for picnics.",null,null,null,null,null,"Red phase, covering entire surface.",null,null,null,null,FALSE,Withlacoochee State Forest,-84.6667,30.2333
108167,1908,P. Genelle,G. Fleming,Hernando Co.,Asteraceae,Baccharis,null,null,11038,null,null,null,TRUE,1033,null,glomeruliflora,Pers.,null,11/18/1973,"Richloam section, Fire Tower Road.",null,"Pine, oak, open, sunny.",Fertile,null,null,null,null,Both staminate and pistillate specimens.,null,null,null,null,FALSE,Withlacoochee State Forest,-82.1,28.5
108164,1905,P. Genelle,G. Fleming,Hernando Co.,Asteraceae,Baccharis,null,null,13753,null,null,null,TRUE,3484,null,halimifolia,L.,null,11/18/1973,"Richloam section, Fire Tower Road.",null,null,Flower,Fruit,null,null,null,Both staminate and pistillate specimens.,null,null,null,null,FALSE,Withlacoochee State Forest,-82.1,28.5
120844,2119,P. Genelle,G. Fleming,Pasco Co.,Plantaginaceae,Bacopa,null,null,14388,null,null,null,TRUE,3118,null,caroliniana,Walter,B. L. Rob.,06/14/1975,Richloam section.,null,Edge of small stream.,Flower,null,null,null,null,null,null,null,null,null,FALSE,Withlacoochee State Forest,-82.172029,28.465832
105098,1861,P. Genelle,G. Fleming,Hernando Co.,Plantaginaceae,Bacopa,null,null,14389,null,null,null,TRUE,3118,null,caroliniana,Walter,B. L. Rob.,05/20/1973,Richloam section. Yankee Swamp.,null,"Full sun, muck.",Flower,Fruit,null,null,null,null,null,null,null,null,FALSE,Withlacoochee State Forest,-82.1,28.5
206073,295,C. vanHoek,S. Petty,Sumter Co.,Asteraceae,Balduina,null,null,32953,null,null,null,TRUE,2093,null,angustifolia,Pursh,B. L. Rob.,08/28/1992,"Station #21, nature trail at Hog Island Recreation Area.",2002,"Dry, sandy area, in association with sand pine [Pinus clausa] and sand live oak [Quercus geminata].",Flower,null,null,null,null,null,null,null,null,null,FALSE,Withlacoochee State Forest,-81.8167,28.35
208164,369,C. vanHoek,C. Strohmenger,Hernando Co.,Fabaceae,Baptisia,null,null,556,null,null,null,TRUE,3125,null,lanceolata,Walter,Elliott,07/11/1993,"Citrus Tract, ca. 0.25 mi. W of Forest Road 13, ca. 0.5 mi. S of FL 480. T20S, R19E, Sec. 5, NW¼.",1993,Dry oak/pine ridge.,Fruit,null,null,null,null,null,One solitary plant.,null,null,null,FALSE,Withlacoochee State Forest,-81.8167,28.35
105115,1877,P. Genelle,G. Fleming,Citrus Co.,Fabaceae,Baptisia,null,null,567,null,null,null,TRUE,2668,null,lecontei,Torr. & A. Gray,null,05/27/1973,"Citrus section, TR 20.",1973,"Sand pine, oak, open sun.",Flower,null,null,null,null,null,null,null,null,null,FALSE,Withlacoochee State Forest,-82.45,28.8667
227241,2542,M. T. Strong,,Hernando Co.,Ericaceae,Bejaria,null,null,79773,null,null,null,TRUE,2335,null,racemosa,Vent.,null,08/29/2000,"Just N and S of sand road W of FL 471 and fish hatchery, just N of Hernando and Polk County line, 8 km S of Tarrytown, and 9-11 km NE of Lacoochee.",null,Pine flatwoods.,Bud,null,null,null,null,Corolla white.,null,null,null,null,FALSE,Withlacoochee State Forest,-82.45,28.5333
120825,2171,P. Genelle,G. Fleming,Sumter Co.,Ericaceae,Bejaria,null,null,79765,null,null,null,TRUE,2335,null,racemosa,Vent.,null,06/28/1975,Forest road near Lake County border.,1981,Pinelands and roadside.,Flower,Fruit,null,null,null,null,null,null,null,null,FALSE,Withlacoochee State Forest,-81.8167,28.35
120848,2105,P. Genelle,G. Fleming,Pasco Co.,Ericaceae,Bejaria,null,null,79821,null,null,null,TRUE,2335,null,racemosa,Vent.,null,06/14/1975,null,1981,"Rich loam section; white, sandy soil; pinelands.",Flower,Bud,Immature Fruit,null,null,null,null,null,null,null,FALSE,Withlacoochee State Forest,-82.172029,28.465832
120356,2179,P. Genelle,G. Fleming,Pasco Co.,Rhamnaceae,Berchemia,null,null,13029,null,null,null,TRUE,3800,null,scandens,Hill,K. Koch,08/09/1975,May Place Road.,null,Roadside.,Flower,null,null,null,null,null,null,null,null,null,FALSE,Withlacoochee State Forest,-82.172029,28.465832
238580,3135,M. T. Strong,,Sumter Co.,Asteraceae,Berlandiera,null,null,33486,null,null,null,TRUE,17,null,subacaulis,Nutt.,Nutt.,07/26/2003,"Croom management area, SE of I-75, ca. 2-3 km SE of Croom.",null,Damp pineland - scrub bordering sand road.,Flower,null,null,null,null,Rays yellow.,null,null,null,null,FALSE,Withlacoochee State Forest,-82.2167,28.5833
104630,1735,P. Genelle,G. Fleming,Citrus Co.,Asteraceae,Berlandiera,null,null,33574,null,null,null,TRUE,17,null,subacaulis,Nutt.,Nutt.,04/15/1973,Dames Cave area.,null,Partial shade.,Flower,null,null,null,null,null,null,null,null,null,FALSE,Withlacoochee State Forest,-84.6667,30.2333
104733,1760,P. Genelle,G. Fleming,Hernando Co.,Asteraceae,Berlandiera,null,null,33581,null,null,null,TRUE,17,null,subacaulis,Nutt.,Nutt.,04/22/1973,null,null,In partial shade at edge of road in dry sandy soil.,Flower,null,null,null,null,null,null,null,null,null,FALSE,Withlacoochee State Forest,-81.8167,28.35
104747,1773,P. Genelle,G. Fleming,Hernando Co.,Asteraceae,Bidens,null,null,33955,null,null,null,TRUE,3604,null,alba,L.,DC.,04/22/1973,"Croom Section, Silver Lake Recreation Area.",1982,"Damp, shaded.",Flower,Fruit,null,null,null,null,null,null,null,null,FALSE,Withlacoochee State Forest,-82.227588,28.587772
122569,2162,P. Genelle,G. Fleming,Sumter Co.,Asteraceae,Bidens,null,null,34659,null,null,null,TRUE,3097,null,mitis,Michx.,Sherff,06/28/1975,Cabbage Head Road.,null,Damp stream bed.,Flower,null,null,null,null,null,null,null,null,null,FALSE,Withlacoochee State Forest,-81.8167,28.35
120749,2112,P. Genelle,G. Flemming,Pasco Co.,Urticaceae,Boehmeria,null,null,109556,null,null,null,TRUE,3820,null,cylindrica,L.,Sw.,06/14/1975,Richloam section.,1983,On cypress [Taxodium] stump.,Fertile,null,null,null,null,null,null,null,null,null,FALSE,Withlacoochee State Forest,-82.172029,28.465832
199013,s.n.,K. Holland,R. Mears,Hernando Co.,Poaceae,Bothriochloa,null,null,48168,songarica,Rupr. ex Fisch. & C. A. Mey.,Celarier & Harlan,TRUE,374,var.,ischaemum,L.,Keng,04/08/1989,Under I-75 overpass on road that leads to Silver Lake.,null,Dry roadside; disturbed site.,Fertile,null,null,null,null,null,null,null,null,null,FALSE,Withlacoochee State Forest,-81.8167,28.35
104827,1823RI,P. Genelle,G. Fleming,Sumter Co.,Orobanchaceae,Buchnera,null,null,22887,null,null,null,TRUE,3498,null,americana,L.,null,05/05/1973,River Road.,Oct 1980,"Full sun, sandy pinelands.",Bud,Fruit,null,null,null,null,null,null,null,null,FALSE,Withlacoochee State Forest,-81.8167,28.35
223869,19734,S. L. Orzell,E.L. Bridges,Citrus Co.,Cyperaceae,Bulbostylis,null,null,69877,null,null,null,TRUE,3219,null,ciliatifolia,Elliott,Fernald,06/29/1992,"Just E of section line road, ca. 1.4 mi. S of Fivemile Pond, ca. 3.5 air mi. S of FL 44, ca. 10 air mi. E of Homosassa Springs. T19S, R19E, Sec. 27, SW¼.",null,Mature burned longleaf pine [Pinus palustris] / turkey oak [Quercus leavis] sandhill savanna; soils: Lakeland (Typic Quartzipsamments).,Fertile,null,null,null,null,null,null,100,130,ft,FALSE,Withlacoochee State Forest,-82.4025,28.80472222
227234,2536,M. T. Strong,,Hernando Co.,Cyperaceae,Bulbostylis,null,null,69956,null,null,null,TRUE,823,null,stenophylla,Elliott,C. B. Clarke,08/29/2000,"Just N and S of sand road W of FL 471 and fish hatchery, just N of the Hernando/Polk County line, 8 km S of Tarrytown, and 9-11 km NE of Lacoochee.",null,Cut-over border of pine flatwoods.,Fertile,null,null,null,null,null,null,null,null,null,FALSE,Withlacoochee State Forest,-82.45,28.5333
227164,2583,M. T. Strong,,Sumter Co.,Cyperaceae,Bulbostylis,null,null,69970,null,null,null,TRUE,823,null,stenophylla,Elliott,C. B. Clarke,09/02/2000,"0.5-1 km E of FL 471, ca. 16 km S of Tarrytown.",null,Pine flatwoods.,Fertile,null,null,null,null,null,null,null,null,null,FALSE,Withlacoochee State Forest,-82.05,28.55
192415,81,C. vanHoek,,Citrus Co.,Cyperaceae,Bulbostylis,null,null,69989,null,null,null,TRUE,649,null,warei,Torr.,C. B. Clarke,09/19/1987,"Citrus Wildlife Management Area, along the Florida Trail. T20S, R19E, Sec. 20.",null,Sandy pineland.,Fertile,null,null,null,null,null,null,null,null,null,FALSE,Withlacoochee State Forest,-82.45,28.8667
227250,2520,M. T. Strong,,Hernando Co.,Lamiaceae,Callicarpa,null,null,14678,null,null,null,TRUE,3546,null,americana,L.,null,08/29/2000,"Just N and S of sand road W of FL 471 and fish hatchery, just N of the Hernando/Polk County line, 8 km S of Tarrytown, and 9-11 km NE of Lacoochee.",null,Pine flatwoods.,Fruit,null,null,null,null,Fruits bright blue.,null,null,null,null,FALSE,Withlacoochee State Forest,-82.45,28.5333
120748,2113,P. Genelle,G. Fleming,Pasco Co.,Lamiaceae,Callicarpa,null,null,14425,null,null,null,TRUE,3546,null,americana,L.,null,06/14/1975,Richloam section.,null,"White sand, pinelands area.",Bud,Flower,null,null,null,null,null,null,null,null,FALSE,Withlacoochee State Forest,-82.172029,28.465832
203233,219,C. vanHoek,S. Petty,Hernando Co.,Commelinaceae,Callisia,null,null,67044,null,null,null,TRUE,2837,null,cordifolia,Sw.,E. S. Anderson & Woodson,12/21/1990,"Headquarters tract, E side of US 41, N of FL 476 between offices and McKethan Park entrance.",null,Rocky woods.,Fertile,null,null,null,null,null,null,null,null,null,FALSE,Withlacoochee State Forest,-81.8167,28.35
104757,1783,P. Genelle,G. Fleming,Hernando Co.,Campanulaceae,Campanula,null,null,184666,null,null,null,TRUE,1068,null,floridana,S. Watson ex A. Gray,null,04/22/1973,Withlacoochee State Forest; in area near where the Withlacoochee River enters Silver Lake.,Jul 1984,Mat of plants in damp roadside ditch.,Flower,null,null,null,null,null,null,null,null,null,FALSE,null,-81.8167,28.35
104815,1811,P. Genelle,G. Fleming,Hernando Co.,Campanulaceae,Campanula,null,null,184718,null,null,null,TRUE,1068,null,floridana,S. Watson ex A. Gray,null,05/06/1973,"Withlacoochee State Forest, Tower Road.",Jul 1984,"Richloam section; damp, sandy loam, partial shade.",Flower,null,null,null,null,null,null,null,null,null,FALSE,null,-81.8167,28.35
279503,s.n.,C. Werner,null,Hernando Co.,Campanulaceae,Campanula,null,null,111368,null,null,null,TRUE,1128,null,robinsiae,Small,null,03/19/2015,Contact USF Herbarium if additional information is required,null,"Adjacent to muddy tire ruts; dark mucky soil in full sun, with Sisyrinchium and Paspalum notatum.",Fertile,null,null,null,null,null,null,null,null,null,TRUE,Withlacoochee State Forest,null,null
120893,2123,P. Genelle,G. Fleming,Pasco Co.,Bignoniaceae,Campsis,null,null,15072,null,null,null,TRUE,925,null,radicans,L.,Seem.,06/14/1975,Richloam section.,null,"Roadside, white sand.",Bud,Flower,null,null,null,Climbing.,null,null,null,null,FALSE,Withlacoochee State Forest,-82.172029,28.465832
120846,2158,P. Genelle,G. Fleming,Sumter Co.,Lamiaceae,Cantinoa,null,null,58462,null,null,null,TRUE,134,null,mutabilis,Rich.,Harley & J.F.B. Pastore,06/28/1975,"Edge of county line, approaching C-565.",Jul 2014,Roadside.,Fertile,null,null,null,null,null,null,null,null,null,FALSE,Withlacoochee State Forest,-81.8167,28.35
108163,1904,P. Genelle,G. Fleming,Hernando Co.,Lamiaceae,Cantinoa,null,null,58465,null,null,null,TRUE,134,null,mutabilis,Rich.,Harley & J.F.B. Pastore,11/18/1973,Fire Tower Road.,Jul 2014,Rich loam section.,Fertile,null,null,null,null,null,null,null,null,null,FALSE,Withlacoochee State Forest,-81.8167,28.35
203724,232,C. vanHoek,S. Petty,Sumter Co.,Brassicaceae,Cardamine,null,null,55374,null,null,null,TRUE,3038,null,pensylvanica,Muhl. ex Willd.,null,02/07/1992,"Croom portion of the Withlacoochee State Forest. T21S, R21E, Sec. 31.",1994,Moist soil.,Fertile,null,null,null,null,null,null,null,null,null,FALSE,Hog Island Recreation Area,-82.2167,28.5833
104198,1706,P. Genelle,G. Fleming,Hernando Co.,Brassicaceae,Cardamine,null,null,55315,null,null,null,TRUE,3038,null,pensylvanica,Muhl. ex Willd.,null,01/08/1973,Croom area.,1994,"River edge, sandy.",Fertile,null,null,null,null,null,null,null,null,null,FALSE,Withlacoochee State Forest,-82.227588,28.587772
255330,22603,S. L. Orzell,E.L. Bridges,Sumter Co.,Cyperaceae,Carex,null,null,70110,null,null,null,TRUE,2990,null,alata,Torr.,null,03/29/1994,"N side of Center Grade Road, ca. 1.3 mi. E of junction FL 471, near Weeks Pond and N of Gator Hole Slough, ca. 7.7 mi. S of junction FL 50 at Tarrytown. T23S, R23E, Sec. 29, NW¼.",null,Hydric hammock; soils: Vero (Alfic Haplaquods).,Fertile,null,null,null,null,null,null,null,null,null,FALSE,Withlacoochee State Forest,-82.03611111,28.45833333
202268,222,C. vanHoek,S. Petty,Hernando Co.,Cyperaceae,Carex,null,null,70255,capillacea,L. H. Bailey,Reznicek,TRUE,2903,subsp.,atlantica,L. H. Bailey,null,02/21/1991,"Ca. 200 ft. into Headquarters Tract, E of the culvert on US 41 N, ca. 0.5 mi. N of FL 476, ca. 8 mi. N of Brooksville.",null,Bordering a creek bed.,Fertile,null,null,null,null,null,null,null,null,null,FALSE,Withlacoochee State Forest,-82.387871,28.555272
202274,223,C. vanHoek,S. Petty,Hernando Co.,Cyperaceae,Carex,null,null,70276,null,null,null,TRUE,2877,null,basiantha,Steud.,null,03/15/1991,"E side US 41N, 0.5 mi. N FL 476, ca. 8 mi. N of Brooksville; Headquarters Tract. T21S, R20E, Sec. 20.",1998,Moist hardwood hammock.,Fertile,null,null,null,null,null,null,null,null,null,FALSE,Withlacoochee State Forest,-82.387871,28.555272
204183,242,C. vanHoek,S. Petty,Sumter Co.,Cyperaceae,Carex,null,null,70369,null,null,null,TRUE,3226,null,dasycarpa,Muhl.,null,03/27/1992,"Hog Island Recreational Area, between stations 12/13 of the nature trail in the Croom portion of the SF; ca. 2 mi. SSE of Nobleton. T21S, R21E, Sec. 31.",null,null,Fertile,null,null,null,null,null,null,null,null,null,FALSE,Withlacoochee State Forest,-82.25,28.6333
228945,19109,S. L. Orzell,E.L. Bridges,Sumter Co.,Cyperaceae,Carex,null,null,70727,null,null,null,TRUE,4164,null,gholsonii,Naczi & Cochrane,null,03/02/1992,"N side of Center Grade Road, ca. 1.3 mi. E of junction FL 471, near Weeks Pond and N of Gator Hole Slough, ca. 7.7 mi. S of junction FL 50 at Tarrytown. T23S, R23E, Sec. 29, NW¼.",Feb 2003,Hydric hammock edges.,Fertile,null,null,null,null,null,null,90,92,ft,FALSE,Withlacoochee State Forest,-82.03611111,28.45833333
203726,233,C. vanHoek,S. Petty,Sumter Co.,Cyperaceae,Carex,null,null,70705,null,null,null,TRUE,526,null,gigantea,Rudge,null,02/21/1992,"North slough at 16/17 on the nature trail at Hog Island Recreation Area, Croom portion. T21S, R21E, Sec. 31.",1992,Moist bank of slough.,Fertile,null,null,null,null,null,null,null,null,null,FALSE,Withlacoochee State Forest,-82.2167,28.5833
120852,2118,P. Genelle,G. Fleming,Pasco Co.,Cyperaceae,Carex,null,null,70783,null,null,null,TRUE,526,null,gigantea,Rudge,null,06/14/1975,Richloam section.,Feb 1979,Glades.,Fertile,null,null,null,null,null,null,null,null,null,FALSE,Withlacoochee State Forest,-82.172029,28.465832
238948,22604,S. L. Orzell,E.L. Bridges,Sumter Co.,Cyperaceae,Carex,null,null,70999,null,null,null,TRUE,2966,null,lupuliformis,Sartw. ex  Dewey,null,03/29/1994,"N side of Center Grade Road, ca. 1.3 mi. E of junction FL 471, near Weeks Pond and N of Gator Hole Slough, ca. 7.7 mi. S of junction FL 50 at Tarrytown. T23S, R23E, Sec. 29, NW¼.",null,Hydric hammock. Soils - Vero (Alfic Haplaquods).,Fertile,null,null,null,null,null,null,null,null,null,FALSE,Withlacoochee State Forest,-82.03611111,28.45833333
223781,19792,S. L. Orzell,E.L. Bridges,Sumter Co.,Cyperaceae,Carex,null,null,71124,null,null,null,TRUE,2966,null,lupuliformis,Sartw. ex  Dewey,null,06/29/1992,"N side of Center Grade Road, ca. 1.3 mi. E of junction FL 471, near Weeks Pond and N of Gator Hole Slough, ca. 7.7 mi. S of junction FL 50 at Tarrytown. T23S, R23E, Sec. 29, NW¼.",null,Hydric hammock.,Fertile,null,null,null,null,null,null,90,92,ft,FALSE,Withlacoochee State Forest,-82.03611111,28.45833333
216565,502,C. vanHoek,"D.B. Ward, J. Buckner",Sumter Co.,Cyperaceae,Carex,null,null,52394,floridana,Schwein.,Kük.,TRUE,663,var.,nigromarginata,Schwein.,null,03/15/1996,"Baird Tract, Cedar Hammock; 5 mi. E of Tarrytown. T22S, R23E, Sec. 23.",1997,"Moist to mesic, calcareous woods.",Fertile,null,null,null,null,null,null,null,null,null,FALSE,Withlacoochee State Forest,-82.05,28.55
204690,279,C. vanHoek,,Sumter Co.,Cyperaceae,Carex,null,null,71834,null,null,null,TRUE,993,null,tribuloides,Wahlenb.,null,06/12/1992,"Hog Island, Croom portion of Withlacoochee State Forest, ca. 2 mi. SSE of Nobleton.",null,Swamp forest.,Fertile,null,null,null,null,null,null,null,null,null,FALSE,Hog Island Recreation Area,-82.25,28.6333
306887,s.n.,R. L. Mears,C. Warner,Hernando Co.,Cyperaceae,Carex,null,null,253898,null,null,null,TRUE,993,null,tribuloides,Wahlenb.,null,03/30/2024,"Tucker Hill Day Use Area; above ground terminus of creek flowing from Tucker Hill N of C-480, ca. 0.25 mi. from Tucker Hill parking area.",null,Seepage area.,Fertile,null,null,null,null,Locally abundant.,null,null,null,null,FALSE,Withlacoochee State Forest,null,null
233020,22601,S. L. Orzell,E.L. Bridges,Sumter Co.,Cyperaceae,Carex,null,null,72164,null,null,null,TRUE,2084,null,verrucosa,Muhl.,null,03/29/1994,"N side of Center Grade Road, ca. 1.3 mi. E of junction FL 471, near Weeks Pond and N of Gator Hole Slough, ca. 7.7 mi. S of junction FL 50 at Tarrytown. T23S, R23E, Sec. 29, NW¼.",null,Cypress [Taxodium] pond edges. Soils - Vero (Alfic Haplaquods).,Fertile,null,null,null,null,null,null,null,null,null,FALSE,Withlacoochee State Forest,-82.03361111,28.45833333
228005,19767,S. L. Orzell,E.L. Bridges,Pasco Co.,Cyperaceae,Carex,null,null,72167,null,null,null,TRUE,2084,null,verrucosa,Muhl.,null,06/29/1992,"N of Center Grade Road, 0.5 mi. W of Sumter County line and FL 471, ca. 1.1 mi. SSE of Clay Sink, ca. 9.5 air mi. NE of Dade City. T23S, R22E, Sec. 25, SW¼ of NE¼.",null,Cypress [Taxodium] dome swamp in wetland pine savanna.,Fertile,null,null,null,null,null,null,85,90,ft,FALSE,Withlacoochee State Forest,-82.05111111,28.45805556
108173,1915,P. Genelle,G. Fleming,Hernando Co.,Asteraceae,Carphephorus,null,null,36973,subtropicanus,DeLaney et al.,Wunderlin & B.F. Hansen,TRUE,4081,var.,odoratissimus,J. F. Gmel.,H. Hebert,11/18/1973,Richloam section; road to Yankee Swamp.,Oct 2001,null,Flower,Fruit,null,null,null,null,null,null,null,null,FALSE,Withlacoochee State Forest,-82.1,28.5
108172,1914,P. Genelle,G. Fleming,Hernando Co.,Asteraceae,Carphephorus,null,null,37118,null,null,null,TRUE,3093,null,paniculatus,J. F. Gmel.,H. Hebert,11/18/1973,Richloam section; Yankee Swamp,null,null,Flower,null,null,null,null,null,null,null,null,null,FALSE,Withlacoochee State Forest,-82.1,28.5
241872,13086,B. F. Hansen,,Sumter Co.,Juglandaceae,Carya,null,null,85013,null,null,null,TRUE,944,null,glabra,Mill.,Sweet,11/09/2005,"Ca. 2 mi. N of Croom. T22S, R21E, Sec. 32.",null,Forested roadside.,null,null,null,null,null,Large tree.,null,null,null,null,FALSE,Withlacoochee State Forest,-82.2167,28.5833
104746,1772,P. Genelle,G. Fleming,Hernando Co.,Juglandaceae,Carya,null,null,85009,null,null,null,TRUE,944,null,glabra,Mill.,Sweet,Apr 1973,"Croom section, Silver Lake Recreation area.",null,"Damp, shaded.",Flower,null,null,null,null,null,null,null,null,null,FALSE,Withlacoochee State Forest,-82.227588,28.587772
208171,371,C. vanHoek,S. Petty,Citrus Co.,Juglandaceae,Carya,null,null,85031,null,null,null,TRUE,2059,null,tomentosa,Nutt.,null,08/13/1993,"Citrus Wildlife Management Area; ca. 0.5 mi. S of Stage Pond, S of FL 480.  T21S, R19E, Sec. 4.",Aug 2010,null,null,null,null,null,null,null,null,null,null,null,FALSE,Withlacoochee State Forest,-82.45,28.8667
214612,494,C. vanHoek,"S. Petty, G. Kountz, T. Kountz",Sumter Co.,Juglandaceae,Carya,null,null,85030,null,null,null,TRUE,2059,null,tomentosa,Nutt.,null,10/05/1995,"Croom Wildlife Management Area; Florida Trail, 3 mi. SE of Hog Island, 1 mi. NNE of Iron Bridge.",Aug 2010,Mesic woods.,null,null,null,null,null,null,null,null,null,null,FALSE,Withlacoochee State Forest,-82.2167,28.5833
186239,s.n.,C. vanHoek,,Hernando Co.,Bignoniaceae,Catalpa,null,null,15107,null,null,null,TRUE,3195,null,bignonioides,Walter,null,05/11/1985,"Citrus Wildlife Management Area, 4 mi. S of Inverness.  T20S, R19E, Sec. 14.",null,Ringing E side of the tailings pond pit.,Fruit,null,null,null,null,null,null,null,null,null,FALSE,Withlacoochee State Forest,-81.8167,28.35
197808,s.n.,R. L. Mears,K. Holland,Hernando Co.,Bignoniaceae,Catalpa,null,null,15108,null,null,null,TRUE,3195,null,bignonioides,Walter,null,06/18/1988,"T22S, R21E, Sec. 8.",null,null,Fruit,null,null,null,null,null,null,null,null,null,FALSE,Withlacoochee State Forest,-81.8167,28.35
126681,5740,R. P. Wunderlin,,Hernando Co.,Poaceae,Cenchrus,null,null,48335,null,null,null,TRUE,2501,null,gracillimus,Nash,null,01/29/1977,McKethan Park.,1985,Mixed deciduous hardwoods with a few scattered pines.,Fertile,null,null,null,null,null,null,null,null,null,FALSE,Withlacoochee State Forest,-81.8167,28.35
105076,1843,P. Genelle,G. Fleming,Hernando Co.,Araliaceae,Centella,null,null,15635,null,null,null,TRUE,709,null,asiatica,L.,Urb.,05/20/1973,Richloam section.,null,Edge of bog.,Flower,Fruit,null,null,null,null,null,null,null,null,FALSE,Withlacoochee State Forest,-82.1,28.5
300236,s.n.,C. Werner,,Hernando Co.,Asteraceae,Centratherum,null,null,234965,null,null,null,TRUE,1329,null,punctatum,Cass.,null,05/08/2019,Croom Tract.,null,"In sandy soil in partial shade in the middle of a 2 track dirt road; sand hill on W edge of road, horse paddock on private lane bordering the E side of the road.",Flower,null,null,null,null,null,null,null,null,null,FALSE,Withlacoochee State Forest,-82.30666667,28.59194444
120355,2174,P. Genelle,G. Fleming,Pasco Co.,Fabaceae,Centrosema,null,null,741,null,null,null,TRUE,1201,null,arenicola,Small,F. J. Herm.,08/09/1975,Contact USF Herbarium if additional information is required,Feb 1984,null,Flower,null,null,null,null,Twining on shrubs.,null,null,null,null,TRUE,Withlacoochee State Forest,null,null
105116,1870,P. Genelle,G. Fleming,Citrus Co.,Fabaceae,Centrosema,null,null,773,null,null,null,TRUE,889,null,virginianum,L.,Benth.,05/27/1973,Citrus section TR 20.,Feb 1984,"Sand pine [Pinus clausa], oak, open sun.",Flower,Immature Fruit,null,null,null,null,null,null,null,null,FALSE,Withlacoochee State Forest,-82.45,28.8667
120511,2160,P. Genelle,G. Fleming,Sumter Co.,Fabaceae,Centrosema,null,null,790,null,null,null,TRUE,889,null,virginianum,L.,Benth.,06/28/1975,Cabbage Head Road.,Feb 1984,Wet pinelands.,Flower,Immature Fruit,null,null,null,null,null,null,null,null,FALSE,Withlacoochee State Forest,-81.8167,28.35
120827,2111,P. Genelle,G. Fleming,Pasco Co.,Rubiaceae,Cephalanthus,null,null,16075,null,null,null,TRUE,3610,null,occidentalis,L.,null,06/14/1975,null,null,Cypress [Taxodium] swamp.,Immature Fruit,null,null,null,null,null,null,null,null,null,FALSE,Withlacoochee State Forest,-82.172029,28.465832
105105,1869,P. Genelle,G. Fleming,Hernando Co.,Rubiaceae,Cephalanthus,null,null,16099,null,null,null,TRUE,3610,null,occidentalis,L.,null,05/20/1973,"Richloam section, Tower Road.",null,"Open sun, roadside, sandy loam.",Bud,Flower,null,null,null,null,null,null,null,null,FALSE,Withlacoochee State Forest,-82.1,28.5
198678,163,C. vanHoek,,Pasco Co.,Pteridaceae,Ceratopteris,null,null,43764,null,null,null,TRUE,1677,null,thalictroides,L.,Brongn.,11/29/1988,Richloam Wildlife Management Area; 200 ft. E of the Withlacoochee River midway between High Bluffs and the C-575 bridge.,null,null,null,null,null,null,null,null,null,null,null,null,FALSE,Withlacoochee State Forest,-82.172029,28.465832
306125,3431,C. F. Caudle,"M.L. Gilbert, M.S. Tisdale",Hernando Co.,Fabaceae,Chamaecrista,null,null,253117,null,null,null,TRUE,3026,null,fasciculata,Michx.,Greene,07/06/1963,"Withlacoochee State Forest; McKinney Sink Road, Richloam. T22S, R22E, Secs. 31, 32; T22S, R22E, Secs. 5, 6.",13-Jul-2017,null,Flower,null,null,null,null,null,null,null,null,null,FALSE,null,null,null
207064,330,C. vanHoek,S. Petty,Hernando Co.,Fabaceae,Chamaecrista,null,null,1174,null,null,null,TRUE,1332,null,rotundifolia,Pers.,Greene,12/04/1992,"Headquarters Tract, corner [of] FL 476 and US 41.  T21S, R20E, Sec. 19, SW¼ of SE¼.",1993,"Dry, disturbed area.",Flower,Fruit,null,null,null,null,null,null,null,null,FALSE,Withlacoochee State Forest,-81.8167,28.35
208233,378,C. vanHoek,S. Petty,Sumter Co.,Poaceae,Chasmanthium,null,null,49366,null,null,null,TRUE,3279,null,sessiliflorum,Poir.,H. O. Yates,08/27/1993,"Along the Florida Trail from Hog Island to Iron Bridge, Croom Wildlife Management Area.  T22S, R21E, Sec. 5.",null,Moist hammock.,Fertile,null,null,null,null,null,null,null,null,null,FALSE,Withlacoochee State Forest,-82.2167,28.5833
104742,1768,P. Genelle,G. Fleming,Hernando Co.,Oleaceae,Chionanthus,null,null,54010,null,null,null,TRUE,3468,null,virginicus,L.,null,04/22/1973,Croom section; forest road to Silver Lake Recreation area.,July 1976,"Dry, sandy partial shade.",Flower,null,null,null,null,null,null,null,null,null,FALSE,Withlacoochee State Forest,-82.227588,28.587772
301303,s.n.,H. Sharkey,,Citrus Co.,Asteraceae,Chromolaena,null,null,240498,null,null,null,TRUE,2785,null,odorata,L.,R. M. King & H. Rob.,11/05/2019,Citrus Tract; ca. 0.6 mi. S of Radar Hill lime-rock mine.,null,Slash pine [Pinus elliottii] plantation with Bahiagrass [Paspalum notatum].,Flower,null,null,null,null,null,null,null,null,null,FALSE,Withlacoochee State Forest,-82.40444444,28.67027778
302324,s.n.,H. Sharkey,,Citrus Co.,Asteraceae,Chromolaena,null,null,243890,null,null,null,TRUE,2785,null,odorata,L.,R. M. King & H. Rob.,11/05/2019,Citrus Tract; ca. 0.6 mi. S of Radar Hill lime-rock mine.,null,Slash pine [Pinus elliottii] plantation with bahiagrass [Paspalum notatum].,Flower,null,null,null,null,null,null,null,null,null,FALSE,Withlacoochee State Forest,-82.40444444,28.67027778
206836,332,C. vanHoek,S. Petty,Sumter Co.,Asteraceae,Chrysopsis,null,null,38482,null,null,null,TRUE,2582,null,scabrella,Torr. & A. Gray,null,10/16/1992,"At #23 of the Hog Island Nature Trail, Croom Wildlife Management Area.",2005,"Open, dry woods.",Flower,null,null,null,null,null,null,null,null,null,FALSE,Withlacoochee State Forest,-82.2167,28.5833
204624,265,C. vanHoek,,Sumter Co.,Apiaceae,Cicuta,null,null,61249,null,null,null,TRUE,3687,null,maculata,L.,null,04/24/1992,"Croom Wildlife Management Area, Withlacoochee State Forest, Withlacoochee River; ca. 2 mi. SSE of Nobelton.",1994,River banks.,Bud,null,null,null,null,null,null,null,null,null,FALSE,Hog Island Recreation Area,-82.2167,28.5833
120697,2124,P. Genelle,G. Fleming,Pasco Co.,Apiaceae,Cicuta,null,null,61252,null,null,null,TRUE,3687,null,maculata,L.,null,06/14/1975,null,1994,"Stream edge; shaded, moist, muck soil; richloam section.",Flower,null,null,null,null,null,null,null,null,null,FALSE,Withlacoochee State Forest,-82.172029,28.465832
104804,1800,P. Genelle,G. Fleming,Hernando Co.,Asteraceae,Cirsium,null,null,39003,null,null,null,TRUE,3210,null,horridulum,Michx.,null,05/05/1973,null,null,"Sandy pinelands, Pinus elliottii.",Flower,null,null,null,null,null,null,null,null,null,FALSE,Withlacoochee State Forest,-81.8167,28.35
105080,1845,P. Genelle,G. Fleming,Hernando Co.,Asteraceae,Cirsium,null,null,16717,null,null,null,TRUE,1018,null,nuttallii,DC.,null,05/20/1973,Richloam section; Tower Road.,1997,"Roadside, damp, shaded, loam.",Bud,Fruit,null,null,null,null,null,null,null,null,FALSE,Withlacoochee State Forest,-82.1,28.5
104799,1795,P. Genelle,G. Fleming,Hernando Co.,Euphorbiaceae,Cnidoscolus,null,null,56799,null,null,null,TRUE,4043,null,stimulosus,Michx.,Engelm. & A. Gray,05/05/1973,null,05-Sep-2005,Sandy pinelands withPinus elliottii.,Bud,Flower,Immature Fruit,Fruit,null,null,null,null,null,null,FALSE,Withlacoochee State Forest,-81.8167,28.35
104732,1759,P. Genelle,G. Fleming,Hernando Co.,Euphorbiaceae,Cnidoscolus,null,null,56802,null,null,null,TRUE,4043,null,stimulosus,Michx.,Engelm. & A. Gray,04/22/1973,null,05-Sep-2005,"Roadside; in full sun, in dry, sandy soil.",Bud,Flower,Immature Fruit,null,null,null,null,null,null,null,FALSE,Withlacoochee State Forest,-81.8167,28.35
104626,1731G,P. Genelle,G. Fleming,Citrus Co.,Euphorbiaceae,Cnidoscolus,null,null,56942,null,null,null,TRUE,4043,null,stimulosus,Michx.,Engelm. & A. Gray,04/15/1973,Dames caves area.,30-Aug-2005,"Quercus laevis, Q. laurifolia, Pinus elliottii forming overhead shade.",Bud,Flower,null,null,null,null,null,null,null,null,FALSE,Withlacoochee State Forest,-81.8167,28.35
104200,1709,P. Genelle,G. Fleming,Hernando Co.,Commelinaceae,Commelina,null,null,16862,diffusa,null,null,TRUE,1438,var.,diffusa,Burm. f.,null,01/08/1973,"Croom area, start of canoe trail.",Nov 1983,"Open field, edge of hardwood forest.",Flower,Fruit,null,null,null,null,null,null,null,null,FALSE,Withlacoochee State Forest,-82.227588,28.587772
105096,1859,P. Genelle,G. Fleming,Hernando Co.,Commelinaceae,Commelina,null,null,16863,diffusa,null,null,TRUE,1438,var.,diffusa,Burm. f.,null,05/20/1973,Yankee Swamp.,Nov 1983,Cypress [Taxodium] bog.,Flower,Fruit,null,null,null,null,null,null,null,null,FALSE,Withlacoochee State Forest,-81.8167,28.35
237270,3132,M. T. Strong,,Sumter Co.,Commelinaceae,Commelina,null,null,67152,null,null,null,TRUE,3460,null,erecta,L.,null,07/26/2003,"Croom Management Area, SE of I-75, ca. 2–3 km SE of Croom.",null,Damp pineland-scrub bordering sand road.,Flower,Fruit,null,null,null,Petals blue.,null,null,null,null,FALSE,Withlacoochee State Forest,-82.2167,28.5833
105119,1879,P. Genelle,G. Fleming,Citrus Co.,Commelinaceae,Commelina,null,null,67378,null,null,null,TRUE,3460,null,erecta,L.,null,05/27/1973,Citrus section TR 20.,Nov 1983,"Sand, open sun.",Fertile,null,null,null,null,null,null,null,null,null,FALSE,Withlacoochee State Forest,-82.45,28.8667
227237,2534,M. T. Strong,,Hernando Co.,Asteraceae,Coreopsis,null,null,39699,null,null,null,TRUE,1180,null,leavenworthii,Torr. & A. Gray,null,08/29/2000,"Just N and S of sand road W of FL 471 and fish hatchery, jut N of the Polk County line, 8 km S of Tarrytown and 9-11 km NE of Lacoochee.",null,Wet ditch bordering pine flatwoods along sand road.,Flower,null,null,null,null,"Ray flowers yellow, disk flower brown-purple.",null,null,null,null,FALSE,Withlacoochee State Forest,-81.8167,28.35
104202,1711,P. Genelle,G. Fleming,Hernando Co.,Asteraceae,Coreopsis,null,null,39909,null,null,null,TRUE,1180,null,leavenworthii,Torr. & A. Gray,null,01/08/1973,Croom area; start of canoe trail.,null,Edge of river.,Flower,null,null,null,null,null,null,null,null,null,FALSE,Withlacoochee State Forest,-82.227588,28.587772
104826,1822,P. Genelle,G. Fleming,Sumter Co.,Asteraceae,Coreopsis,null,null,39910,null,null,null,TRUE,1180,null,leavenworthii,Torr. & A. Gray,null,05/03/1973,River Road.,null,"Sandy pinelands, full sun.",Flower,null,null,null,null,null,null,null,null,null,FALSE,Withlacoochee State Forest,-81.8167,28.35
105128,1889,P. Genelle,G. Fleming,Citrus Co.,Cornaceae,Cornus,null,null,16612,null,null,null,TRUE,3184,null,asperifolia,Michx.,null,05/27/1973,"Citrus section, TR 22, Dames Cave area.",1979,"Heavily shaded, sandy.",Flower,null,null,null,null,null,null,null,null,null,FALSE,Withlacoochee State Forest,-82.45,28.8667
105122,1883,P. Genelle,G. Fleming,Citrus Co.,Rosaceae,Crataegus,null,null,104504,null,null,null,TRUE,2976,null,michauxii,Pers.,null,05/27/1973,Withlacoochee State Forest. Citrus section TR 15.,Sep 2014,"Pinelands, dry sand.",null,null,null,null,null,null,null,null,null,null,FALSE,null,-82.45,28.8667
104744,1770,P. Genelle,G. Fleming,Hernando Co.,Cistaceae,Crocanthemum,null,null,98199,null,null,null,TRUE,2072,null,corymbosum,Michx.,Britton,04/22/1973,"Croom section, forest road to Silver Lake Recreation area.",Aug 2013,"Dry, sandy, partial shade.",Flower,null,null,null,null,null,null,null,null,null,FALSE,Withlacoochee State Forest,-82.227588,28.587772
104802,1798,P. Genelle,G. Fleming,Hernando Co.,Cistaceae,Crocanthemum,null,null,98202,null,null,null,TRUE,2072,null,corymbosum,Michx.,Britton,05/05/1973,null,Aug 2013,"Sandy pinelands, Pinus elliottii.",Flower,null,null,null,null,null,null,null,null,null,FALSE,Withlacoochee State Forest,-81.8167,28.35
104629,1734,P. Genelle,G. Fleming,Citrus Co.,Cistaceae,Crocanthemum,null,null,98209,null,null,null,TRUE,2072,null,corymbosum,Michx.,Britton,04/15/1973,Dames Caves area.,Aug 2013,Partial shade.,Flower,Fruit,null,null,null,null,null,null,null,null,FALSE,Withlacoochee State Forest,-84.6667,30.2333
263884,10899,L. Baltzell,,Citrus Co.,Asteraceae,Croptilon,null,null,79232,null,null,null,TRUE,2651,null,divaricatum,Nutt.,Raf.,09/24/1979,"S of FL 44, 7.3 mi. W of Inverness.",null,null,Flower,null,null,null,null,Many scattered plants; flowers yellow.,null,null,null,null,FALSE,Withlacoochee State Forest,-82.330372,28.835818
204622,263,C. vanHoek,,Sumter Co.,Fabaceae,Crotalaria,null,null,1347,null,null,null,TRUE,1647,null,lanceolata,E. Mey.,null,04/24/1992,"Riverbank, Withlacoochee River, group camping area, Hog Island Recreation Area, Croom Wildlife Management Area; ca. 2 mi. SSE of Nobleton.  T21S, R21E, Sec. 31.",1992,Riverbank.,Flower,Fruit,null,null,null,null,null,null,null,null,FALSE,Withlacoochee State Forest,-82.25,28.6333
203825,237,C. vanHoek,S. Petty,Hernando Co.,Fabaceae,Crotalaria,null,null,1399,null,null,null,TRUE,1635,null,ochroleuca,G. Don,null,11/02/1991,"Area C, Headquarters Tract; right side of US 41N, ca. 3 mi. N of FL 476, ca. 10 mi. N of Brooksville.  T21S, R20E, Sec. 17.",1992,Sandhills.,Flower,Immature Fruit,null,null,null,null,null,null,null,null,FALSE,Withlacoochee State Forest,-82.387871,28.555272
227302,2541,M. T. Strong,,Hernando Co.,Fabaceae,Crotalaria,null,null,1691,null,null,null,TRUE,3328,null,rotundifolia,J. F. Gmel.,null,08/29/2000,"Just N and S of sand road W of FL 471 and fish hatchery, just N of Hernando and Polk County line; 8 km S of Tarrytown, and 9-11 km NE of Lacoochee.",2000,Cut-over border of pine flatwoods.,Flower,null,null,null,null,null,null,null,null,null,FALSE,Withlacoochee State Forest,-82.45,28.5333
104838,1834 R1,P. Genelle,G. Fleming,Sumter Co.,Fabaceae,Crotalaria,null,null,1753,null,null,null,TRUE,3328,null,rotundifolia,J. F. Gmel.,null,05/06/1973,"Richloam section, River Road.",null,"Miost pinelands, open sun.",Flower,Fruit,null,null,null,null,null,null,null,null,FALSE,Withlacoochee State Forest,-81.8167,28.35
226266,19741,S. L. Orzell,E.L. Bridges,Citrus Co.,Fabaceae,Crotalaria,null,null,1716,null,null,null,TRUE,3328,null,rotundifolia,J. F. Gmel.,null,06/29/1992,"Just E of section line road., ca. 1.4 mi. S of Fivemile Pond, ca. 3.5 air mi. S of FL 44, ca. 10 air mi. E of Homosassa Springs.  T19S, R19E, Sec. 27, SW¼.",1992,Mature burned longleaf pine [Pinus palustris]sandhill savanna.  Soils: Lakeland (Typic Quartzipsamments),Flower,Immature Fruit,null,null,null,null,null,100,130,ft,FALSE,Withlacoochee State Forest,-82.4025,28.80472222
226349,19740,S. L. Orzell,E.L. Bridges,Citrus Co.,Fabaceae,Crotalaria,null,null,1680,null,null,null,TRUE,3328,null,rotundifolia,J. F. Gmel.,null,06/29/1992,"Just E of section line road, ca. 1.4 mi. S of Fivemile Pond, ca. 3.5 air mi. S of FL 44, ca. 10 air mi. E of Homosassa Springs.  T19S, R19E, Sec. 27, SW¼.",1992,Mature burned longleaf pine [Pinus palustris] sandhill savanna.  Soils: Lakeland (Typic Quartzipsamments).,Flower,null,null,null,null,null,null,100,130,ft,FALSE,Withlacoochee State Forest,-82.4025,28.80472222
105112,1874,P. Genelle,G. Fleming,Citrus Co.,Euphorbiaceae,Croton,null,null,57139,null,null,null,TRUE,2097,null,argyranthemus,Michx.,null,05/27/1973,"Citrus [County?] section. T20S, R20E.",null,"Sand, pine and oak, open sun.",Bud,Flower,Immature Fruit,null,null,null,null,null,null,null,FALSE,Withlacoochee State Forest,-82.45,28.8667
227757,19744,S. L. Orzell,E.L. Bridges,Citrus Co.,Euphorbiaceae,Croton,null,null,57058,null,null,null,TRUE,2097,null,argyranthemus,Michx.,null,06/29/1992,"Just E of section line road, ca. 1.4 mi. S of Fivemile Pond, ca. 3.5 air mi. S of FL 44, ca. 10 air mi. E of Homosassa Springs. T19S, R19E, Sec. 27, SW¼.",null,Mature burned longleaf pine [Pinus palustris] sandhill savanna. Soils - Lakeland (Typic Quartzipsamments).,Fertile,null,null,null,null,null,null,100,130,ft,FALSE,Withlacoochee State Forest,-82.4025,28.80472222
120714,2125,P. Genelle,G. Fleming,Pasco Co.,Euphorbiaceae,Croton,null,null,57623,null,null,null,TRUE,3217,null,michauxii,G. L. Webster,null,06/14/1975,null,1993,"Rich loam section; roadside, open sun.",Fertile,null,null,null,null,null,null,null,null,null,FALSE,Withlacoochee State Forest,-82.172029,28.465832
120348,2186,P. Genelle,G. Fleming,Pasco Co.,Fabaceae,Ctenodon,null,null,212,null,null,null,TRUE,2304,null,viscidulus,Michx.,D.B.O.S.Cardoso et al.,08/09/1975,"Clay Sink Road, abandoned railroad bed.",Jul 2021,"Abandoned railroad bed, soil dry.",Flower,Fruit,null,null,null,null,null,null,null,null,FALSE,Withlacoochee State Forest,-82.172029,28.465832
226190,19724,S. L. Orzell,E.L. Bridges,Citrus Co.,Fabaceae,Ctenodon,null,null,215,null,null,null,TRUE,2304,null,viscidulus,Michx.,D.B.O.S.Cardoso et al.,06/29/1992,"Just E of section line road, ca. 1.4 mi. S of Fivemile Pond, ca. 3.5 air mi. S of FL 44, ca. 10 air mi. E of Homosassa Springs. Lecanto 7.5' Quad.  T19S, R19E, Sec. 27, SW¼.",Jul 2021,Mature burned longleaf pine [Pinus palustris] sandhill savanna.  Soils: Lakeland (Typic Quartzipsamments).,Flower,Fruit,null,null,null,null,null,100,130,ft,FALSE,Withlacoochee State Forest,-82.4025,28.80472222
208231,373,C. vanHoek,S. Petty,Hernando Co.,Convolvulaceae,Cuscuta,null,null,60183,null,null,null,TRUE,759,null,indecora,Choisy,null,09/10/1993,"Wildlife Management Area; 1st closed road E of Forest Service Road 13, ca. 0.5 mi. N of Forest Service Road 26. T21S, R19E, Sec. 5, SE¼ of SW¼ of SE¼.",1995,Around low herbs [Croton glandulosus] in moist woods.,Flower,null,null,null,null,Twining.,null,null,null,null,FALSE,Withlacoochee State Forest,-81.8167,28.35
242221,3541,M. T. Strong,,Sumter Co.,Cyperaceae,Cyperus,null,null,72467,null,null,null,TRUE,3536,null,compressus,L.,null,08/10/2005,"Bushnell, ca. 9.7 km SW of Bushnell, bordering Withlacoochee State Forest.",null,Cemetery grounds.,Fertile,null,null,null,null,null,null,null,null,null,FALSE,Florida National Cemetery,-82.112863,28.664992
227211,2514,M. T. Strong,,Hernando Co.,Cyperaceae,Cyperus,null,null,72556,null,null,null,TRUE,829,null,croceus,Vahl,null,08/29/2000,"Just N and S of sand road W of FL 471 and fish hatchery, just N of Polk Co. line, 8 km S of Tarrytown, and 9–11 km NE of Lacoochee.",null,Pine flatwoods.,Fertile,null,null,null,null,null,null,null,null,null,FALSE,Withlacoochee State Forest,-81.8167,28.35
246044,3664,M. T. Strong,,Sumter Co.,Cyperaceae,Cyperus,null,null,72561,null,null,null,TRUE,829,null,croceus,Vahl,null,08/27/2006,"Bushnell, ca. 9.7 km (by air) SW of Bushnell, bordering Withlacoochee State Forest.",Aug 2008,Edge of hammock on cemetery grounds.,Fertile,null,null,null,null,null,null,null,null,null,FALSE,Florida National Cemetery,-82.112863,28.664992
245334,19738,S. L. Orzell,E.L. Bridges,Citrus Co.,Cyperaceae,Cyperus,null,null,72902,null,null,null,TRUE,527,null,filiculmis,Vahl,null,06/29/1992,"Just E of section line road, ca. 1.4 mi. W of Fivemile Pond, ca. 3.5 air mi. S of FL 44, ca. 10 air mi. E of Homosassa Springs. T19S, R19E, Sec. 27, SW¼.",null,Mature burned longleaf pine [Pinus palustris] sandhill. Soils - Lakeland (Typic Quartzipsamments).,Fertile,null,null,null,null,null,null,100,130,ft,FALSE,Withlacoochee State Forest,-82.4025,28.80472222
223949,19738,S. L. Orzell,E.L. Bridges,Citrus Co.,Cyperaceae,Cyperus,null,null,72979,null,null,null,TRUE,527,null,filiculmis,Vahl,null,06/29/1992,"Just E of section line road, ca. 1.4 mi. S of Fivemile POnd, ca. 3.5 air mi. S of FL 44, ca. 10 air mi. E of Homosassa Springs. T19S, R19E, Sec. 27, SW¼.",null,Mature burned longleaf pine [Pinus palustris] sandhill savanna. Soils - Lakeland (Typic Quartzipsamments).,Fertile,null,null,null,null,null,null,100,130,ft,FALSE,Withlacoochee State Forest,-82.4025,28.80472222
227245,2535,M. T. Strong,,Hernando Co.,Cyperaceae,Cyperus,null,null,73903,null,null,null,TRUE,2372,null,ovatus,Baldwin,null,08/29/2000,"Just N and S of sand road W of SR 471 and fish hatchery, just N of Hernando and Polk county line, 8 km S of Tarrytown, and 9 - 11 km NE of Lacoochee.",29-Mar-2012,Cut-over border of pine flatwoods.,Fertile,null,null,null,null,null,null,null,null,null,FALSE,Withlacoochee State Forest,-82.45,28.5333
242452,3544,M. T. Strong,,Sumter Co.,Cyperaceae,Cyperus,null,null,74924,null,null,null,TRUE,2610,null,tetragonus,Elliott,null,08/10/2005,"Bushnell, ca. 9.7 km SW of Bushnell, bordering Withlacoochee State Forest.",null,Cemetery grounds.,Fertile,null,null,null,null,null,null,null,null,null,FALSE,Florida National Cemetery,-82.112863,28.664992
300858,s.n.,E. Williamson,,Summers Co.,Cyrillaceae,Cyrilla,null,null,238349,null,null,null,TRUE,2107,null,racemiflora,L.,null,05/28/2020,Richloam Tract.,null,"Wet flatwoods; with Salix caroliniana, Acer rubrum, Pinus elliottii, Panicum repens, and Ludwigia spp.",Flower,null,null,null,null,null,null,null,null,null,FALSE,Withlacoochee State Forest,-81.96861111,28.45777778
227248,2519,M. T. Strong,,Hernando Co.,Fabaceae,Dalea,null,null,1970,carnea,null,null,TRUE,635,var.,carnea,Michx.,Poir.,08/29/2000,"Just N and S of sand road W of FL 471 and fish hatchery, just N of Hernando and Polk County line, 8 km S of Tarrytown, and 9-11 km NE of Lacoochee.",2000,Pine flatwoods.,Flower,Immature Fruit,null,null,null,null,null,null,null,null,FALSE,Withlacoochee State Forest,-82.45,28.5333
232026,2775,M. T. Strong,,Citrus Co.,Fabaceae,Dalea,null,null,1977,carnea,null,null,TRUE,635,var.,carnea,Michx.,Poir.,08/26/2001,"0.2-0.6 km S of FL 480, 2.5 km E of FL 491, 13 km SW of Jumeau and 10 km NE of Bailey Hill.",2001,Along sand road in longleaf pine [Pinus palustris] sandhills.,Flower,null,null,null,null,Petals pink.,null,null,null,null,FALSE,Withlacoochee State Forest,-82.3,28.7167
210831,393,C. vanHoek,S. Petty,Citrus Co.,Fabaceae,Dalea,null,null,2022,null,null,null,TRUE,2534,null,feayi,Chapm.,Barneby,06/28/1994,"Withlacoochee State Forest, Citrus WMA [Wildlife Management Area], ca. 0.5 mi. S of FL 44 on E side of Forest Service Road 15.  T19S, R19E, Sec. 6.",1994,"Dry, sandy area at edge of sand pine [Pinus clausa] scrub.",Flower,Immature Fruit,null,null,null,null,null,null,null,null,FALSE,Inverness,-82.330372,28.835818
105123,1884,P. Genelle,G. Fleming,Citrus Co.,Fabaceae,Desmodium,null,null,2144,null,null,null,TRUE,2448,null,floridanum,Chapm.,null,05/27/1973,Citrus section; TR 15.,1983,"Pinelands, sandy, dry.",Flower,Fruit,null,null,null,null,null,null,null,null,FALSE,Withlacoochee State Forest,-82.45,28.8667
105120,1881,P. Genelle,G. Fleming,Citrus Co.,Fabaceae,Desmodium,null,null,2195,null,null,null,TRUE,3587,null,incanum,DC.,null,05/27/1973,Citrus section; TR 15.,1991,"Pinelands, sandy, dry.",Flower,Fruit,null,null,null,null,null,null,null,null,FALSE,Withlacoochee State Forest,-82.45,28.8667
194143,s.n.,S. Brenner,,Citrus Co.,Fabaceae,Desmodium,null,null,2230,null,null,null,TRUE,2047,null,lineatum,DC.,null,09/26/1987,Citrus Section; SW of intersection of the TR 13 & TR 18.,null,null,Flower,null,null,null,null,null,null,null,null,null,FALSE,Withlacoochee State Forest,-82.45,28.8667
192765,s.n.,S. Brenner,,Citrus Co.,Fabaceae,Desmodium,null,null,2231,null,null,null,TRUE,2047,null,lineatum,DC.,null,09/26/1987,Citrus Section; SW of intersection of the TR 13 & TR 18.,null,null,Flower,Immature Fruit,null,null,null,null,null,null,null,null,FALSE,Withlacoochee State Forest,-82.45,28.8667
203824,238,C. vanHoek,S. Petty,Hernando Co.,Fabaceae,Desmodium,null,null,2232,null,null,null,TRUE,3745,null,marilandicum,L.,DC.,10/28/1991,"Headquarters Tract C, E side of US 41 N, ca. 1 mi. S of Citrus County line, ca. 11 mi. N of Brooksville.  T21S, R20E, Sec. 17.",1991,"Open, dry woods.",Flower,Fruit,null,null,null,null,null,null,null,null,FALSE,Withlacoochee State Forest,-82.387871,28.555272
239760,768,J. M. Kunzer,C. Werner,Citrus Co.,Lamiaceae,Dicerandra,null,null,58151,robustior,Huck,null,TRUE,2507,var.,linearifolia,Elliott,Benth.,11/19/2004,"Citrus Tract, ca. 4 mi. NNW of Catawba. T20S, R19E, Sec. 15, SE¼.",18-Oct-2005,Disturbed sandhill.,Flower,null,null,null,null,null,null,null,null,null,FALSE,Withlacoochee State Forest,-82.39,28.73916667
241878,13079,B. F. Hansen,,Sumter Co.,Poaceae,Dichanthelium,null,null,52244,null,null,null,TRUE,2100,null,aciculare,Desv. ex Poir.,Gould & C. A. Clark,11/09/2005,"ca. 1.5 mi. N of Croom.  T22S, R21E, Sec. 5, NE¼.",null,Sandhill.,Fertile,null,null,null,null,null,null,null,null,null,FALSE,Withlacoochee State Forest,-82.2167,28.5833
228046,19732,S. L. Orzell,E.L. Bridges,Citrus Co.,Poaceae,Dichanthelium,null,null,52196,null,null,null,TRUE,2100,null,aciculare,Desv. ex Poir.,Gould & C. A. Clark,06/29/1992,"Just E of section line road, ca. 1.4 mi. S of Fivemile Pond, ca. 3.5 air mi. S of FL 44, ca. 10 air mi. E of Homosassa Springs.  T19S, R19E, Sec. 27, SW¼.",null,Mature burned longleaf pine [Pinus palustris] sandhill.  Soils - Lakeland (Typic Quartzipsamments).,Fertile,null,null,null,null,null,null,100,130,ft,FALSE,Withlacoochee State Forest,-82.4025,28.80472222
104375,1707,P. Genelle,G. Fleming,Hernando Co.,Poaceae,Dichanthelium,null,null,53212,null,null,null,TRUE,3701,null,commutatum,Schult.,Gould,01/08/1973,Croom area.,1981,Sand that was recently flooded at edge of river.,Fertile,null,null,null,null,null,null,null,null,null,FALSE,Withlacoochee State Forest,-82.227588,28.587772
204691,280,C. vanHoek,,Sumter Co.,Poaceae,Dichanthelium,null,null,53001,null,null,null,TRUE,3433,null,dichotomum,L.,Gould,06/12/1992,"Croom portion of Withlacoochee State Forest, ca. 2 mi. SSE of Nobleton; Hog Island. T21S, R21E, Sec. 31.",null,"Dry, open, disturbed woods.",Fertile,null,null,null,null,null,null,null,null,null,FALSE,Hog Island Recreation Area,-82.25,28.6333
216356,16448,S. L. Orzell,E.L. Bridges,Hernando Co.,Poaceae,Dichanthelium,null,null,52587,null,null,null,TRUE,2354,null,erectifolium,Nash,Gould & C. A. Clark,04/29/1991,"Ridge Manor; on E side of Boat Pond, ca. 2.4 air mi. NE of the US 301 and FL 50 junction. T22S, R22E, Sec. 31, SW¼ of NW¼ of NE¼.",null,Peaty center of a limesink depression pond. Floridana variant (Typic Umbraqualfs) soil.,Fertile,null,null,null,null,null,null,70,null,ft,FALSE,Withlacoochee State Forest,-82.14555556,28.53416667
236092,22606,S. L. Orzell,E.L. Bridges,Sumter Co.,Poaceae,Dichanthelium,null,null,52544,null,null,null,TRUE,3576,null,laxiflorum,Lam.,Gould,03/29/1994,"N side of Center Grade Road, ca. 1.3 mi. E of junction FL 471, near Weeks Pond and N of Gator Hole Slough, ca. 7.7 mi. S of junction FL 50 at Tarrytown. T23S, R23E, Sec. 29, NW¼.",null,Hydric hammock. Soils - Vero (Alfic Haplaquods).,Fertile,null,null,null,null,null,null,null,null,null,FALSE,Withlacoochee State Forest,-82.03611111,28.45833333
204617,273,C. vanHoek,,Sumter Co.,Poaceae,Dichanthelium,null,null,52215,null,null,null,TRUE,3080,null,portoricense,Desv. ex Ham.,B. F. Hansen & Wunderlin,05/29/1992,"Withlacoochee State Forest; along nature trail at Hog Island, ca. 2 mi. SSE of Nobleton. T21S, R21E, Sec. 31.",1992,null,Fertile,null,null,null,null,null,null,null,null,null,FALSE,Croom Widlife Management Area,-82.25,28.6333
232066,2693,M. T. Strong,,Hernando Co.,Poaceae,Dichanthelium,null,null,52153,null,null,null,TRUE,3080,null,portoricense,Desv. ex Ham.,B. F. Hansen & Wunderlin,05/10/2001,"2 -3 km N of the road to Richloam, 3 km W of FL 471, ca. 6 km SE of Tarrytown.",null,Pine flatwoods.,Fertile,null,null,null,null,null,null,null,null,null,FALSE,Withlacoochee State Forest,-82.1,28.5
208240,353,C. vanHoek,S. Petty,Citrus Co.,Poaceae,Dichanthelium,null,null,51671,glabrescens,Griseb.,Freckmann,TRUE,2824,var.,strigosum,Muhl. ex Elliott,Freckmann,04/23/1993,"Citrus Tract Wildlife Management Area, on T2 between T13 and T15.",null,Sandhills.,Fertile,null,null,null,null,null,null,null,null,null,FALSE,Withlacoochee State Forest,-82.45,28.8667
203723,230,C. vanHoek,S. Petty,Sumter Co.,Convolvulaceae,Dichondra,null,null,16272,null,null,null,TRUE,3101,null,carolinensis,Michx.,null,02/14/1992,"Grounds of Hog Island Recreational Area; Croom portion of the Withlacoochee State Forest.  T21S, R21E, Sec. 31.",null,null,Fertile,null,null,null,null,null,null,null,null,null,FALSE,null,-82.2167,28.5833
253647,767,J. M. Kunzer,C. Werner,Citrus Co.,Poaceae,Digitaria,null,null,46897,filiformis,null,null,TRUE,3785,var.,filiformis,L.,Koeler,11/19/2004,"Citrus Tract, ca. 4 mi. NNW of Catawba.",null,Sandhill.,Fertile,null,null,null,null,Culms erect.,null,null,null,null,FALSE,Withlacoochee State Forest,-82.40194444,28.72666667
223464,1130,C. vanHoek,,Citrus Co.,Poaceae,Digitaria,null,null,51628,null,null,null,TRUE,1467,null,longiflora,Retz.,Pers.,07/25/1998,Tillis Hill Campground in the Citrus Wildlife Management Area.,null,"Disturbed, grassy area within a turkey oak [Quercus laevis]/longleaf pine [Pinus palustris] habitat.",Fertile,null,null,null,null,null,null,null,null,null,FALSE,Withlacoochee State Forest,-82.45,28.8667
208241,375,C. vanHoek,S. Petty,Citrus Co.,Poaceae,Digitaria,null,null,26332,null,null,null,TRUE,3815,null,serotina,Walter,Michx.,10/01/1993,"WMA. T20S, R19E, Sec. 33, SW¼.",null,Disturbed area.,Flower,Fruit,null,null,null,null,null,null,null,null,FALSE,Withlacoochee State Forest,-81.8167,28.35
120982,2128,P. Genelle,G. Fleming,Pasco Co.,Ebenaceae,Diospyros,null,null,97762,null,null,null,TRUE,3858,null,virginiana,L.,null,06/14/1975,Richloam section.,2010,"Roadside, white sand, shaded.",Fruit,null,null,null,null,null,null,null,null,null,FALSE,Withlacoochee State Forest,-82.172029,28.465832
104808,1804,P. Genelle,G. Fleming,Hernando Co.,Ebenaceae,Diospyros,null,null,97791,null,null,null,TRUE,3858,null,virginiana,L.,null,05/06/1973,"Richloam section, forest road, S of FL 50.",2010,"Sandy, shade.",Immature Fruit,null,null,null,null,null,null,null,null,null,FALSE,Withlacoochee State Forest,-82.1,28.5
208179,364,C. vanHoek,S. Petty,Citrus Co.,Poaceae,Echinochloa,null,null,51293,null,null,null,TRUE,1550,null,colona,L.,Link,06/04/1993,"Citrus Wildlife Management Area, Brush Sink, near the Florida Trail. T20S, R18E, Sec. 32, NW¼.",null,Marshy edge of a sink[hole].,Fertile,null,null,null,null,null,null,null,null,null,FALSE,Withlacoochee State Forest,-82.45,28.8667
193035,86,C. vanHoek,,Pasco Co.,Alismataceae,Echinodorus,null,null,105301,null,null,null,TRUE,897,null,cordifolius,L.,Griseb.,10/17/1987,"Richloam Wildlife Management Area; ca. 250 ft from E bank of the Withlacoochee River; 2.5 mi. E of Lacoochee. T23S, R22E, Sec. 19, SE¼ of NE¼.",2000,null,Fertile,null,null,null,null,null,null,null,null,null,FALSE,Withlacoochee State Forest,-82.172029,28.465832
193865,2,S. Petty,,Pasco Co.,Alismataceae,Echinodorus,null,null,105299,null,null,null,TRUE,897,null,cordifolius,L.,Griseb.,10/28/1987,"Ca. 150 ft from river, 2.5 mi. SE from Lacoochee. T[?], R[?], Sec. 29.",2000,Floodplain.,Fertile,null,null,null,null,White flower.,null,null,null,null,FALSE,Withlacoochee State Forest,-82.172029,28.465832
242444,3552,M. T. Strong,,Sumter Co.,Rubiaceae,Edrastima,null,null,14691,null,null,null,TRUE,957,null,uniflora,L.,Raf.,08/10/2005,"Florida National Cemetery grounds, Bushnell; ca. 9.7 km (by air) SW of Bushnell, bordering Withlacoochee State Forest.",22-Jan-2018,null,Fruit,null,null,null,null,null,null,null,null,null,FALSE,null,-82.112863,28.664992
104761,1787,P. Genelle,G. Fleming,Hernando Co.,Pontederiaceae,Eichhornia,null,null,18853,null,null,null,TRUE,1319,null,crassipes,Mart.,Solms,04/22/1973,In the Withlacoochee River where it enters Silver Lake.,1990,null,Flower,null,null,null,null,null,null,null,null,null,FALSE,Withlacoochee State Forest,-81.8167,28.35
204693,282,C. vanHoek,,Sumter Co.,Cyperaceae,Eleocharis,null,null,75536,null,null,null,TRUE,2874,null,microcarpa,Torr.,null,06/12/1992,"Withlacoochee State Forest, Croom portion, Withlacoochee River shore, ca. 2 mi. SSE of Nobleton. T21S, R21E, Sec. 31.",16-Jul-2012,null,Fertile,null,null,null,null,null,null,null,null,null,FALSE,Hog Island Recreation Area,-82.25,28.6333
208183,363,C. vanHoek,S. Petty,Citrus Co.,Cyperaceae,Eleocharis,null,null,75693,null,null,null,TRUE,598,null,montana,Kunth,Roem. & Schult.,06/04/1993,"Brush Sink, near the Florida Trail in Citrus Wildlife Management Area. T20S, R18E, Sec. 32, NW¼.",1998,Marshy edge.,Fertile,null,null,null,null,null,null,null,null,null,FALSE,Withlacoochee State Forest,-82.45,28.8667
120826,2108,P. Genelle,G. Fleming,Pasco Co.,Orchidaceae,Encyclia,null,null,5914,null,null,null,TRUE,2477,null,tampensis,Lindl.,Small,06/14/1975,Richloam Section.,1975,Epiphytic on Taxodium.,Flower,null,null,null,null,null,null,null,null,null,FALSE,Withlacoochee State Forest,-82.172029,28.465832
122570,2141,P. Genelle,G. Fleming,Pasco Co.,Asteraceae,Erechtites,null,null,15780,null,null,null,TRUE,907,null,hieraciifolius,L.,Raf. ex DC.,06/28/1975,"Richloam section, S of Slaughter.",null,Wet roadside ditch.,Flower,Fruit,null,null,null,null,null,null,null,null,FALSE,Withlacoochee State Forest,-82.0667,28.4667
192405,78,C. vanHoek,,Citrus Co.,Poaceae,Eremochloa,null,null,28284,null,null,null,TRUE,1358,null,ophiuroides,Munro,Hack.,09/19/1987,"Citrus Wildlife Management Area, along the hiking trail. T20S, R19E, Sec. 20.",null,null,Fruit,null,null,null,null,null,null,null,null,null,FALSE,Withlacoochee State Forest,-82.45,28.8667
120696,2187,P. Genelle,G. Fleming,Pasco Co.,Asteraceae,Erigeron,null,null,16738,null,null,null,TRUE,2946,null,canadensis,L.,null,08/09/1975,Clay Sink Road.,Jun 2022,null,Flower,Fruit,null,null,null,null,null,null,null,null,FALSE,Withlacoochee State Forest,-82.172029,28.465832
104643,1724,P. Genelle,G. Fleming,Citrus Co.,Asteraceae,Erigeron,null,null,41135,null,null,null,TRUE,1019,null,quercifolius,Lam.,null,04/15/1973,FL 480 and FL 491.,null,"Roadside ditch, sandy, full sun.",Flower,null,null,null,null,null,null,null,null,null,FALSE,Withlacoochee State Forest,-81.8167,28.35
104809,1805,P. Genelle,G. Fleming,Hernando Co.,Asteraceae,Erigeron,null,null,41516,null,null,null,TRUE,1019,null,quercifolius,Lam.,null,05/06/1973,Richloam section; forest road S of FL 50.,null,"Sandy, shade.",Flower,Fruit,null,null,null,null,null,null,null,null,FALSE,Withlacoochee State Forest,-82.1,28.5
104753,1788,P. Genelle,G. Fleming,Hernando Co.,Asteraceae,Erigeron,null,null,41517,null,null,null,TRUE,1019,null,quercifolius,Lam.,null,04/22/1973,Croom section; edge of river where it enter Silver Lake.,null,"Damp, shaded.",Flower,null,null,null,null,null,null,null,null,null,FALSE,Withlacoochee State Forest,-82.227588,28.587772
120716,2193,P. Genelle,G. Fleming,Pasco Co.,Asteraceae,Erigeron,null,null,41546,null,null,null,TRUE,3041,null,strigosus,Muhl. ex Willd.,null,08/09/1975,Clay Sink Road.,null,Old railroad bed; dry sandy soil.,Flower,null,null,null,null,null,null,null,null,null,FALSE,Withlacoochee State Forest,-82.172029,28.465832
104738,1765,P. Genelle,G. Fleming,Hernando Co.,Asteraceae,Erigeron,null,null,41558,null,null,null,TRUE,3041,null,strigosus,Muhl. ex Willd.,null,04/22/1973,Croom section; forest road to Silver Lake Recreation Area.,null,"Dry, sandy, partial shade.",Flower,null,null,null,null,null,null,null,null,null,FALSE,Withlacoochee State Forest,-82.227588,28.587772
104635,1748,P. Genelle,G. Fleming,Citrus Co.,Asteraceae,Erigeron,null,null,41559,null,null,null,TRUE,3041,null,strigosus,Muhl. ex Willd.,null,04/15/1973,Forest Road 13.,null,Sandy.,Flower,null,null,null,null,null,null,null,null,null,FALSE,Withlacoochee State Forest,-81.8167,28.35
122571,2169,P. Genelle,G. Fleming,Sumter Co.,Asteraceae,Erigeron,null,null,41900,null,null,null,TRUE,3517,null,vernus,L.,Torr. & A. Gray,06/28/1975,Cabbage Head Road.,null,"Roadside, wet pinelands.",Flower,Fruit,null,null,null,null,null,null,null,null,FALSE,Withlacoochee State Forest,-81.8167,28.35
216427,16393,S. L. Orzell,E.L. Bridges,Sumter Co.,Eriocaulaceae,Eriocaulon,null,null,102500,null,null,null,TRUE,834,null,compressum,Lam.,null,04/29/1991,"N side of Center Grade Road, ca. 1.3 mi. E of junction FL 471, near Weeks Pond and N of Gator Hole Slough, ca. 7.7 mi. S of junction FL 50 at Tarrytown. T23S, R23E, Sec. 29, NW¼.",null,Wet marly pine flatwoods and cypress [Taxodium] pond edges. Soils - Vero (Alfic Haplaquods).,Flower,null,null,null,null,null,null,90,92,ft,FALSE,Withlacoochee State Forest,-82.03611111,28.45833333
122480,2116,P. Genelle,G. Fleming,Pasco Co.,Eriocaulaceae,Eriocaulon,null,null,102694,null,null,null,TRUE,3553,null,decangulare,L.,null,06/14/1975,Withlacoochee State Forest.,null,"Edge of swamp, sandy soil.",Flower,null,null,null,null,null,null,null,null,null,FALSE,null,-82.172029,28.465832
105101,1864,P. Genelle,G. Fleming,Hernando Co.,Eriocaulaceae,Eriocaulon,null,null,102697,null,null,null,TRUE,3553,null,decangulare,L.,null,05/20/1973,"Withlacoochee State Forest, Richloam section, Yankee Swamp.",null,"Full sun, muck.",Flower,null,null,null,null,null,null,null,null,null,FALSE,null,-82.1,28.5
122548,2155,P. Genelle,G. Fleming,Sumter Co.,Eriocaulaceae,Eriocaulon,null,null,102706,null,null,null,TRUE,3553,null,decangulare,L.,null,06/28/1975,"Withlacoochee State Forest, Cabbage Head Road.",null,Lake edge.,Flower,null,null,null,null,null,null,null,null,null,FALSE,null,-81.8167,28.35
229092,19766,S. L. Orzell,E.L. Bridges,Pasco Co.,Eriocaulaceae,Eriocaulon,null,null,102786,null,null,null,TRUE,3553,null,decangulare,L.,null,06/29/1992,"N of Center Grade Road, 0.5 mi. W of Sumter County line and FL 471, ca. 1.1 mi. SSE of Clay Sink, ca. 9.5 air mi. NE of Dade City. T32S, R22E, Sec. 25, SW¼ of NE¼.",null,Wetland pine savanna and cypress [Taxodium] pond edges. Soils - Smyrna (Aeric Haplaquods).,Flower,null,null,null,null,null,null,85,90,ft,FALSE,Withlacoochee State Forest,-82.06111111,28.45805556
229053,19788,S. L. Orzell,E.L. Bridges,Sumter Co.,Eriocaulaceae,Eriocaulon,null,null,102788,null,null,null,TRUE,3553,null,decangulare,L.,null,06/29/1992,"N side of Center Grade Road, ca. 1.3 mi. E of junction FL 471, near Weeks Pond and N of Gator Hole Slough, ca. 7.7 mi. S of junction FL 50 at Tarrytown. T23S, R23E, Sec. 29, NW¼.",null,Wet marly pine flatwoods and cypress [Taxodium] pond edges. Soils - Vero (Alfic Haplaquods).,Flower,null,null,null,null,null,null,90,92,ft,FALSE,Withlacoochee State Forest,-82.03611111,28.45833333
241023,19747,S. L. Orzell,E.L. Bridges,Citrus Co.,Polygonaceae,Eriogonum,null,null,63150,null,null,null,TRUE,3870,null,tomentosum,Michx.,null,06/29/1992,"Just E of section line road, ca. 1.4 mi. S of Fivemile Pond, ca. 3.5 air mi. S of FL 44, ca. 10 air mi. E of Homosassa Springs. T19S, R19E, Sec. 27, SW¼.",null,Mature burned longleaf pine [Pinus palustris] sandhill savanna. Soils - Lakeland (Typic Quartzipsamments).,Fertile,null,null,null,null,null,null,100,130,ft,FALSE,Withlacoochee State Forest,-82.4025,28.80472222
242390,3550,M. T. Strong,,Sumter Co.,Apiaceae,Eryngium,null,null,61648,null,null,null,TRUE,2628,null,baldwinii,Spreng.,null,08/10/2005,"Bushnell, ca. 9.7 km SW of Bushnell, bordering Withlacoochee State Forest.",null,Cemetery grounds.,Fertile,null,null,null,null,null,null,null,null,null,FALSE,Florida National Cemetery,-82.112863,28.664992
122563,2138,P. Genelle,G. Fleming,Pasco Co.,Apiaceae,Eryngium,null,null,61589,null,null,null,TRUE,2628,null,baldwinii,Spreng.,null,06/28/1975,S of Slaughter.,null,"Wet, roadside ditch; richloam section.",Fertile,null,null,null,null,null,null,null,null,null,FALSE,Withlacoochee State Forest,-82.0667,28.4667
104751,1777,P. Genelle,G. Fleming,Hernando Co.,Apiaceae,Eryngium,null,null,61592,null,null,null,TRUE,2628,null,baldwinii,Spreng.,null,04/22/1973,Croom section; Silver Lake.,null,River edge as it enter lake.,Fertile,null,null,null,null,null,null,null,null,null,FALSE,Withlacoochee State Forest,-82.227588,28.587772
104801,1797,P. Genelle,G. Fleming,Hernando Co.,Apiaceae,Eryngium,null,null,61750,null,null,null,TRUE,2628,null,baldwinii,Spreng.,null,05/05/1973,null,null,"Sandy pinelands, Pinus elliottii.",Fertile,null,null,null,null,null,null,null,null,null,FALSE,Withlacoochee State Forest,-81.8167,28.35
214503,16437,S. L. Orzell,E.L. Bridges,Sumter Co.,Apiaceae,Eryngium,null,null,61737,null,null,null,TRUE,2628,null,baldwinii,Spreng.,null,04/29/1991,"N side of Center Grade Road, ca. 1.3 mi. E of junction FL 471, near Weeks Pond and N of Gator Hole Slough, ca. 7.7 mi. S of junction FL 50 at Tarrytown. T23S, R23E, Sec. 29, NW¼.",null,Wet marly pnie flatwoods and cypress [Taxodium] pond edges. Soils - Vero (Alfic Haplaquods).,Fertile,null,null,null,null,null,null,90,92,ft,FALSE,Withlacoochee State Forest,-82.03611111,28.45833333
228893,19791,S. L. Orzell,E.L. Bridges,Sumter Co.,Apiaceae,Eryngium,null,null,61963,null,null,null,TRUE,3565,null,yuccifolium,Michx.,null,06/29/1992,"N side of Center Grade Road, ca. 1.3 mi. E of junction FL 471, near Weeks Pond and N of Gator Hole Slough, ca. 7.7 mi. S of junction FL 50 at Tarrytown. T23S, R23E, Sec. 29, NW¼.",null,Wet marly pine flatwoods. Soils - Vero (Alfic Haplaquods).,Fertile,null,null,null,null,null,null,90,92,ft,FALSE,Withlacoochee State Forest,-82.03611111,28.45833333
104812,1808 RI,P. Genelle,G. Fleming,Hernando Co.,Fabaceae,Erythrina,null,null,2480,null,null,null,TRUE,3264,null,herbacea,L.,null,05/06/1973,Richloam section.,1973,"Roadside, shade, sandy loam.",Flower,Fruit,null,null,null,null,null,null,null,null,FALSE,Withlacoochee State Forest,-82.1,28.5
104724,1753 CR,P. Genelle,G. Fleming,Hernando Co.,Fabaceae,Erythrina,null,null,2482,null,null,null,TRUE,3264,null,herbacea,L.,null,04/02/1973,Croom Road.,1973,"Growing on road shoulder, dry, sandy, full sun.",Flower,null,null,null,null,null,null,null,null,null,FALSE,Withlacoochee State Forest,-82.227588,28.587772
299386,s.n.,E. Williamson,C. Werner,Hernando Co.,Orchidaceae,Eulophia,null,null,226574,null,null,null,TRUE,2891,null,alta,L.,Fawc. & Rendle,10/02/2018,"Withlacoochee State Forest, Richloam Tract; edge of Clay Sink Road, ca. 2 mi. S of FL 50.",null,"Wet ditch adjacent to dirt road, in partial shade; with Panicum hemitomon, Ludwigia peruviana, Acer rubrum, and Pinus elliottii.",Flower,null,null,null,null,null,null,null,null,null,FALSE,null,-82.1,28.5
206459,319,C. vanHoek,S. Petty,Sumter Co.,Asteraceae,Eupatorium,null,null,41656,null,null,null,TRUE,3208,null,compositifolium,Walter,null,10/16/1992,"Withlacoochee State Forest, Hog Island Recreation Area, Hog Island Nature Trail, FL 21; ca. 2 mi. SSE of Nobleton. T21S, R21E, Sec. 31.",null,null,Flower,null,null,null,null,null,null,null,null,null,FALSE,Croom Widlife Management Area,-82.25,28.6333
122481,2109,P. Genelle,G. Fleming,Pasco Co.,Asteraceae,Eupatorium,null,null,15364,null,null,null,TRUE,2135,null,mohrii,Greene,null,06/14/1975,Richloam section.,May 2004,"Edge of cypress [Taxodium] swamp; dry, sandy soil.",Flower,Fruit,null,null,null,null,null,null,null,null,FALSE,Withlacoochee State Forest,-82.172029,28.465832
226238,19752,S. L. Orzell,E.L. Bridges,Pasco Co.,Asteraceae,Eupatorium,null,null,15341,null,null,null,TRUE,2135,null,mohrii,Greene,null,06/29/1992,"E of unimproved access road heading S to the Withlacoochee River, ca. 0.7 mi. S of Lacoochee Park Road, ca. 1.8 air mi. SE of Lacoochee.  T23S, R22E, Sec. 30, NW¼ of SE¼.",May 2004,Cypress [Taxodium] savanna in sandy shallow depression.  Soils - Basinger (Spodic Psammaquents).,Fruit,null,null,null,null,null,null,70,null,ft,FALSE,Withlacoochee State Forest,-82.14583333,28.45305556
227246,2521,M. T. Strong,,Hernando Co.,Asteraceae,Eupatorium,null,null,41917,null,null,null,TRUE,3696,null,rotundifolium,L.,null,08/29/2000,"Just N and S of a sand road W of FL 471 and the fish hatchery; just N of the Hernando and Polk county line, 8 km S of Tarrytown, and 9 -11 km NE of Lacoochee.",null,Pine flatwoods.,Bud,Flower,null,null,null,Corollas white.,null,null,null,null,FALSE,Withlacoochee State Forest,-82.45,28.5333
226194,19779,S. L. Orzell,E.L. Bridges,Sumter Co.,Asteraceae,Eupatorium,null,null,42021,null,null,null,TRUE,3696,null,rotundifolium,L.,null,06/29/1992,"N side of Center Grade Road, ca. 1.3 mi. E of the FL 471 junction, near Weeks Pind and N of Gator Hole Slough, ca. 7.7 mi. S of the junction with FL 50 at Tarrytown. T23S, R23E, Sec. 29, NW¼.",null,Mesic pine flatwoods. Vero (Alfic Haplaquods) soil.,Flower,null,null,null,null,null,null,90,92,ft,FALSE,Withlacoochee State Forest,-82.03611111,28.45833333
211047,s.n.,S. Petty,C. vanHoek,Citrus Co.,Euphorbiaceae,Euphorbia,null,null,56675,null,null,null,TRUE,354,null,dentata,Michx.,null,08/12/1994,"Citrus Wildlife Management Area; S of C-480, E of TR-13.  T21S, R19E, Sec. 32.",null,Rocky hardwood hammock.,Fertile,null,null,null,null,null,null,null,null,null,FALSE,Withlacoochee State Forest,-82.45,28.8667
303912,3421,C. F. Caudle,"M. L. Gilbert, M. S. Tisdale",Hernando Co.,Euphorbiaceae,Euphorbia,null,null,249143,null,null,null,TRUE,710,null,hirta,L.,null,07/06/1963,Withlacoochee State Forest; Richloam tract.,Oct 2022,null,Fertile,null,null,null,null,null,null,null,null,null,FALSE,null,null,null
227233,2531,M. T. Strong,,Hernando Co.,Euphorbiaceae,Euphorbia,null,null,56525,null,null,null,TRUE,3580,null,hyssopifolia,L.,null,08/29/2000,"Just N and S of a sand road W of FL 471 and a fish hatchery; just N of the Hernando and Polk County line; 8 km S of Tarrytown, and 9-11 km NE of Lacoochee.",08-Sep-2017,Wet ditch along a sand road that  borders a pine flatwoods,Fertile,null,null,null,null,null,null,null,null,null,FALSE,Withlacoochee State Forest,-82.45,28.5333
208165,372,C. vanHoek,S. Petty,Citrus Co.,Poaceae,Eustachys,null,null,49028,null,null,null,TRUE,425,null,distichophylla,Lag.,Nees,08/13/1993,"Citrus Wildlife Management Area; intersection of Forest Road 11b, S of C-480. T21S, R19E, Sec. 4.",null,"In deep, sandy soil.",Fertile,null,null,null,null,null,null,null,null,null,FALSE,Withlacoochee State Forest,-82.45,28.8667
104624,1728,P. Genelle,G. Fleming,Citrus Co.,Poaceae,Eustachys,null,null,49348,null,null,null,TRUE,740,null,petraea,Sw.,Desv.,04/15/1978,C-480 and C-491.,1980,"Roadside ditch, sandy, full sun.",Fertile,null,null,null,null,null,null,null,null,null,FALSE,Withlacoochee State Forest,-81.8167,28.35
108174,1916,P. Genelle,G. Fleming,Hernando Co.,Asteraceae,Euthamia,null,null,15010,null,null,null,TRUE,3268,null,caroliniana,L.,Greene ex Porter & Britton,11/18/1997,"Richloam section, road to Yankee Swamp.",1997,null,Flower,null,null,null,null,null,null,null,null,null,FALSE,Withlacoochee State Forest,-82.1,28.5
242352,3537,M. T. Strong,,Sumter Co.,Cyperaceae,Fimbristylis,null,null,75874,null,null,null,TRUE,864,null,autumnalis,L.,Roem. & Schult.,08/10/2005,"Bushnell, ca. 9.7 km SW of Bushnell, bordering Withlacoochee State Forest.",null,Cemetery grounds.,Fertile,null,null,null,null,null,null,null,null,null,FALSE,Florida National Cemetery,-82.112863,28.664992
223960,19784,S. L. Orzell,E.L. Bridges,Sumter Co.,Cyperaceae,Fimbristylis,null,null,75824,null,null,null,TRUE,864,null,autumnalis,L.,Roem. & Schult.,06/29/1992,"N side of Center Grade Road, ca. 1.3 mi. E of junction FL 471, near Weeks Pond and N of Gator Hole Slough, ca. 7.7 mi. S of junction FL 50 at Tarrytown. T23S, R23E, Sec. 29, NW¼.",null,Wet marly pnie flatwoods and cypress [Taxodium] pond edges. Soils - Vero (Alfic Haplaquods).,Fertile,null,null,null,null,null,null,90,92,ft,FALSE,Withlacoochee State Forest,-82.03611111,28.45833333
242399,3539,M. T. Strong,,Sumter Co.,Cyperaceae,Fimbristylis,null,null,76111,null,null,null,TRUE,849,null,dichotoma,L.,Vahl,08/10/2005,"Bushnell, ca. 9.7 km SW of Bushnell, bordering Withlacoochee State Forest.",null,Cemetery grounds.,Fertile,null,null,null,null,null,null,null,null,null,FALSE,Florida National Cemetery,-82.112863,28.664992
227210,2513,M. T. Strong,,Hernando Co.,Cyperaceae,Fimbristylis,null,null,76281,null,null,null,TRUE,525,null,puberula,Michx.,Vahl,08/29/2000,"Just N and S of sand road W of FL 471 and fish hatchery, just N of Hernando and Polk County line, 8 km S of Tarrytown, and 9-11 km NE of Lacoochee.",null,Pine flatwoods.,Fertile,null,null,null,null,null,null,null,null,null,FALSE,Withlacoochee State Forest,-82.45,28.5333
120349,2189,P. Genelle,G. Fleming,Pasco Co.,Oleaceae,Fraxinus,null,null,14979,null,null,null,TRUE,997,null,caroliniana,Mill.,null,08/09/1975,Clay Sink Road.,null,"Edge of dried swamp, shaded.",Fruit,null,null,null,null,null,null,null,null,null,FALSE,Withlacoochee State Forest,-82.172029,28.465832
120370,2183,P. Genelle,G. Fleming,Pasco Co.,Amaranthaceae,Froelichia,null,null,66715,null,null,null,TRUE,2596,null,floridana,Nutt.,Moq.,08/09/1975,May Place Road.,null,Roadside.,Fertile,null,null,null,null,null,null,null,null,null,FALSE,Withlacoochee State Forest,-82.172029,28.465832
226988,2522,M. T. Strong,,Hernando Co.,Cyperaceae,Fuirena,null,null,76740,null,null,null,TRUE,2451,null,scirpoidea,Michx.,null,08/29/2000,"Just N and S of sand road W of FL 471 and fish hatchery, just N of Hernando and Polk Co. lines, 8 km S of Tarrytown and 9-11 km NE of Lacoochee.",Jan 2001,Wet ditch bordering pine flatwoods along sand road.,Fertile,null,null,null,null,null,null,null,null,null,FALSE,Withlacoochee State Forest,-82.45,28.5333
122479,2147,P. Genelle,G. Fleming,Sumter Co.,Cyperaceae,Fuirena,null,null,76745,null,null,null,TRUE,2451,null,scirpoidea,Michx.,null,06/28/1975,Cabbage Head Road.,null,"Moist edge of lake, sandy soil.",Fertile,null,null,null,null,null,null,null,null,null,FALSE,Withlacoochee State Forest,-81.8167,28.35
223859,19765,S. L. Orzell,E.L. Bridges,Pasco Co.,Cyperaceae,Fuirena,null,null,76817,null,null,null,TRUE,2451,null,scirpoidea,Michx.,null,06/29/1992,"N of Center Grade Road, 0.5 mi. W of Sumter County line and FL 471, ca. 1.1 mi. SSE of Clay Sink, ca. 9.5 air mi. NE of Dade City. T23S, R22E, Sec. 25, SW¼ of NE¼.",null,Wetland pine savanna and cypress [Taxodium] pond edges. Soils - Smyrna (Aeric Haplaquods).,Fertile,null,null,null,null,null,null,85,90,ft,FALSE,Withlacoochee State Forest,-82.06111111,28.45805556
192408,80,C. vanHoek,,Citrus Co.,Asteraceae,Gaillardia,null,null,41230,null,null,null,TRUE,3295,null,aestivalis,Walter,H. Rock,09/19/1987,"Withlacoochee State Forest; along Florida Trail just E of Forest Road 13. T20S, R19E, Sec. 17.",null,null,Flower,null,null,null,null,null,null,null,null,null,FALSE,Citrus Wildlife Management Area,-82.45,28.8667
232012,2778,M. T. Strong,,Citrus Co.,Asteraceae,Gaillardia,null,null,41219,null,null,null,TRUE,3295,null,aestivalis,Walter,H. Rock,08/26/2001,"0.2–0.6 km S of FL 480, 2.5 km E of FL 491, 13 km SW of Jumeau and 10 km NE of Bailey Hill.",null,Along sand road in longleaf pine [Pinus palustris] sandhills.,Flower,null,null,null,null,Rays yellowish-orange; disk corollas purplish-brown.,null,null,null,null,FALSE,Withlacoochee State Forest,-82.3,28.7167
122552,2161,P. Genelle,G. Fleming,Sumter Co.,Fabaceae,Galactia,null,null,2525,null,null,null,TRUE,3222,null,elliottii,Nutt.,null,06/28/1975,Cabbage Head Road.,11 Apr 1980,Wet pinelands.,Flower,null,null,null,null,null,null,null,null,null,FALSE,Withlacoochee State Forest,-81.8167,28.35
104843,1839 RI,P. Genelle,G. Fleming,Sumter Co.,Fabaceae,Galactia,null,null,2600,null,null,null,TRUE,3222,null,elliottii,Nutt.,null,05/06/1973,"Richloam section, River Road.",11 Apr 1980,"Moist pinelands, open sun.",Flower,null,null,null,null,null,null,null,null,null,FALSE,Withlacoochee State Forest,-81.8167,28.35
104754,1780,P. Genelle,G. Fleming,Hernando Co.,Rubiaceae,Galium,null,null,81708,null,null,null,TRUE,3643,null,tinctorium,L.,null,04/22/1973,"Croom section, river edge as it enters Silver Lake.",1977,"Damp, shaded, loam.",Fruit,null,null,null,null,null,null,null,null,null,FALSE,Withlacoochee State Forest,-82.227588,28.587772
104816,1812,P. Genelle,G. Fleming,Hernando Co.,Rubiaceae,Galium,null,null,81803,null,null,null,TRUE,3643,null,tinctorium,L.,null,05/06/1973,Tower road.,1976,"Rich loam section; damp, sandy loam, partial shade.",Fertile,null,null,null,null,null,null,null,null,null,FALSE,Withlacoochee State Forest,-81.8167,28.35
104621,1725 Ct,P. Genelle,G. Fleming,Citrus Co.,Asteraceae,Gamochaeta,null,null,31830,null,null,null,TRUE,3740,null,pensylvanica,Willd.,Cabrera,04/15/1973,FL 480 and FL 491.,2004,"Roadside ditch, sandy, full sun.",Fertile,null,null,null,null,null,null,null,null,null,FALSE,Withlacoochee State Forest,-81.8167,28.35
105114,1875,P. Genelle,G. Fleming,Citrus Co.,Chrysobalanaceae,Geobalanus,null,null,96568,null,null,null,TRUE,2698,null,oblongifolius,Michx.,Small,05/27/1973,"TR 20, Citrus section.",11-Apr-2017,"Pine - oak, sand soil, full sun.",Flower,null,null,null,null,null,null,null,null,null,FALSE,Withlacoochee State Forest,-82.45,28.8667
204620,261,C. vanHoek,,Sumter Co.,Apocynaceae,Gonolobus,null,null,109986,null,null,null,TRUE,3135,null,suberosus,L.,R. Br.,04/24/1992,"Between canoe launch and group camping area, Croom Wildlife Management Area, Withlacoochee State Forest, ca. 2 mi. SSE of Nobleton. T21S, R21E, Sec. 31.",2004,Moist hammock.,Fertile,null,null,null,null,null,null,null,null,null,FALSE,Hog Island Recreation Area,-82.25,28.6333
105099,1862,P. Genelle,G. Fleming,Hernando Co.,Plantaginaceae,Gratiola,null,null,7212,null,null,null,TRUE,3317,null,ramosa,Walter,null,05/20/1973,Richloam section; Yankee Swamp.,05/2022,"Full sun, muck.",Flower,Fruit,null,null,null,null,null,null,null,null,FALSE,Withlacoochee State Forest,-82.1,28.5
105086,1851,P. Genelle,G. Fleming,Hernando Co.,Plantaginaceae,Gratiola,null,null,7217,null,null,null,TRUE,3317,null,ramosa,Walter,null,05/20/1973,Tower Road.,05/2022,Wet damp bog.,Flower,null,null,null,null,null,null,null,null,null,FALSE,Withlacoochee State Forest,-81.8167,28.35
104204,1713,P. Genelle,G. Fleming,Hernando Co.,Plantaginaceae,Gratiola,null,null,248398,null,null,null,TRUE,3507,null,virginiana,L.,null,01/01/1973,Withlacoochee State Forest.,06/2022,"Croom area; river edge, wet.",Immature Fruit,Bud,null,null,null,null,null,null,null,null,FALSE,null,null,null
206121,300,C. vanHoek,S. Petty,Sumter Co.,Fabaceae,Grona,null,null,2361,null,null,null,TRUE,1495,null,triflora,L.,H. Ohashi & K. Ohashi,09/11/1992,"Croom, Hog Island Recreation Area; ca. 2 mi. SSE of Nobleton; at the campground area.  T21S, R21E, Sec. 31.",Mar 2022,Disturbed area.,Flower,null,null,null,null,null,null,null,null,null,FALSE,Withlacoochee State Forest,-82.25,28.6333
208238,379,C. vanHoek,"S. Petty, J. Blanchard",Citrus Co.,Poaceae,Gymnopogon,null,null,48952,null,null,null,TRUE,2075,null,ambiguus,Michx.,Britton et al.,10/01/1993,"Citrus Wildlife Management Area; ca. 0.5 mi. S of C-480 and ca. 0.25 mi E of Tract 13. T20S, R19E, Sec. 32.",null,Sandhill.,Fertile,null,null,null,null,null,null,null,null,null,FALSE,Withlacoochee State Forest,-82.45,28.8667
122550,2152,P. Genelle,G. Fleming,Sumter Co.,Orchidaceae,Habenaria,null,null,6244,null,null,null,TRUE,3971,null,repens,Nutt.,null,06/28/1975,Cabbage Head Road.,1975,"Edge of lake, sandy soil.",Bud,Immature Fruit,null,null,null,null,null,null,null,null,FALSE,Withlacoochee State Forest,-81.8167,28.35
302721,s.n.,C. Werner,,Hernando Co.,Poaceae,Hackelochloa,null,null,245202,null,null,null,TRUE,1288,null,granularis,L.,Kuntze,09/17/2021,"Croom Tract; ca. 0.7 mi. W of Croom Nobleton Road, and ca. 0.8 mi. N of Forest Road 4.",null,Ruderal; pit with sandy bottom; former cogongrass [Imperata cylindrica] infestation that was treated multiple times with herbicide.,Fertile,null,null,null,null,null,null,null,null,null,FALSE,Withlacoochee State Forest,null,null
232008,2777,M. T. Strong,,Citrus Co.,Asteraceae,Helenium,null,null,40934,null,null,null,TRUE,2751,null,flexuosum,Raf.,null,08/26/2001,"Along sand road 0.2 - 0.6 km S of C-480, 2.5 km E of C-491, 13 km SW of Jumeau and 10 km NE of Bailey Hill.",null,Along sand road in longleaf pine [Pinus palustris] sandhills.,Bud,Flower,Fruit,null,null,Disk corollas dark reddish.,null,null,null,null,FALSE,Withlacoochee State Forest,-82.3,28.7167
120350,2190,P. Genelle,G. Fleming,Pasco Co.,Asteraceae,Helenium,null,null,40944,null,null,null,TRUE,2751,null,flexuosum,Raf.,null,08/09/1975,Clay Sink Road.,null,"Wet, shaded area.",Bud,Flower,Fruit,null,null,Ray flowers absent.,null,null,null,null,FALSE,Withlacoochee State Forest,-82.172029,28.465832
105124,1885,P. Genelle,G. Fleming,Citrus Co.,Asteraceae,Helenium,null,null,40931,null,null,null,TRUE,2751,null,flexuosum,Raf.,null,05/27/1973,"Citrus Section, TR 15.",null,Pinelands. Dry sand.,Bud,Flower,Fruit,null,null,null,null,null,null,null,FALSE,Withlacoochee State Forest,-82.45,28.8667
234783,s.n.,W. K. Taylor,,Hernando Co.,Poaceae,Heteropogon,null,null,48828,null,null,null,TRUE,708,null,contortus,L.,P. Beauv. ex Roemer & Schult.,11/02/2002,Croom Tract.,null,Sandhill along road.,Fertile,null,null,null,null,null,null,null,null,null,FALSE,Withlacoochee State Forest,-82.227588,28.587772
241975,13081,B. F. Hansen,,Sumter Co.,Asteraceae,Heterotheca,null,null,40187,null,null,null,TRUE,3339,null,subaxillaris,Lam.,Britton & Rusby,11/09/2005,"1.5 mi. N of Croom. T22S, R21E, Sec. 5, NE¼.",null,Sandhill.,Fruit,null,null,null,null,null,null,null,null,null,FALSE,Withlacoochee State Forest,-82.2167,28.5833
104638,1743 Ct,G. Fleming,P. Genelle,Citrus Co.,Asteraceae,Heterotheca,null,null,40338,null,null,null,TRUE,3339,null,subaxillaris,Lam.,Britton & Rusby,04/15/1973,FL 480.,null,"Roadside, edge of forest; sandy; full sun.",Flower,null,null,null,null,null,null,null,null,null,FALSE,Withlacoochee State Forest,-81.8167,28.35
120711,2192,G. Fleming,P. Genelle,Pasco Co.,Asteraceae,Heterotheca,null,null,40148,null,null,null,TRUE,3339,null,subaxillaris,Lam.,Britton & Rusby,08/09/1975,Clay Sink Road.,null,Roadside.,Flower,null,null,null,null,null,null,null,null,null,FALSE,Withlacoochee State Forest,-82.172029,28.465832
204779,278,C. vanHoek,S. Petty,Sumter Co.,Orchidaceae,Hexalectris,null,null,6274,null,null,null,TRUE,3087,null,spicata,Walter,Barnhart,06/12/1992,Contact USF Herbarium if additional information is required,1992,null,Flower,Immature Fruit,null,null,null,null,null,null,null,null,TRUE,Withlacoochee State Forest,null,null
120746,2127,P. Genelle,G. Fleming,Pasco Co.,Rubiaceae,Hexasepalum,null,null,71232,null,null,null,TRUE,3178,null,teres,Walter,J. H. Kirkbr.,06/14/1975,Richloam section.,22-Jan-2018,White sand; roadside.,Fertile,null,null,null,null,null,null,null,null,null,FALSE,Withlacoochee State Forest,-82.172029,28.465832
104797,1793,G. Fleming,P. Genelle,Hernando Co.,Asteraceae,Hieracium,null,null,40091,null,null,null,TRUE,2492,null,megacephalon,Nash,null,05/05/1973,null,1978,Sandy pineland; Pinus elliottii.,Flower,Fruit,null,null,null,null,null,null,null,null,FALSE,Withlacoochee State Forest,-81.8167,28.35
263854,9965,L. Baltzell,,Hernando Co.,Asteraceae,Hieracium,null,null,79246,null,null,null,TRUE,2492,null,megacephalon,Nash,null,10/09/1977,"Along a State Forest Road in Indianhouse Swamp, 1.8 mi. NO f FL 50, 2.5 mi. NW of Richloam.",null,null,Flower,null,null,null,null,Several scattered plants; flowers yellow.,null,null,null,null,FALSE,Withlacoochee State Forest,-82.1,28.5
104185,1701,P. Genelle,G. Fleming,Hernando Co.,Rubiaceae,Houstonia,null,null,82393,null,null,null,TRUE,3244,null,procumbens,J. F. Gmel.,Standl.,01/08/1973,Croom area.,Sep 2001,"River edge, low water, sand, Quercus, Juglans, Taxodium, Serenoa.",Fertile,null,null,null,null,null,null,null,null,null,FALSE,Withlacoochee State Forest,-82.227588,28.587772
239256,19112,S. L. Orzell,E.L. Bridges,Sumter Co.,Rubiaceae,Houstonia,null,null,82335,null,null,null,TRUE,3244,null,procumbens,J. F. Gmel.,Standl.,03/02/1992,"N side of Center Grade Road, ca. 1.3 mi. E of junction FL 471, near Weeks Pond and N of Gator Hole Slough, ca. 7.7 mi. S of junction FL 50 at Tarrytown. T23S, R23E, Sec. 29, NW¼",Aug 2004,Wet marly pnie flatwoods and cypress [Taxodium] pond edges. Soils - Vero (Alfic Haplaquods).,Fertile,null,null,null,null,null,null,90,92,ft,FALSE,Withlacoochee State Forest,-82.03611111,28.45833333
104759,1785,P. Genelle,G. Fleming,Hernando Co.,Araliaceae,Hydrocotyle,null,null,61696,triradiata,A. Rich.,Fernald,TRUE,3074,var.,verticillata,Thunb.,null,04/22/1973,Vicinity of where Withlacoochee River enters Silver Lake.,1979,"Damp area, partial shade.",Fertile,null,null,null,null,null,null,null,null,null,FALSE,Withlacoochee State Forest,-81.8167,28.35
227163,2586,M. T. Strong,,Sumter Co.,Hydroleaceae,Hydrolea,null,null,85203,null,null,null,TRUE,3238,null,corymbosa,J. Macbr. ex Elliott,null,09/02/2000,"0.2-0.4 km NE of fish hatchery, 8 km S of Tarrytown.",null,Border of sand road through pine flatwoods.,Flower,null,null,null,null,Corolla deep blue.,null,null,null,null,FALSE,Withlacoochee State Forest,-82.05,28.55
108176,1918,P. Genelle,G. Fleming,Hernando Co.,Clusiaceae,Hypericum,null,null,92704,null,null,null,TRUE,1028,null,cistifolium,Lam.,null,11/18/1973,"Richloam section, road to Yankee Swamp.",null,Open field.,Fertile,null,null,null,null,null,null,null,null,null,FALSE,Withlacoochee State Forest,-82.1,28.5
105103,1866,P. Genelle,G. Fleming,Hernando Co.,Clusiaceae,Hypericum,null,null,14339,null,null,null,TRUE,539,null,fasciculatum,Lam.,null,s.d.,"Richloam section, Yankee Swamp.",25-Mar-1974,"Full sun, muck.",Flower,Fruit,null,null,null,null,null,null,null,null,FALSE,Withlacoochee State Forest,-82.1,28.5
216591,16392,S. L. Orzell,E.L. Bridges,Sumter Co.,Clusiaceae,Hypericum,null,null,14439,null,null,null,TRUE,539,null,fasciculatum,Lam.,null,04/29/1991,"N side of Center Grade Road, ca. 1.3 mi. E of its junction with FL 471, near Weeks Pond and N of Gator Hole Slough, ca. 7.7 mi. S of the junction with FL 50 at Tarrytown.  T23S, R23E, Sec. 29, NW¼.",null,Wet marly pine flatwoods and cypress [Taxodium] pond edges.  Soils - Vero (Alfic Haplaquods).,Flower,Flower,null,null,null,null,null,90,92,ft,FALSE,Withlacoochee State Forest,-82.03611111,28.45833333
228763,19759,S. L. Orzell,E.L. Bridges,Pasco Co.,Clusiaceae,Hypericum,null,null,14534,null,null,null,TRUE,539,null,fasciculatum,Lam.,null,06/29/1992,"E of unimproved access road heading S to the Withlacoochee River, ca. 0.7 mi. S of Lacoochee Park Road, ca. 1.8 air mi. SE of Lacoochee.  T23S, R22E, Sec. 30, NW¼ of SE¼.",null,Cypress [Taxodium] savanna in sandy shallow depression.  Soils - Basinger (Spodic Psammaquents).,Flower,Flower,null,null,null,null,null,70,null,ft,FALSE,Withlacoochee State Forest,-82.14583333,28.45305556
245114,3668,M. T. Strong,null,Sumter Co.,Clusiaceae,Hypericum,null,null,93379,null,null,null,TRUE,2821,null,hypericoides,L.,Crantz,08/27/2006,"Cemetery grounds, at Florida National Cemetery, ca. 9.7 km (by air) SW of Bushnell, bordering Withlacoochee State Forest.",null,Edge of hammock.,Immature Fruit,null,null,null,null,Petals yellow.,null,null,null,null,FALSE,null,-82.112863,28.664992
122560,2140,P. Genelle,G. Fleming,Pasco Co.,Clusiaceae,Hypericum,null,null,14205,null,null,null,TRUE,3508,null,mutilum,L.,null,06/28/1975,"Richloam section, S of Slaughter.",null,Wet roadside ditch.,Flower,Fruit,null,null,null,null,null,null,null,null,FALSE,Withlacoochee State Forest,-82.0667,28.4667
105084,1849,P. Genelle,G. Fleming,Hernando Co.,Clusiaceae,Hypericum,null,null,14212,null,null,null,TRUE,3508,null,mutilum,L.,null,05/20/1973,"Richloam section; Forest Road, off Tower Road.",null,"Damp, sandy, shaded.",Flower,Fruit,null,null,null,null,null,null,null,null,FALSE,Withlacoochee State Forest,-82.1,28.5
120819,2150,P. Genelle,G. Fleming,Sumter Co.,Clusiaceae,Hypericum,null,null,14213,null,null,null,TRUE,3508,null,mutilum,L.,null,06/28/1975,Cabbage Head Road.,null,"Moist edge of lake, sandy soil.",Flower,Fruit,null,null,null,null,null,null,null,null,FALSE,Withlacoochee State Forest,-81.8167,28.35
216606,16440,S. L. Orzell,E.L. Bridges,Sumter Co.,Clusiaceae,Hypericum,null,null,14288,null,null,null,TRUE,3508,null,mutilum,L.,null,04/29/1991,"N side of Center Grade Road, ca. 1.3 mi. E of its junction with FL 471, near Weeks Pond and N of Gator Hole Slough, ca. 7.7 mi. S of the junction with FL 50 at Tarrytown.  T23S, R23E, Sec. 29, NW¼.",null,Wet marly pine flatwoods and cypress [Taxodium] pond edges.  Soils - Vero (Alfic Haplaquods).,Flower,Fruit,null,null,null,null,null,90,92,ft,FALSE,Withlacoochee State Forest,-82.03611111,28.45833333
208167,s.n.,S. Petty,C. vanHoek,Citrus Co.,Clusiaceae,Hypericum,null,null,92753,null,null,null,TRUE,1038,null,punctatum,Lam.,null,08/13/1993,"Citrus Wildlife Management Area; W side of Forest Road 11b, ca. 0.25 mi. N of Forest Road 24.  T21S, R19E, Sec. 4.",null,null,Fruit,null,null,null,null,null,null,null,null,null,FALSE,Withlacoochee State Forest,-82.45,28.8667
120849,2107,P. Genelle,G. Fleming,Pasco Co.,Clusiaceae,Hypericum,null,null,90862,null,null,null,TRUE,3004,null,tenuifolium,Pursh,null,06/14/1975,Richloam section.,Mar 2008,"Pinelands; soil sandy, white.",Flower,null,null,null,null,null,null,null,null,null,FALSE,Withlacoochee State Forest,-82.172029,28.465832
227167,2585,M. T. Strong,,Sumter Co.,Clusiaceae,Hypericum,null,null,14009,null,null,null,TRUE,654,null,tetrapetalum,Lam.,null,09/02/2000,"0.5-1.0 km E of FL 471, ca. 16 km S of Tarrytown.",null,Pine flatwoods.,Fertile,null,null,null,null,null,null,null,null,null,FALSE,Withlacoochee State Forest,-82.05,28.55
104839,1835,P. Genelle,G. Fleming,Sumter Co.,Clusiaceae,Hypericum,null,null,13924,null,null,null,TRUE,654,null,tetrapetalum,Lam.,null,05/06/1973,"Richloam section, River Road.",null,"Moist pinelands, open sun.",Flower,Fruit,null,null,null,null,null,null,null,null,FALSE,Withlacoochee State Forest,-81.8167,28.35
104195,1703,P. Genelle,G. Fleming,Hernando Co.,Hypoxidaceae,Hypoxis,null,null,103976,null,null,null,TRUE,2412,null,curtissii,Rose,null,01/08/1973,Croom area.,1992,"River edge; low water, sand; association with Quercus, Juglans, Taxodium, Serenoa.",Flower,Fruit,null,null,null,null,null,null,null,null,FALSE,Withlacoochee State Forest,-82.227588,28.587772
120747,2117,P. Genelle,G. Fleming,Pasco Co.,Hypoxidaceae,Hypoxis,null,null,104043,null,null,null,TRUE,2412,null,curtissii,Rose,null,06/14/1975,Richloam section.,1992,Glades.,Flower,null,null,null,null,null,null,null,null,null,FALSE,Withlacoochee State Forest,-82.172029,28.465832
120690,2104,P. Genelle,G. Fleming,Pasco Co.,Hypoxidaceae,Hypoxis,null,null,104082,null,null,null,TRUE,3312,null,juncea,Sm.,null,06/14/1975,"Withlacoochee State Forest, Richloam section.",Oct 1986,"Edge of cypress [Taxodium] swamp; dry, sandy soil.",Flower,Fruit,null,null,null,null,null,null,null,null,FALSE,null,-82.172029,28.465832
241932,13084,B. F. Hansen,,Sumter Co.,Aquifoliaceae,Ilex,null,null,88310,,null,null,TRUE,2048,,ambigua,Michx.,Torr.,11/09/2005,"Ca. 1.5 mi. N of Croom. T22S, R21E, Sec. 5, NE¼.",27-Mar-2013,Sandhill.,null,null,null,null,null,null,null,null,null,null,FALSE,Withlacoochee State Forest,-82.2167,28.5833
104748,1774,P. Genelle,G. Fleming,Hernando Co.,Aquifoliaceae,Ilex,null,null,88074,,null,null,TRUE,2048,,ambigua,Michx.,Torr.,04/22/1973,"Croom section, road edge, near Silver Lake Recreation Area.",1989,"Sandy, dry, shaded.",Flower,null,null,null,null,null,null,null,null,null,FALSE,Withlacoochee State Forest,-82.227588,28.587772
104822,1818,P. Genelle,G. Fleming,Hernando Co.,Aquifoliaceae,Ilex,null,null,13621,cassine,null,null,TRUE,3866,var.,cassine,L.,null,05/06/1973,"Richloam section, Tower road.",null,Roadside.,Flower,null,null,null,null,null,null,null,null,null,FALSE,Withlacoochee State Forest,-82.1,28.5
108382,1903,P. Genelle,G. Fleming,Hernando Co.,Aquifoliaceae,Ilex,null,null,13692,cassine,null,null,TRUE,3866,var.,cassine,L.,null,11/18/1973,"Richloam section, Fire Tower Road.",Dec 1980,Swamp edge.,Flower,null,null,null,null,null,null,null,null,null,FALSE,Withlacoochee State Forest,-82.1,28.5
227242,2543,M. T. Strong,,Hernando Co.,Aquifoliaceae,Ilex,null,null,13547,null,null,null,TRUE,3793,null,glabra,L.,A. Gray,08/29/2000,"Just N and S of sand road W of FL 471 and fish hatchery, just N of the Hernando/Polk County line, 8 km S of Tarrytown, and 9-11 km NE of Lacoochee.",null,Pine flatwoods.,Immature Fruit,null,null,null,null,null,null,null,null,null,FALSE,Withlacoochee State Forest,-82.45,28.5333
108175,1917,P. Genelle,G. Fleming,Hernando Co.,Aquifoliaceae,Ilex,null,null,13431,null,null,null,TRUE,3793,null,glabra,L.,A. Gray,11/18/1973,Richloam section; road to Yankee Swamp.,null,Open pinelands.,Flower,Fruit,null,null,null,null,null,null,null,null,FALSE,Withlacoochee State Forest,-82.1,28.5
104830,1826,P. Genelle,G. Fleming,Sumter Co.,Aquifoliaceae,Ilex,null,null,13513,null,null,null,TRUE,3793,null,glabra,L.,A. Gray,05/05/1973,River Road.,Dec 1980,"Sandy pinelands, full sun.",Flower,null,null,null,null,null,null,null,null,null,FALSE,Withlacoochee State Forest,-81.8167,28.35
122559,2153,P. Genelle,G. Fleming,Sumter Co.,Aquifoliaceae,Ilex,null,null,13514,null,null,null,TRUE,3793,null,glabra,L.,A. Gray,06/28/1975,Cabbage Head Road.,Dec 1980,Pinelands.,Fruit,null,null,null,null,null,null,null,null,null,FALSE,Withlacoochee State Forest,-81.8167,28.35
55490,25777,O. K. Lakela,,Citrus Co.,Aquifoliaceae,Ilex,null,null,88386,opaca,null,null,TRUE,3826,var.,opaca,Aiton,null,04/13/1963,"Off FL 491, S of Lecanto.",Dec 1980,Open oak forest with Juniperus over pink limestone outcrops.,Flower,null,null,null,null,Frequent; large trees to 6 m tall.,null,null,null,null,FALSE,Withlacoochee State Forest,-82.487598,28.851649
206125,299,C. vanHoek,S. Petty,Sumter Co.,Fabaceae,Indigofera,null,null,2999,null,null,null,TRUE,1663,null,hirsuta,L.,null,09/11/1992,"At the canoe launch, Withlacoochee River at Hog Island Recreational Area, Croom; ca. 2 mi. SSE of Nobleton.  T21S, R21E, Sec. 31.",1992,Riverbank.,Flower,null,null,null,null,null,null,null,null,null,FALSE,Withlacoochee State Forest,-82.25,28.6333
302312,s.n.,C. Werner,,Hernando Co.,Fabaceae,Indigofera,null,null,243889,null,null,null,TRUE,392,null,suffruticosa,Mill.,null,01/15/2020,Annuteliga Unit.,null,Edge of dirt road with Paspalum notatum undera canopy of Quercus laurifolia and Liquidambar styraciflua.,Fruit,null,null,null,null,null,null,null,null,null,FALSE,Withlacoochee State Forest,-82.45222222,28.68
206074,294,C. vanHoek,S. Petty,Sumter Co.,Convolvulaceae,Ipomoea,null,null,61108,null,null,null,TRUE,1277,null,macrorhiza,Michx.,null,08/28/1992,"Station 12, nature trail; Withlacoochee State Forest.",null,Sandy soil.,Fertile,null,null,null,null,null,null,null,null,null,FALSE,Hog Island Recreation Area,-81.8167,28.35
120358,2173,P. Genelle,G. Fleming,Pasco Co.,Convolvulaceae,Ipomoea,null,null,60925,null,null,null,TRUE,3540,null,pandurata,L.,G. Mey.,08/09/1975,Clay Sink Road.,Oct 1977,"Roadside, full sun.",Flower,null,null,null,null,null,null,null,null,null,FALSE,Withlacoochee State Forest,-82.172029,28.465832
120357,2175,P. Genelle,G. Fleming,Pasco Co.,Convolvulaceae,Ipomoea,null,null,60685,null,null,null,TRUE,553,null,sagittata,Poir.,null,08/09/1975,May Place Road.,Oct 1977,"Roadside, shaded area.",Flower,null,null,null,null,null,null,null,null,null,FALSE,Withlacoochee State Forest,-82.172029,28.465832
105088,1853,P. Genelle,G. Fleming,Hernando Co.,Iteaceae,Itea,null,null,13250,null,null,null,TRUE,3531,null,virginica,L.,null,05/20/1973,Tower Road.,null,Damp; partial shade.,Fruit,null,null,null,null,null,null,null,null,null,FALSE,Withlacoochee State Forest,-81.8167,28.35
217804,556,C. vanHoek,"S. Petty, J. Buckner",Sumter Co.,Juncaceae,Juncus,null,null,109154,null,null,null,TRUE,3684,null,bufonius,L.,null,05/10/1996,"S side of Center Grade, ca. 2 mi. E of FL 471; Richloam Wildlife Management Area. T23S, R23E, Sec. 29, NE¼.",null,Grassy area.,Fertile,null,null,null,null,null,null,null,null,null,FALSE,Withlacoochee State Forest,-81.8167,28.35
217744,555,C. vanHoek,"S. Petty, J. Buckner",Sumter Co.,Juncaceae,Juncus,null,null,111488,null,null,null,TRUE,3880,null,dichotomus,Elliott,null,05/10/1996,"Richloam Wildlife Management Area; S side of Center Grade, ca. 2 mi. E of FL 471. T23S, R23E, Sec. 29, NE¼.",null,Grassy area.,Fertile,null,null,null,null,null,null,null,null,null,FALSE,Withlacoochee State Forest,-81.8167,28.35
208188,366,C. vanHoek,S. Petty,Citrus Co.,Juncaceae,Juncus,null,null,111967,null,null,null,TRUE,3068,null,marginatus,Rostk.,null,06/04/1993,"Brush Sink, near the Florida Trail, in Citrus Wildlife Management Area. T 20S, R18E, Sec. 32, NW¼.",null,Marshy edge.,Fertile,null,null,null,null,null,null,null,null,null,FALSE,Withlacoochee State Forest,-82.45,28.8667
216437,16441,S. L. Orzell,E.L. Bridges,Sumter Co.,Juncaceae,Juncus,null,null,111953,null,null,null,TRUE,3068,null,marginatus,Rostk.,null,04/29/1991,"N side of Center Grade Road, ca. 1.3 mi. E of junction FL 471, near Weeks Pond and N of Gator Hole Slough, ca. 7.7 mi. S of junction FL 50 at Tarrytown. T23S, R23E, Sec. 29, NW¼.",01-Jun-2015,Wet marly pnie flatwoods and cypress [Taxodium] pond edges. Soils - Vero (Alfic Haplaquods).,Fertile,null,null,null,null,null,null,90,92,ft,FALSE,Withlacoochee State Forest,-82.03611111,28.45833333
226395,19789,S. L. Orzell,E.L. Bridges,Sumter Co.,Juncaceae,Juncus,null,null,111975,null,null,null,TRUE,3068,null,marginatus,Rostk.,null,06/29/1992,"N side of Center Grade Road, ca. 1.3 mi. E of junction FL 471, near Weeks Pond and N of Gator Hole Slough, ca. 7.7 mi. S of junction FL 50 at Tarrytown. T23S, R23E, Sec. 29, NW¼.",01-Jun-2015,Wet marly pine flatwoods and cypress [Taxodium] pond edges. Soils - Vero (Alfic Haplaquods).,Fertile,null,null,null,null,null,null,80,92,ft,FALSE,Withlacoochee State Forest,-82.03611111,28.45833333
205416,291,C. vanHoek,S. Petty,Sumter Co.,Juncaceae,Juncus,null,null,112754,null,null,null,TRUE,1017,null,scirpoides,Lam.,null,07/10/1992,"Croom Wildlife Management Area; Hog Island Recreational Area; ca. 2.5 mi. SE of Nobleton. T21S, R21E, Sec. 31.",null,Riverbank.,Fertile,null,null,null,null,null,null,null,null,null,FALSE,Withlacoochee State Forest,-82.25,28.6333
55415,25778,O. K. Lakela,,Citrus Co.,Cupressaceae,Juniperus,null,null,42408,null,null,null,TRUE,3925,null,virginiana,L.,null,04/13/1963,Off C-491.,1987,"Open oak forest with Juniperus and Ilex, over outcrops of pink limestone; soil thin, very dry.",null,null,null,null,null,null,null,null,null,null,FALSE,Withlacoochee State Forest,-81.8167,28.35
232055,2683,M. T. Strong,,Pasco Co.,Acanthaceae,Justicia,null,null,50660,null,null,null,TRUE,1065,null,angusta,Chapm.,Small,05/10/2001,"0.2-0.5 km W of FL 471, 1.6 km N of the Withlacoochee River (tri-county line of Sumter, Polk, and Pasco), ca. 15 air km NE of Zephyrhills.",null,Depression in pine flatwoods.,Flower,Immature Fruit,null,null,null,Corollas purple.,null,null,null,null,FALSE,Withlacoochee State Forest,-82.181195,28.23362
120847,2151,P. Genelle,G. Fleming,Sumter Co.,Acanthaceae,Justicia,null,null,50689,null,null,null,TRUE,1065,null,angusta,Chapm.,Small,06/28/1975,Cabbage Head Road.,1972,Edge of lake; moist sand.,Bud,Flower,Immature Fruit,Fruit,null,null,null,null,null,null,FALSE,Withlacoochee State Forest,-81.8167,28.35
120824,2135,P. Genelle,G. Fleming,Pasco Co.,Acanthaceae,Justicia,null,null,50598,null,null,null,TRUE,1065,null,angusta,Chapm.,Small,06/28/1975,Richloam section; forest road S of Slaughter.,2010,Wet roadside ditch.,Flower,null,null,null,null,null,null,null,null,null,FALSE,Withlacoochee State Forest,-82.0667,28.4667
214513,16424,S. L. Orzell,E.L. Bridges,Sumter Co.,Acanthaceae,Justicia,null,null,50673,null,null,null,TRUE,1065,null,angusta,Chapm.,Small,04/29/1991,"On the N side of Center Grade Road, ca. 1.3 mi. E of the junction with FL 471, near Weeks Pond and N of Gator Hole Slough, ca. 7.7 mi. S of the FL 50 junction with Tarrytown. T23S, R23E, Sec. 29, NW¼.",null,"Roadside ditch through wet, marly pine flatwoods and cypress [Taxodium] pond edges. Vero (Alfic Haplaquods) soil.",Bud,null,null,null,null,null,null,90,92,ft,FALSE,Withlacoochee State Forest,-82.03611111,28.45833333
265220,3182,A. R. Franck,C. vanHoek,Sumter Co.,Acanthaceae,Justicia,null,null,92434,null,null,null,TRUE,1154,null,pringlei,B. L. Rob.,null,10/23/2012,Contact USF Herbarium if additional information is required,null,Around oak tree in mown lawn grading into hammock.,Fertile,null,null,null,null,null,null,null,null,null,TRUE,Withlacoochee State Forest,null,null
265217,3177,A. R. Franck,"C. vanHoek, C. Werner",Citrus Co.,Acanthaceae,Justicia,null,null,92431,null,null,null,TRUE,1154,null,pringlei,B. L. Rob.,null,10/23/2012,Contact USF Herbarium if additional information is required,null,Mixed oak - Liquidambar hammock.,Fertile,null,null,null,null,null,null,null,null,null,TRUE,Withlacoochee State Forest,null,null
265218,3180,A. R. Franck,"C. vanHoek, C. Werner",Hernando Co.,Acanthaceae,Justicia,null,null,92432,null,null,null,TRUE,1154,null,pringlei,B. L. Rob.,null,10/23/2012,Contact USF Herbarium if additional information is required,null,Along path through oak hammock.,Fertile,null,null,null,null,null,null,null,null,null,TRUE,Withlacoochee State Forest,null,null
265219,3181,A. R. Franck,"C. vanHoek, C. Werner",Hernando Co.,Acanthaceae,Justicia,null,null,92433,null,null,null,TRUE,1154,null,pringlei,B. L. Rob.,null,10/23/2012,Contact USF Herbarium if additional information is required,null,Along path through oak hammock.,Fertile,null,null,null,null,null,null,null,null,null,TRUE,Withlacoochee State Forest,null,null
214552,489,C. vanHoek,"S. Petty, J. Buckner",Sumter Co.,Acanthaceae,Justicia,null,null,19930,null,null,null,TRUE,1154,null,pringlei,B. L. Rob.,null,09/22/1995,Contact USF Herbarium if additional information is required,Apr 2014,In moist hammocks and disturbed areas underlain with limestone.,Bud,Flower,null,null,null,Widespread.,null,null,null,null,TRUE,Withlacoochee State Forest,null,null
229267,19742,S. L. Orzell,E.L. Bridges,Citrus Co.,Krameriaceae,Krameria,null,null,83277,null,null,null,TRUE,779,null,lanceolata,Torr.,null,06/29/1992,"Just E of section line road, ca. 1.4 mi. W of Fivemile Pond, ca. 3.5 air mi. S of FL 44, ca. 10 air mi. E of Homosassa Springs. T19S, R19E, Sec. 27, SW¼.",null,Mature burned longleaf pine [Pinus palustris] sandhill. Soils - Lakeland (Typic Quartzipsamments).,Flower,null,null,null,null,null,null,100,130,ft,FALSE,Withlacoochee State Forest,-82.4025,28.80472222
104800,1796,G. Fleming,P. Genelle,Hernando Co.,Asteraceae,Krigia,null,null,39615,null,null,null,TRUE,3573,null,virginica,L.,Willd.,05/05/1973,null,null,Sandy pinelands; Pinus elliottii.,Fertile,null,null,null,null,null,null,null,null,null,FALSE,Withlacoochee State Forest,-81.8167,28.35
104729,1756 CR,G. Fleming,P. Genelle,Hernando Co.,Asteraceae,Krigia,null,null,39619,null,null,null,TRUE,3573,null,virginica,L.,Willd.,04/22/1973,"Withlacoochee State Forest, Croom Road.",null,Partial shade on dry sandy road side.,Fertile,null,null,null,null,null,null,null,null,null,FALSE,null,-82.227588,28.587772
192403,79,C. vanHoek,,Citrus Co.,Fabaceae,Kummerowia,null,null,3182,null,null,null,TRUE,227,null,striata,Thunb.,Schindl.,09/19/1987,"Citrus Wildlife Management Area, W of Forest Service Road 13, N of Forest Service Road 18.",1987,"In disturbed, grassy area.",Flower,Immature Fruit,null,null,null,null,null,null,null,null,FALSE,Withlacoochee State Forest,-82.45,28.8667
104805,1801,P. Genelle,G. Fleming,Hernando Co.,Eriocaulaceae,Lachnocaulon,null,null,103102,null,null,null,TRUE,3104,null,anceps,Walter,Morong,05/06/1973,Richloam section FL 50.,1981,"Sandy, shade.",Fertile,null,null,null,null,null,null,null,null,null,FALSE,Withlacoochee State Forest,-82.1,28.5
210642,14601,S. L. Orzell,E.L. Bridges,Hernando Co.,Eriocaulaceae,Lachnocaulon,null,null,102858,null,null,null,TRUE,3104,null,anceps,Walter,Morong,08/04/1990,"S side of FL 50, ca. 1.2 mi. E of the US 301 junction at Ridge Manor. T23S, R22E, Sec. 7, NW¼ of NW¼.",null,Sandy margins of limesink depression pond; community dominated by Hypericum fasciculatum. Soils - Paisley (Typic Albaqualfs).,Flower,null,null,null,null,null,null,70,null,ft,FALSE,Withlacoochee State Forest,-82.13472222,28.50638889
229152,19764,S. L. Orzell,E.L. Bridges,Pasco Co.,Eriocaulaceae,Lachnocaulon,null,null,103055,null,null,null,TRUE,3104,null,anceps,Walter,Morong,06/29/1992,"N of Center Grade, 0.5 mi. W of Sumter County line and FL 471, ca. 1.1 mi. SSE of Clay Sink, ca. 9.5 air mi. NE of Dade City. T23S, R22E, Sec. 25, SW¼ of NE¼.",null,Wetland pine savanna. Soils - Aeric Haplaquods).,Fertile,null,null,null,null,null,null,85,90,ft,FALSE,Withlacoochee State Forest,-82.06111111,28.45805556
229159,19757B,S. L. Orzell,E.L. Bridges,Pasco Co.,Eriocaulaceae,Lachnocaulon,null,null,103067,null,null,null,TRUE,3104,null,anceps,Walter,Morong,06/29/1992,"E of unimproved access road heading S to the Withlacoochee River, ca. 0.7 mi. S of Lacoochee Park Road, ca. 1.8 air mi. SE of Lacoochee. T23S, R22E, Sec. 30, NW¼ of SE¼.",null,Cypress [Taxodium] savanna in sandy shallow depression. Soils - Basinger (Spodic Psammaquents).,Fertile,null,null,null,null,"Small, hairy form.",null,70,null,ft,FALSE,Withlacoochee State Forest,-82.14583333,28.45305556
206521,327,C. vanHoek,S. Petty,Hernando Co.,Eriocaulaceae,Lachnocaulon,null,null,103171,null,null,null,TRUE,2510,null,minus,Chapm.,Small,10/23/1992,"W Lakeshore, McKethan Lake Recreational Area, Headquarters Tract; 6 mi. N of Brooksville on US 41.",null,null,Fertile,null,null,null,null,null,null,null,null,null,FALSE,Withlacoochee State Forest,-82.387871,28.555272
206468,313,C. vanHoek,S. Petty,Sumter Co.,Eriocaulaceae,Lachnocaulon,null,null,103184,null,null,null,TRUE,2510,null,minus,Chapm.,Small,08/01/1992,"E of the ranger's home, Hog Island Recreational Area; Croom Wildlife Management Area; ca. 2 mi. SSE of Nobleton. T21S, R21E, Sec. 31.",null,Edge of dried pond.,Fertile,null,null,null,null,null,null,null,null,null,FALSE,Withlacoochee State Forest,-82.25,28.6333
228025,19757A,S. L. Orzell,E.L. Bridges,Pasco Co.,Eriocaulaceae,Lachnocaulon,null,null,103203,null,null,null,TRUE,2510,null,minus,Chapm.,Small,06/29/1992,"E of unimproved access road heading S to the Withlacoochee River, ca. 0.7 mi. S of Lacoochee Park Road, ca. 1.8 air mi. SE of Lacoochee. T23S, R22E, Sec. 30, NW¼ of SE¼.",null,Cypress [Taxodium] savanna in sandy shallow depression. Soils - Basinger (Spodic Psammaquents).,Fertile,null,null,null,null,null,null,70,null,ft,FALSE,Withlacoochee State Forest,-82.14583333,28.45305556
197805,s.n.,R. L. Mears,K. Holland,Hernando Co.,Asteraceae,Lactuca,null,null,39576,null,null,null,TRUE,3847,null,canadensis,L.,null,06/18/1988,"T22S, R21E, Sec. 8.",null,null,Bud,Flower,null,null,null,null,null,null,null,null,FALSE,Withlacoochee State Forest,-81.8167,28.35
104730,1757,P. Genelle,G. Fleming,Hernando Co.,Asteraceae,Lactuca,null,null,39488,null,null,null,TRUE,3166,null,graminifolia,Michx.,null,04/22/1973,Edge of road.,null,Partial shade in a dry sandy area roadside.,Bud,Flower,Fruit,null,null,null,null,null,null,null,FALSE,Withlacoochee State Forest,-81.8167,28.35
104813,1809,P. Genelle,G. Fleming,Hernando Co.,Verbenaceae,Lantana,null,null,18627,null,null,null,TRUE,1789,null,strigocamara,R. W. Sanders,null,05/06/1973,"Richloam Section, FL 50.",22-May-2017,"Roadside; wet, shaded loam.",Flower,null,null,null,null,Flowers lavender pink.,null,null,null,null,FALSE,Withlacoochee State Forest,-82.1,28.5
211042,400,C. vanHoek,,Citrus Co.,Cistaceae,Lechea,null,null,98678,null,null,null,TRUE,2211,null,minor,L.,null,08/12/1994,"T19S, R19E, Sec. 6.",null,Scrub border.,Fertile,null,null,null,null,null,null,null,null,null,FALSE,Withlacoochee State Forest,-81.8167,28.35
227294,2539,M. T. Strong,,Hernando Co.,Cistaceae,Lechea,null,null,98589,ramosissima,Hodgdon,Sorrie & Weakley,TRUE,2941,var.,pulchella,Raf.,null,08/29/2000,"Just N and S of a sand road  W of FL 471 and fish hatchery, just N of the Polk County lin, 8 km S of Tarrytown, 9-11 km NE of Lacoochee.",Mar 2014,Cut-over border of pine flatwoods.,Fertile,null,null,null,null,null,null,null,null,null,FALSE,Withlacoochee State Forest,-81.8167,28.35
127811,9554,L. Baltzell,,Sumter Co.,Brassicaceae,Lepidium,null,null,55618,null,null,null,TRUE,2129,null,virginicum,L.,null,05/01/1977,4.2 mi. S of Tarrytown along FL 471.,null,Roadside.,Fertile,null,null,null,null,Flowers white; several.,null,null,null,null,FALSE,Withlacoochee State Forest,-82.05,28.55
104622,1726,P. Genelle,G. Fleming,Citrus Co.,Brassicaceae,Lepidium,null,null,55697,null,null,null,TRUE,2129,null,virginicum,L.,null,04/15/1973,C-480 and C-491.,null,"Roadside ditch, sandy, full sun.",Fertile,null,null,null,null,null,null,null,null,null,FALSE,Withlacoochee State Forest,-81.8167,28.35
198578,s.n.,K. Holland,,Citrus Co.,Fabaceae,Lespedeza,null,null,3187,null,null,null,TRUE,3548,null,angustifolia,Pursh,Elliott,10/17/1988,"Citrus Wildlife Management area.  T20S, R19E, Sec. 29.",1992,Dry mixed woods.,Flower,null,null,null,null,null,null,null,null,null,FALSE,Withlacoochee State Forest,-82.45,28.8667
260772,10008,L. Baltzell,,Sumter Co.,Asteraceae,Liatris,null,null,67225,quadriflora,Chapm.,null,TRUE,1204,var.,tenuifolia,Nutt.,null,10/06/1977,"Along the Withlacoochee State Forest Road, 1.2 mi. W of FL 50, 4.7 mi. SW of Tarrytown.",Dec 2011,null,Flower,null,null,null,null,Several scattered plants; flowers purple.,null,null,null,null,FALSE,null,-82.05,28.55
260709,10463,L. Baltzell,,Citrus Co.,Asteraceae,Liatris,null,null,66707,quadriflora,Chapm.,null,TRUE,1204,var.,tenuifolia,Nutt.,null,10/22/1978,"At the junction of FL 44 and Withlacoochee State Forest Road 13, 5 mi. W of Inverness.",Dec 2011,fl,null,null,null,null,null,Few plants; florets rose purplish.,null,null,null,null,FALSE,null,-82.330372,28.835818
299477,s.n.,C. Werner,E. Williamson,Sumter Co.,Liliaceae,Lilium,null,null,226979,null,null,null,TRUE,3148,null,catesbaei,Walter,null,10/02/2018,Contact USF Herbarium if additional information is required,null,Pine flatwoods with matgure slash pine [Pinus elliottii] overstory; area burned in Jan 2018.,Flower,null,null,null,null,null,null,null,null,null,TRUE,Withlacoochee State Forest,null,null
227166,2587,M. T. Strong,,Sumter Co.,Linderniaceae,Lindernia,null,null,13112,null,null,null,TRUE,2618,null,grandiflora,Nutt.,null,09/02/2000,"0.2-0.4 km NE of fish hatchery, 8 km S of Tarrytown.",null,Border of sand road through pine flatwoods.,Immature Fruit,null,null,null,null,"Corolla yellowish-white proximally, stained with blue distally, the lobes yellowish-white or stained with blue.",null,null,null,null,FALSE,Withlacoochee State Forest,-82.05,28.55
104194,1702,P. Genelle,G. Fleming,Hernando Co.,Linderniaceae,Lindernia,null,null,13107,null,null,null,TRUE,2618,null,grandiflora,Nutt.,null,01/08/1973,Croom area.,null,"River edge, low water, sand; with Quercus, Juglans [?; Carya?], Taxodium, Serenoa.",Flower,null,null,null,null,null,null,null,null,null,FALSE,Withlacoochee State Forest,-82.227588,28.587772
122568,2136,P. Genelle,G. Fleming,Pasco Co.,Linderniaceae,Lindernia,null,null,13117,null,null,null,TRUE,2618,null,grandiflora,Nutt.,null,06/28/1975,"Richloam section, S of Slaughter.",null,Wet roadside ditch.,Flower,null,null,null,null,null,null,null,null,null,FALSE,Withlacoochee State Forest,-82.0667,28.4667
104833,1829,P. Genelle,G. Fleming,Sumter Co.,Linderniaceae,Lindernia,null,null,13142,null,null,null,TRUE,2618,null,grandiflora,Nutt.,null,05/05/1973,River road.,null,"Sandy pinelands, full sun.",Flower,null,null,null,null,null,null,null,null,null,FALSE,Withlacoochee State Forest,-81.8167,28.35
239344,19111,S. L. Orzell,E.L. Bridges,Sumter Co.,Linderniaceae,Lindernia,null,null,13105,null,null,null,TRUE,2618,null,grandiflora,Nutt.,null,03/02/1992,"N side of Center Grade Road, ca. 1.3 mi. E of its junction with FL 471, near Weeks Pond and N of Gator Hole Slough, ca. 7.7 mi. S of the junction with FL 50 at Tarrytown.  T23S, R23E, Sec. 29, NW¼.",null,Hydric hammock edges.,Flower,null,null,null,null,null,null,90,92,ft,FALSE,Withlacoochee State Forest,-82.03611111,28.45833333
104842,1838,P. Genelle,G. Fleming,Sumter Co.,Linaceae,Linum,null,null,25192,texanum,Planch.,Fernald,TRUE,3352,var.,medium,Planch.,Britton,05/06/1973,Richloam section. River Road.,null,"Moist pinelands, open sun.",Bud,Fruit,null,null,null,null,null,null,null,null,FALSE,Withlacoochee State Forest,-81.8167,28.35
197806,s.n.,R. L. Mears,K. Holland,Hernando Co.,Boraginaceae,Lithospermum,null,null,106637,null,null,null,TRUE,2037,null,incisum,Lehm.,null,06/18/1988,"Withlacoochee State Forest, Silver Lake Avenue. T22S, R21E, Sec. 6.",null,Sandhill.,Fruit,null,null,null,null,null,null,null,null,null,FALSE,null,-81.8167,28.35
104637,1745,P. Genelle,G. Fleming,Citrus Co.,Boraginaceae,Lithospermum,null,null,107738,null,null,null,TRUE,3399,null,virginianum,L.,null,04/15/1973,"Withlacoochee State Forest, State Forest Road 13.",Feb 2015,Sandy.,Fertile,null,null,null,null,null,null,null,null,null,FALSE,null,-81.8167,28.35
204623,264,C. vanHoek,,Sumter Co.,Campanulaceae,Lobelia,null,null,107292,null,null,null,TRUE,1261,null,homophylla,E. Wimm.,null,04/24/1992,"Riverbluffs, Withlacoochee River, Hog Island Recreactional Area, Croom Wildlife Management Area, Withlacoochee State Forest, ca. 2 mi. SSE of Nobleton. T21S, R21E, Sec. 31.",null,null,Flower,null,null,null,null,null,null,null,null,null,FALSE,null,-82.25,28.6333
104628,1733,P. Genelle,G. Fleming,Citrus Co.,Campanulaceae,Lobelia,null,null,107171,null,null,null,TRUE,1261,null,homophylla,E. Wimm.,null,04/15/1973,Dames Cave area.,null,Shade at edge of limestone opening to cave.,Flower,null,null,null,null,null,null,null,null,null,FALSE,Withlacoochee State Forest,-84.6667,30.2333
264083,11042,L. Baltzell,,Sumter Co.,Campanulaceae,Lobelia,null,null,107441,null,null,null,TRUE,2079,null,paludosa,Nutt.,null,04/06/1980,"2.1 mi. W of FL 50, 5.7 mi. SW of Tarrytown, along the Forest Road.",null,Roadside.,Flower,null,null,null,null,Scattered plant; corollas white.,null,null,null,null,FALSE,Withlacoochee State Forest,-82.05,28.55
104840,1836,P. Genelle,G. Fleming,Sumter Co.,Campanulaceae,Lobelia,null,null,107380,null,null,null,TRUE,2079,null,paludosa,Nutt.,null,05/06/1973,"Withlacoochee State Forest, Richloam section; River Road.",null,"Moist pinelands, open sun.",Flower,null,null,null,null,null,null,null,null,null,FALSE,null,-81.8167,28.35
227681,19763,S. L. Orzell,E.L. Bridges,Pasco Co.,Campanulaceae,Lobelia,null,null,107335,null,null,null,TRUE,2079,null,paludosa,Nutt.,null,06/29/1992,"N of Center Grade Road, 0.5 mi. W of Sumter County line and FL 471, ca. 1.1 mi. SSE of Clay Sink, ca. 9.5 mi. NE of Dade City. T23S, R22E, Sec. 25, SW¼ of NE¼.",null,Wetland pine savanna. Soils - Smyrna (Aeric Haplaquods).,Flower,null,null,null,null,null,null,85,90,ft,FALSE,Withlacoochee State Forest,-82.06111111,28.45805556
105083,1848,P. Genelle,G. Fleming,Hernando Co.,Caprifoliaceae,Lonicera,null,null,83761,null,null,null,TRUE,3861,null,sempervirens,L.,null,05/20/1973,"Richloam section, Tower Road.",null,"Roadside, damp, shaded.",Flower,null,null,null,null,null,null,null,null,null,FALSE,Withlacoochee State Forest,-82.1,28.5
122562,2156,P. Genelle,G. Fleming,Sumter Co.,Onagraceae,Ludwigia,null,null,86064,null,null,null,TRUE,3176,null,arcuata,Walter,null,06/28/1975,Cabbage Head Road.,1981,"Moist edge of lake, sandy soil.",Fertile,null,null,null,null,null,null,null,null,null,FALSE,Withlacoochee State Forest,-81.8167,28.35
214546,490,C. vanHoek,"S. Petty, J. Buckner",Sumter Co.,Onagraceae,Ludwigia,null,null,86900,null,null,null,TRUE,2626,null,maritima,R. M. Harper,null,09/22/1995,"Baird Tract, Cedar Hammock, 5 mi. E of Tarrytown. T22S, R23E, Sec. 23.",null,"Moist, disturbed hammocks.",Flower,null,null,null,null,null,null,null,null,null,FALSE,Withlacoochee State Forest,-82.05,28.55
227236,2537,M. T. Strong,,Hernando Co.,Onagraceae,Ludwigia,null,null,86851,null,null,null,TRUE,2626,null,maritima,R. M. Harper,null,08/29/2000,"Just N and S of sand road, W of FL 471 and fish hatchery, just N of Polk Co. line, 8 km S of Tarrytown, and 9–11 km NE of Lacoochee.",null,Cutover border of pine flatwoods.,Fertile,null,null,null,null,null,null,null,null,null,FALSE,Withlacoochee State Forest,-81.8167,28.35
227304,2538,M. T. Strong,,Hernando Co.,Onagraceae,Ludwigia,null,null,86387,null,null,null,TRUE,3192,null,suffruticosa,Walter,null,08/29/2000,"Just N and S of sand road W of FL 471 and fish hatchery, just N of the Polk County line, 8 km S of Tarrytown and 9-11 km NE of Lacoochee.",null,Cut-over border of pine flatwoods.,Fertile,null,null,null,null,null,null,null,null,null,FALSE,Withlacoochee State Forest,-81.8167,28.35
122561,2148,P. Genelle,G. Fleming,Sumter Co.,Onagraceae,Ludwigia,null,null,86319,null,null,null,TRUE,3192,null,suffruticosa,Walter,null,06/28/1975,Cabbage Head Road.,1981,Moist edge of lake; sandy soil.,Fertile,null,null,null,null,null,null,null,null,null,FALSE,Withlacoochee State Forest,-81.8167,28.35
210539,14596,S. L. Orzell,E.L. Bridges,Hernando Co.,Onagraceae,Ludwigia,null,null,86361,null,null,null,TRUE,3192,null,suffruticosa,Walter,null,08/04/1990,"S side of FL 50, ca. 1.2 mi. E of the US 301 junction at Ridge Manor.  T23S, R22E, Sec. 7, NW¼ of NW¼.",null,Sandy margins of limesink depression pond; community dominated by Hypericum fasciculatum.  Soils - Paisley (Typic Albaqualfs).,Fertile,null,null,null,null,null,null,null,null,null,FALSE,Withlacoochee State Forest,-82.13472222,28.50638889
240529,19753,S. L. Orzell,E.L. Bridges,Pasco Co.,Onagraceae,Ludwigia,null,null,86391,null,null,null,TRUE,3192,null,suffruticosa,Walter,null,06/29/1992,"E of unimproved access road heading S to the Withlacoochee River, ca. 0.6 mi. S of Lacoochee Park Road, ca. 1.8 air mi. SE of Lacoochee.  T23S, R22E, Sec. 20, NW¼ of SE¼.",null,Cypress [Taxodium] savanna in sandy shallow depression.  Soils - Basinger (Spodic Psammaquents).,Fertile,null,null,null,null,null,null,70,null,ft,FALSE,Withlacoochee State Forest,-82.14583333,28.45305556
227043,2518,M. T. Strong,,Hernando Co.,Onagraceae,Ludwigia,null,null,86140,null,null,null,TRUE,3301,null,virgata,Michx.,null,08/29/2000,"Just N and S of sand road W of FL 471 and fish hatchery, just N of the Polk County line, 8 km S of Tarrytown and 9-11 km NE of Lacoochee.",null,Pine flatwoods.,Fruit,null,null,null,null,null,null,null,null,null,FALSE,Withlacoochee State Forest,-81.8167,28.35
104735,1762CR,P. Genelle,G. Fleming,Hernando Co.,Fabaceae,Lupinus,null,null,3352,null,null,null,TRUE,2988,null,diffusus,Nutt.,null,04/22/1973,Croom section forest road to Silver Lake area.,1973,"Dry, sandy, partial shade.",Flower,Fruit,null,null,null,null,null,null,null,null,FALSE,Withlacoochee State Forest,-82.227588,28.587772
108379,1900,P. Genelle,G. Fleming,Hernando Co.,Lamiaceae,Lycopus,null,null,12807,null,null,null,TRUE,3500,null,rubellus,Moench,null,11/18/1973,"Richloam section, Fire Tower Road.",Dec 2006,Swamp edge.,Flower,Flower,null,null,null,null,null,null,null,null,FALSE,Withlacoochee State Forest,-82.1,28.5
105113,1872,P. Genelle,G. Fleming,Citrus Co.,Asteraceae,Lygodesmia,null,null,38352,null,null,null,TRUE,681,null,aphylla,Nutt.,DC.,05/27/1973,"Citrus section, Tract 20.",null,[Among] pine and oaks in open sun. Sandy.,Bud,Flower,Fruit,null,null,null,null,null,null,null,FALSE,Withlacoochee State Forest,-82.45,28.8667
204575,271,C. vanHoek,,Sumter Co.,Schizaeaceae,Lygodium,null,null,18409,null,null,null,TRUE,1559,null,japonicum,Thunb.,Sw.,05/08/1992,"Nature Trail #24, Hog Island Recreation Area, Croom Wildlife Management Area, Withlacoochee State Forest; ca. 2 mi. NNE of Nobleton.",null,Limestone rock at bottom of a moist pit.,null,null,null,null,null,null,null,null,null,null,FALSE,null,-82.25,28.6333
245507,s.n.,C. Werner,,Sumter Co.,Schizaeaceae,Lygodium,null,null,27708,null,null,null,TRUE,1638,null,microphyllum,Cav.,R. Br.,04/17/2008,"Richloam division; E on Bird Dog Road from FL 471, NE corner of pond edge.  T24S, R23E, Sec. 6.",null,"Ruderal; edge of borrow pit in mesic flatwoods, with slash pine [Pinus elliottii] and red maple [Acer rubrum]; saw palmetto [Serenoa repens] and Bahiagrass [Paspalum notatum] present.",Fertile,null,null,null,null,Climbing herb; fertile pinnae present.,null,null,null,null,FALSE,Withlacoochee State Forest,-82.05138889,28.42694444
302841,s.n.,C. Werner,,Hernando Co.,Schizaeaceae,Lygodium,null,null,245728,null,null,null,TRUE,1638,null,microphyllum,Cav.,R. Br.,01/20/2021,Croom Tract.,null,Edge of basin marsh.,null,null,null,null,null,Climbing up small Sweetgum [Liquidambar styraciflua] tree.,null,null,null,null,FALSE,Withlacoochee State Forest,-82.3004,28.5858
227243,2544,M. T. Strong,,Hernando Co.,Ericaceae,Lyonia,null,null,80888,null,null,null,TRUE,2695,null,ferruginea,Walter,Nutt.,08/29/2000,"Just N and S of sand road W of FL 471 and fish hatchery, just N of Hernando and Polk County line, 8 km S of Tarrytown, and 9 to 11 km NE of Lacoochee.",null,Pine flatwoods.,Fruit,null,null,null,null,null,null,null,null,null,FALSE,Withlacoochee State Forest,-82.45,28.5333
167222,52594,D. S. Correll,H.B. Correll,Hernando Co.,Ericaceae,Lyonia,null,null,81080,null,null,null,TRUE,679,null,fruticosa,Michx.,G. S. Torr.,09/20/1981,null,null,Rich loam along foot path.,Fruit,null,null,null,null,Shrub to 2 m tall.,null,null,null,null,FALSE,Withlacoochee State Forest,-81.8167,28.35
120371,2184,P. Genelle,G. Fleming,Pasco Co.,Ericaceae,Lyonia,null,null,81010,null,null,null,TRUE,679,null,fruticosa,Michx.,G. S. Torr.,08/09/1975,Clay Sink Road.,1978,"Roadside, sandy soil.",Bud,Immature Fruit,null,null,null,null,null,null,null,null,FALSE,Withlacoochee State Forest,-82.172029,28.465832
229056,19776,S. L. Orzell,E.L. Bridges,Sumter Co.,Ericaceae,Lyonia,null,null,80983,null,null,null,TRUE,679,null,fruticosa,Michx.,G. S. Torr.,06/29/1992,"N side of Center Grade Road, ca. 1.3 mi. E of the FL 471 junction, near Weeks Pind and N of Gator Hole Slough, ca. 7.7 mi. S of the junction with FL 50 at Tarrytown. T23S, R23E, Sec. 29, NW¼.",null,Mesic pine flatwoods. Soils - Vero (Alfic Haplaquods).,Flower,null,null,null,null,null,null,90,92,ft,FALSE,Withlacoochee State Forest,-82.03611111,28.45833333
227171,2584,M. T. Strong,,Sumter Co.,Ericaceae,Lyonia,null,null,12608,null,null,null,TRUE,3646,null,lucida,Lam.,K. Koch,09/02/2000,"0.5-1.0 km E of FL 471, ca. 16 km S of Tarrytown.",null,Pine flatwoods.,Fruit,null,null,null,null,null,null,null,null,null,FALSE,Withlacoochee State Forest,-82.05,28.55
122564,2146,P. Genelle,G. Fleming,Sumter Co.,Ericaceae,Lyonia,null,null,12588,null,null,null,TRUE,3646,null,lucida,Lam.,K. Koch,06/28/1975,Cabbage Head Road.,null,Moist edge of lake; sandy soil.,Fruit,null,null,null,null,null,null,null,null,null,FALSE,Withlacoochee State Forest,-81.8167,28.35
228886,19115,S. L. Orzell,E.L. Bridges,Sumter Co.,Ericaceae,Lyonia,null,null,12730,null,null,null,TRUE,3646,null,lucida,Lam.,K. Koch,03/02/1992,"N side of Center Grade Road, ca. 1.3 mi. E of the junction of FL 471, near Weeks Pond and N of Gator Hole Slough, ca. 7.7 mi. S of the junction of FL 50 at Tarrytown.  T23S, R23E, Sec. 29, NW¼.",null,Wet marly pine flatwoods and cypress [Taxodium] pond edges.  Soils - Vero (Alfic Haplaquods).,Flower,null,null,null,null,null,null,90,92,ft,FALSE,Withlacoochee State Forest,-82.03611111,28.45833333
228866,19768,S. L. Orzell,E.L. Bridges,Pasco Co.,Ericaceae,Lyonia,null,null,12731,null,null,null,TRUE,3646,null,lucida,Lam.,K. Koch,06/29/1992,"N of Center Grade Road, 0.5 mi. W of the Sumter County line and FL 471, ca. 1.1 mi. SSE of Clay Sink, ca. 9.5 air mi. NE of Dade City.  T23S, R22E, Sec. 25, SW¼ of NE¼.",null,Wetland pine savanna and cypress [Taxodium] pond edges.  Soils - Smyrna (Aeric Haplaquods).,Fruit,null,null,null,null,null,null,85,90,ft,FALSE,Withlacoochee State Forest,-82.06111111,28.45805556
227226,2533,M. T. Strong,,Hernando Co.,Lythraceae,Lythrum,null,null,85432,lanceolatum,Elliott,Torr. & A.Gray ex Rothr.,TRUE,3282,var.,alatum,Pursh,null,08/29/2000,"Just N and S of sand road W of FL 471 and fish hatchery, just N of Polk Co. line, 8 km S of Tarrytown and 9-11 km NE of Lacoochee.",null,Wet ditch bordering pine flatwoods along sand road.,Fertile,null,null,null,null,Corolla blue.,null,null,null,null,FALSE,Withlacoochee State Forest,-81.8167,28.35
306739,s.n.,C. Werner,null,Hernando Co.,Lythraceae,Lythrum,null,null,253508,null,null,null,TRUE,3999,null,nieuwlandii,A. R. Franck & C. Werner,null,08/30/2022,Croom Tract.,18 Aug 2023,"In full sun on the edge of a depression marsh, within a powerline corridor.",Flower,null,null,null,null,null,null,null,null,null,FALSE,Withlacoochee State Forest.,-82.224,28.5935
104837,1833,P. Genelle,G. Fleming,Sumter Co.,Plantaginaceae,Mecardonia,null,null,65805,peninsularis,Pennell,Rossow,TRUE,1112,subsp.,acuminata,Walter,Small,05/06/1973,River Road.,1989,"Moist pinelands, open sun; richloam section.",Fruit,null,null,null,null,null,null,null,null,null,FALSE,Withlacoochee State Forest,-81.8167,28.35
104755,1781,P. Genelle,G. Fleming,Hernando Co.,Plantaginaceae,Mecardonia,null,null,65809,peninsularis,Pennell,Rossow,TRUE,1112,subsp.,acuminata,Walter,Small,04/22/1973,Croom section; Silver Lake.,1989,River edge at its entrance to lake.,Flower,Fruit,null,null,null,null,null,null,null,null,FALSE,Withlacoochee State Forest,-82.227588,28.587772
104640,1741Ct,P. Genelle,G. Fleming,Citrus Co.,Fabaceae,Medicago,null,null,3608,null,null,null,TRUE,1929,null,lupulina,L.,null,04/15/1973,"FL 480, S edge of Forest area.",1973,"Roadside, sandy, full sun.",Flower,Fruit,null,null,null,null,null,null,null,null,FALSE,Withlacoochee State Forest,-81.8167,28.35
104741,1767Cr,P. Genelle,G. Fleming,Hernando Co.,Fabaceae,Melilotus,null,null,3679,null,null,null,TRUE,510,null,albus,Medik.,null,04/22/1973,Croom Section; forest road to Silver Lake Recreation Area.,1973,"Dry, sandy, partial shade.",Flower,Immature Fruit,null,null,null,null,null,null,null,null,FALSE,Withlacoochee State Forest,-82.227588,28.587772
214551,491,C. vanHoek,"S. Petty, J. Buckner",Sumter Co.,Malvaceae,Melochia,null,null,26003,null,null,null,TRUE,1839,null,corchorifolia,L.,null,09/22/1995,"Baird Tract, Cedar Hammock, 5 mi. E of Tarrytown. T22S, R23E, Sec. 23.",null,"Disturbed areas in moist hammocks, full sun.",Fruit,null,null,null,null,"Flowers pale rose-pink, mallow-like.",null,null,null,null,FALSE,Withlacoochee State Forest,-82.05,28.55
206457,s.n.,S. Petty,,Hernando Co.,Malvaceae,Melochia,null,null,25995,null,null,null,TRUE,1839,null,corchorifolia,L.,null,10/09/1992,"Richloam Wildlife Management Area. T23S, R22E, Sec. 3, S½, Webster 7.5' Quad.",null,Disturbed.,Fruit,null,null,null,null,null,null,null,null,null,FALSE,Withlacoochee State Forest,-82.1,28.5
227254,2517,M. T. Strong,,Hernando Co.,Cucurbitaceae,Melothria,null,null,12246,null,null,null,TRUE,3631,null,pendula,L.,null,08/29/2000,"Just N and S of a sand road (jeep trail) W of FL 471 and fish hatchery, just N of the Hernando and Polk County line, 8 km S of Tarrytown and 9-11 km NE of Lacoochee.",null,Pine flatwoods.,Flower,Fruit,null,null,null,null,null,null,null,null,FALSE,Withlacoochee State Forest,-82.45,28.5333
302467,s.n.,C. Werner,,Hernando Co.,Orchidaceae,Mesadenus,null,null,244358,null,null,null,TRUE,2911,null,lucayanus,Britton,Schltr.,02/12/2021,Contact USF Herbarium if additional information is required,null,Historic phosphate/lime rock pit with mature cedars [Juniperus virginiana]; pit in dry hammock with abundant rock outcrops.,Flower,null,null,null,null,null,null,null,null,null,TRUE,Withlacoochee State Forest,null,null
131714,93,R. Lassiter,J.A. Lassiter,Citrus Co.,Orchidaceae,Mesadenus,null,null,6639,null,null,null,TRUE,2911,null,lucayanus,Britton,Schltr.,03/13/1967,Contact USF Herbarium if additional information is required,21-Feb-2017,"In partial shade of dry, rocky Quercus virginiana woods.",Bud,Fruit,null,null,null,null,Scattered.,null,null,null,TRUE,Withlacoochee State Forest,null,null
206081,297,C. vanHoek,S. Petty,Sumter Co.,Linderniaceae,Micranthemum,null,null,65727,null,null,null,TRUE,3111,null,umbrosum,J. F. Gmel.,S. F. Blake,08/01/1992,"Withlacoochee River at station #14, Hog Island Nature Trail, Hog Island Recreation Area.",null,"Muddy, grassy river banks.",null,null,null,null,null,null,null,null,null,null,FALSE,Withlacoochee State Forest,-81.8167,28.35
104814,1810RI,P. Genelle,G. Fleming,Hernando Co.,Fabaceae,Mimosa,null,null,3798,null,null,null,TRUE,2162,null,strigillosa,Torr. & A. Gray,null,05/06/1973,Richloam Section; FL 50.,1973,"Roadside; damp, sandy loam.",Bud,Flower,null,null,null,null,null,null,null,null,FALSE,Withlacoochee State Forest,-82.1,28.5
120890,2122,P. Genelle,G. Fleming,Pasco Co.,Loganiaceae,Mitreola,null,null,101015,null,null,null,TRUE,3100,null,petiolata,J. F. Gmel.,Torr. & A. Gray,06/14/1975,Richloam section.,null,"Shaded, moist area at edge of swamp.",Fertile,null,null,null,null,null,null,null,null,null,FALSE,Withlacoochee State Forest,-82.172029,28.465832
229945,19778,S. L. Orzell,E.L. Bridges,Sumter Co.,Loganiaceae,Mitreola,null,null,101003,null,null,null,TRUE,3100,null,petiolata,J. F. Gmel.,Torr. & A. Gray,06/29/1992,"N side of Center Grade Road, ca. 1.3 mi. E of junction FL 471, near Weeks Pond and N of Gator Hole Slough, ca. 7.7 mi. S of junction FL 50 at Tarrytown. T23S, R23E, Sec. 29, NW¼.",null,Wet marly pine flatwoods. Soils - Vero (Alfic Haplaquods).,Fertile,null,null,null,null,null,null,90,92,ft,FALSE,Withlacoochee State Forest,-82.03611111,28.45833333
127264,58,R. Lassiter,J.A. Lassiter,Hernando Co.,Ericaceae,Monotropsis,null,null,23265,null,null,null,TRUE,3011,null,reynoldsiae,A. Gray,A. Heller,01/18/1977,Contact USF Herbarium if additional information is required,27 Jan 2012,Rich deciduous forest; associated with Cornus florida.,Flower,null,null,null,null,null,null,null,null,null,TRUE,Withlacoochee State Forest,null,null
185954,2194,R. Lassiter,J.A. Lassiter,Hernando Co.,Ericaceae,Monotropsis,null,null,23266,null,null,null,TRUE,3011,null,reynoldsiae,A. Gray,A. Heller,01/19/1985,Contact USF Herbarium if additional information is required,27-Jan-2012,Mesic woods.,Flower,null,null,null,null,Colony of 60 plants.,null,null,null,null,TRUE,Withlacoochee State Forest,null,null
127263,5735,R. P. Wunderlin,,Hernando Co.,Ericaceae,Monotropsis,null,null,23262,null,null,null,TRUE,3011,null,reynoldsiae,A. Gray,A. Heller,01/29/1977,Contact USF Herbarium if additional information is required,Jul 2012,Deciduous woods; associated with Cornus florida.,Flower,null,null,null,null,null,null,null,null,null,TRUE,Withlacoochee State Forest,null,null
161003,52593,D. S. Correll,H.B. Correll,Pasco Co.,Myricaceae,Morella,null,null,11831,null,null,null,TRUE,3942,null,cerifera,L.,Small,09/20/1981,S of Slaughter.,Dec 1994,Open moist woods.,Immature Fruit,null,null,null,null,Shrub to 1.5 m. tall.,null,null,null,null,FALSE,Withlacoochee State Forest,-82.0667,28.4667
190413,28,C. vanHoek,,Hernando Co.,Poaceae,Muhlenbergia,null,null,48380,capillaris,null,null,TRUE,2069,var.,capillaris,Lam.,Trin.,09/29/1986,"Croom Hiking Trail C; 5 mi. E of Brooksville. T22S, R20E, Sec. 14.",null,null,Fertile,null,null,null,null,null,null,null,null,null,FALSE,Withlacoochee State Forest,-82.387871,28.555272
202153,218,C. vanHoek,S. Petty,Hernando Co.,Poaceae,Muhlenbergia,null,null,48139,null,null,null,TRUE,3035,null,schreberi,J. F. Gmel.,null,12/21/1990,"Headquarters tract; E side of US 41 N, between office and McKethan Park entrance, N of FL 476.",null,null,Fertile,null,null,null,null,null,null,null,null,null,FALSE,Withlacoochee State Forest,-81.8167,28.35
214550,492,C. vanHoek,"S. Petty, J. Beckner",Sumter Co.,Poaceae,Muhlenbergia,null,null,48141,null,null,null,TRUE,3035,null,schreberi,J. F. Gmel.,null,09/22/1995,"Baird Tract, Cedar Hammock, 5 mi. E of Tarrytown. T22S, R23E, Sec. 23.",null,Disturbed area of moist hammock underlain with limestone.,Fertile,null,null,null,null,null,null,null,null,null,FALSE,Withlacoochee State Forest,-82.05,28.55
302722,s.n.,C. Werner,,Hernando Co.,Pteridaceae,Myriopteris,null,null,245201,null,null,null,TRUE,2830,null,microphylla,Sw.,Grusz & Windham,09/21/2021,Annuteliga Unit.,null,"Rocky ridge with Quercus virginiana, Juniperus virginiana, and Psychotria nervosa.",null,null,null,null,null,null,null,null,null,null,FALSE,Withlacoochee State Forest,-82.46722222,28.68694444
120354,2176,P. Genelle,G. Fleming,Pasco Co.,Vitaceae,Nekemias,null,null,7237,null,null,null,TRUE,980,null,arborea,L.,J. Wen & Boggan,08/09/1975,May Place Road; roadside.,04-Oct-2017,null,Flower,Fruit,null,null,null,null,null,null,null,null,FALSE,Withlacoochee State Forest,-82.172029,28.465832
265215,3176,A. R. Franck,"C. vanHoek, C. Werner",Citrus Co.,Alliaceae,Nothoscordum,null,null,82654,null,null,null,TRUE,3782,null,bivalve,L.,Britton,10/23/2012,"0.35 km N of the E-W Hernando County line, 1.5 km E of the N-S Hernando County line, 7.8 km W of US 41.",null,Along pond in mixed oak hammock at base of slope.,Flower,null,null,null,null,null,null,null,null,null,FALSE,Withlacoochee State Forest,-82.40222222,28.66888889
122799,634,R. A. Hilsenbeck,"P. Hilsenbeck, J. Poppleton",Citrus Co.,Alliaceae,Nothoscordum,null,null,81980,null,null,null,TRUE,3782,null,bivalve,L.,Britton,03/25/1976,"Trail 22, off C-491.",null,Sandhill association.,Flower,null,null,null,null,null,null,null,null,null,FALSE,Withlacoochee State Forest,-81.8167,28.35
206072,296,C. vanHoek,S. Petty,Sumter Co.,Nyssaceae,Nyssa,null,null,11717,null,null,null,TRUE,3117,null,biflora,Walter,null,08/01/1992,Betwen the park ranger's home and the group camping area at Hog Island Recreation Area.,27-Apr-2018,Bordering a once-wet depression.,Fruit,null,null,null,null,null,null,null,null,null,FALSE,Withlacoochee State Forest,-81.8167,28.35
258595,9551,L. Baltzell,,Sumter Co.,Asteraceae,Oclemena,null,null,60323,null,null,null,TRUE,2355,null,reticulata,Pursh,G. L. Nesom,05/01/1977,"Along the Withlacoochee River Road, 0.7 mi. NW of FL 50, 4.2 mi. SW of Tarrytown.",02-Jun-2011,null,Flower,null,null,null,null,Several plants; flowers white.,null,null,null,null,FALSE,Withlacoochee State Forest,-82.05,28.55
258593,9534,L. Baltzell,,Hernando Co.,Asteraceae,Oclemena,null,null,60324,null,null,null,TRUE,2355,null,reticulata,Pursh,G. L. Nesom,04/24/1977,"Along the Riverland Rod, 0.8 mi. NE of FL 50, 2.8 mi. N of Richloam in the Indianhouse Swamp.",02-Jun-2011,null,Flower,Fruit,null,null,null,Several plants; flowers white.,null,null,null,null,FALSE,Withlacoochee State Forest,-82.1,28.5
232061,2692,M. T. Strong,,Hernando Co.,Asteraceae,Oclemena,null,null,37764,null,null,null,TRUE,2355,null,reticulata,Pursh,G. L. Nesom,05/10/2001,"2 - 3 km N of the road to Richloam, 3 km W of FL 471, ca. 6 km SW of Tarrytown.",Jan 2003,Pine flatwoods.,Flower,null,null,null,null,Ray flowers yellowish white; disc corollas yellow.,null,null,null,null,FALSE,Withlacoochee State Forest,-82.1,28.5
104825,1821,P. Genelle,G. Fleming,Sumter Co.,Asteraceae,Oclemena,null,null,37798,null,null,null,TRUE,2355,null,reticulata,Pursh,G. L. Nesom,05/05/1973,River Road.,Jan 2003,Full sun; pineland. Sandy.,Bud,Flower,Fruit,null,null,null,null,null,null,null,FALSE,Withlacoochee State Forest,-81.8167,28.35
295289,s.n.,C. Werner,,Hernando Co.,Orchidaceae,Oeceoclades,null,null,168712,null,null,null,TRUE,1327,null,maculata,Lindl.,Lindl.,08/11/2017,Richloam Tract.,null,"Base of a dead large oak in mesic hammock, with saw palmetto [Serenoa repens].",Flower,null,null,null,null,null,null,null,null,null,FALSE,Withlacoochee State Forest,-82.10888889,28.51583333
104734,1761,P. Genelle,G. Fleming,Hernando Co.,Onagraceae,Oenothera,null,null,86043,null,null,null,TRUE,2062,null,laciniata,Hill,null,04/22/1973,Croom Section; Silver Lake Recreation Area.,null,"Dry sandy roadside, partial shade.",Flower,Immature Fruit,null,null,null,null,null,null,null,null,FALSE,Withlacoochee State Forest,-82.227588,28.587772
104737,1764,P. Genelle,G. Fleming,Hernando Co.,Onagraceae,Oenothera,null,null,85735,null,null,null,TRUE,3271,null,simulans,Small,W.L. Wagner & Hoch,04/22/1973,Croom section forest road to Silver Lake Recreation area.,Aug 2014,"Dry, sandy, partial shade.",Fertile,null,null,null,null,null,null,null,null,null,FALSE,Withlacoochee State Forest,-82.227588,28.587772
104623,1727,P. Genelle,G. Fleming,Citrus Co.,Onagraceae,Oenothera,null,null,85853,null,null,null,TRUE,3271,null,simulans,Small,W.L. Wagner & Hoch,04/15/1973,FL 480 and FL 491.,Aug 2014,"Roadside ditch, sandy, full sun.",Fertile,null,null,null,null,null,null,null,null,null,FALSE,Withlacoochee State Forest,-81.8167,28.35
104817,1813,P. Genelle,G. Fleming,Hernando Co.,Onagraceae,Oenothera,null,null,85949,null,null,null,TRUE,3271,null,simulans,Small,W.L. Wagner & Hoch,05/06/1973,Richloam section; Tower Road.,Aug 2014,"Roadside, sandy loam.",Fertile,null,null,null,null,null,null,null,null,null,FALSE,Withlacoochee State Forest,-82.1,28.5
104679,1747,P. Genelle,G. Fleming,Citrus Co.,Cactaceae,Opuntia,null,null,24196,null,null,null,TRUE,4961,null,austrina,Sm,null,04/15/1973,Forest Service Road 13.,19 May 2020,Sandy area.,Flower,null,null,null,null,null,null,null,null,null,FALSE,Withlacoochee State Forest,-81.8167,28.35
302529,s.n.,C. Werner,J. Hock,Citrus Co.,Fabaceae,Orbexilum,null,null,244672,null,null,null,TRUE,2049,null,lupinellus,Michx.,Isely,08/22/2019,Citrus Tract.,null,"Sandhill, in open sunny area with mature longleaf pine [Pinus palustris], gopher apple [Geobalanus oblongifolius], and wiregrass [Aristida stricta].",Flower,null,null,null,null,null,null,null,null,null,FALSE,Withlacoochee State Forest,-82.4927,28.7335
202276,s.n.,S. Petty,C. vanHoek,Hernando Co.,Fabaceae,Orbexilum,null,null,3875,null,null,null,TRUE,2049,null,lupinellus,Michx.,Isely,05/31/1991,Headquarters Tract; ca. 2 mi. S of Citrus County line on US 41 N.,1991,Slash pine [Pinus elliottii] - turkey oak [Quercus laevis] woods.,Flower,Fruit,null,null,null,null,null,null,null,null,FALSE,Withlacoochee State Forest,-84.6667,30.2333
187500,s.n.,C. vanHoek,,Hernando Co.,Orchidaceae,Orthochilus,null,null,6531,null,null,null,TRUE,2417,null,ecristatus,Fernald,Bytebier,09/14/1985,Contact USF Herbarium if additional information is required,22-Oct-2017,null,Immature Fruit,null,null,null,null,null,null,null,null,null,TRUE,Withlacoochee State Forest,null,null
144337,173,R. Lassiter,J.A. Lassiter,Hernando Co.,Betulaceae,Ostrya,null,null,84445,null,null,null,TRUE,3489,null,virginiana,Mill.,K. Koch,09/02/1978,McKethan Park.,null,Low woods; with Celtis and Hamamelis.,Fertile,null,null,null,null,Common.,null,null,null,null,FALSE,Withlacoochee State Forest,-81.8167,28.35
204178,241,C. vanHoek,S. Petty,Sumter Co.,Oxalidaceae,Oxalis,null,null,93678,null,null,null,TRUE,2759,null,corniculata,L.,null,03/27/1992,"On Hog Island across river from boat ramp at Hog Island Recreational Area, Croom portion of the State Forest, ca. 2 mi. SSE of Nobleton.  T21S, R21E, Sec. 31.",1992,null,Immature Fruit,null,null,null,null,null,null,null,null,null,FALSE,Withlacoochee State Forest,-82.25,28.6333
104648,1717,P. Genelle,G. Fleming,Citrus Co.,Oxalidaceae,Oxalis,null,null,93693,null,null,null,TRUE,2759,null,corniculata,L.,null,04/15/1973,FL 480 and FL 491.,1992,"Roadside ditch; sandy, full sun.",Flower,Fruit,null,null,null,null,null,null,null,null,FALSE,Withlacoochee State Forest,-81.8167,28.35
122554,2139,P. Genelle,G. Fleming,Pasco Co.,Oxalidaceae,Oxalis,null,null,93694,null,null,null,TRUE,2759,null,corniculata,L.,null,06/28/1975,Richloam section; S of Slaughter.,1992,Wet roadside ditch.,Flower,Immature Fruit,null,null,null,null,null,null,null,null,FALSE,Withlacoochee State Forest,-82.0667,28.4667
104752,1799,P. Genelle,G. Fleming,Hernando Co.,Oxalidaceae,Oxalis,null,null,93716,null,null,null,TRUE,2759,null,corniculata,L.,null,04/22/1973,Croom area; river as it enters Silver Lake.,1977,"Damp river edge; shaded, loam.",Flower,Fruit,null,null,null,null,null,null,null,null,FALSE,Withlacoochee State Forest,-82.227588,28.587772
299449,s.n.,C. Werner,,Sumter Co.,Poaceae,Panicum,null,null,226978,null,null,null,TRUE,null,null,dichotomiflorum,Michx.,null,10/02/2018,"Richloam Tract; East Grade Road, S of Center Grade Road, N of South Grade Road.",null,Ruderal; edge of dirt road adjacent to wet flatwoods.,Fertile,null,null,null,null,null,null,null,null,null,FALSE,Withlacoochee State Forest,-81.8167,28.35
204692,281,C. vanHoek,,Sumter Co.,Poaceae,Panicum,null,null,17977,null,null,null,TRUE,1652,null,repens,L.,null,06/12/1992,"Withlacoochee River shores at Hog Island Recreation Area, Croom portion of the Withlacoochee State Forest; ca. 2 mi. SSE of Nobleton.  T21S, R21E, Sec. 31.",null,null,Fertile,null,null,null,null,null,null,null,null,null,FALSE,null,-82.25,28.6333
242389,3549,M. T. Strong,,Sumter Co.,Caryophyllaceae,Paronychia,null,null,68361,null,null,null,TRUE,633,null,baldwinii,Torr. & A. Gray,Fenzl ex Walp.,08/10/2005,"Bushnell, ca. 9.7 km SW of Bushnell, bordering Withlacoochee State Forest.",null,Cemetery grounds.,Fertile,null,null,null,null,null,null,null,null,null,FALSE,Florida National Cemetery,-82.112863,28.664992
120698,2188,P. Genelle,G. Fleming,Pasco Co.,Caryophyllaceae,Paronychia,null,null,68605,null,null,null,TRUE,2338,null,rugelii,,Shuttlew. ex Chapm.,08/09/1975,Clay Sink Road.,1985,"Old railroad bed; dry, sandy soil.",Fertile,null,null,null,null,null,null,null,null,null,FALSE,Withlacoochee State Forest,-82.172029,28.465832
208232,374,C. vanHoek,S. Petty,Citrus Co.,Poaceae,Paspalum,null,null,46962,null,null,null,TRUE,2327,null,floridanum,Michx.,null,10/01/1993,"Near rocky area of wildlife management area, ca. 0.5 mi. S of C-480, ca. 0.25 mi. E of Forest Service Road 13, ca. 0.25 mi. WSW of Stage Pond. T20S, R19E, Sec. 33, SW¼.",1994,Well-drained hammock.,Fertile,null,null,null,null,null,null,null,null,null,FALSE,Withlacoochee State Forest,-81.8167,28.35
216357,16432,S. L. Orzell,E.L. Bridges,Sumter Co.,Poaceae,Paspalum,null,null,11211,null,null,null,TRUE,2608,null,laeve,Michx.,null,04/29/1991,"N side of Center Grade Road, ca. 1.3 mi. E of its junction with FL 471, near Weeks Pond and N of Gator Hole Slough, ca. 7.7 mi. S of the junction with FL 50 at Tarrytown.  T23S, R23E, Sec. 29, NW¼.",null,Wet marly pine flatwoods and cypress [Taxodium] pond edges.  Soils - Vero (Alfic Haplaquods).,Fertile,null,null,null,null,null,null,90,92,ft,FALSE,Withlacoochee State Forest,-82.03611111,28.45833333
240270,s.n.,W. K. Taylor,,Citrus Co.,Poaceae,Paspalum,null,null,46976,null,null,null,TRUE,1683,null,lepton,Schult.,null,08/07/2004,Near Tillis Hill.,Dec 2024,Sandhill.,Fertile,null,null,null,null,null,null,null,null,null,FALSE,Withlacoochee State Forest,-81.8167,28.35
216366,16433,S. L. Orzell,E.L. Bridges,Sumter Co.,Poaceae,Paspalum,null,null,47165,null,null,null,TRUE,3877,null,praecox,Walter,null,04/29/1991,"N side of Center Grade Road, ca. 1.3 mi. E of junction FL 471, near Weeks Pond and N of Gator Hole Slough, ca. 7.7 mi. S of junction FL 50 at Tarrytown. T23S, R23E, Sec. 29, NW¼.",null,Wet marly pine flatwoods and cypress [Taxodium] pond edges. Soils - Vero (Alfic Haplaquods).,Fertile,null,null,null,null,null,null,90,92,ft,FALSE,Withlacoochee State Forest,-82.03611111,28.45833333
206160,304,C. vanHoek,,Sumter Co.,Poaceae,Paspalum,null,null,11095,null,null,null,TRUE,3304,null,setaceum,Michx.,null,08/28/1992,"Nature trail at Hog Island Recreation Area, Croom; ca. 2 mi. SSE of Nobleton.  T21S, R21E, Sec. 31.",Aug 1996,null,Fertile,null,null,null,null,null,null,null,null,null,FALSE,Withlacoochee State Forest,-82.25,28.6333
299453,s.n.,C. Werner,C. vanHoek,Hernando Co.,Poaceae,Paspalum,null,null,226977,null,null,null,TRUE,3304,null,setaceum,Michx.,null,09/13/2018,"Croom Tract; ca. 330 ft. S of State Forest Road 4, ca. 0.25 mi. W of State Forest Road 5.",07-Jul-2020,"Sandhill adjacent to basin marsh, with mature longleaf pines [Pinus palustris[.",Fertile,null,null,null,null,null,null,null,null,null,FALSE,Withlacoochee State Forest,-82.227588,28.587772
245078,3662,M. T. Strong,,Sumter Co.,Poaceae,Paspalum,null,null,26263,null,null,null,TRUE,3304,null,setaceum,Michx.,null,08/27/2006,"Florida National Cemetery grounds, Bushnell; ca. 9.7 km (by air) SW of Bushnell, bordering Withlacoochee State Forest.",null,Edge of hammock.,Fertile,null,null,null,null,Plant glabrous.,null,null,null,null,FALSE,null,-82.112863,28.664992
245080,3663,M. T. Strong,,Sumter Co.,Poaceae,Paspalum,null,null,26264,null,null,null,TRUE,3304,null,setaceum,Michx.,null,08/27/2006,"Florida National Cemetery grounds, Bushnell; ca. 9.7 km (by air) SW of Bushnell, bordering Withlacoochee State Forest.",null,Edge of hammock.,Fertile,null,null,null,null,Plant pubescent.,null,null,null,null,FALSE,null,-82.112863,28.664992
222888,19735,S. L. Orzell,E.L. Bridges,Citrus Co.,Poaceae,Paspalum,null,null,11100,null,null,null,TRUE,3304,null,setaceum,Michx.,null,06/29/1992,"Just E of section line road, ca. 1.4 mi. S of Fivemile Pond, ca. 3.5 air mi. S of FL 44, ca. 10 air mi. E of Homosassa Springs.  T19S, R19E, Sec. 27, SW¼.",null,Mature burned longleaf pine [Pinus palustris] sandhill savanna.  Soils - Lakeland (Typic Quartzipsamments).,Fertile,null,null,null,null,null,null,100,130,ft,FALSE,Withlacoochee State Forest,-82.4025,28.80472222
120700,2126,P. Genelle,G. Fleming,Pasco Co.,Polypodiaceae,Pecluma,null,null,21003,null,null,null,TRUE,2367,null,dispersa,A. M. Evans,M. G. Price,06/14/1975,Contact USF Herbarium if additional information is required,Apr 1987,"On rotting log, full shade, damp soil.",null,null,null,null,null,null,null,null,null,null,TRUE,Withlacoochee State Forest,null,null
55377,25776,O. K. Lakela,,Citrus Co.,Plantaginaceae,Penstemon,null,null,65430,null,null,null,TRUE,2503,null,australis,Small,null,04/13/1963,Off FL 491.,null,"Open oak forest, with Juniperus and Ilex, over outcrops of pink limestone.",Flower,null,null,null,null,"Few dispersed in shallow, dry soil.",null,null,null,null,FALSE,Withlacoochee State Forest,-81.8167,28.35
232023,2781,M. T. Strong,,Citrus Co.,Plantaginaceae,Penstemon,null,null,65107,null,null,null,TRUE,2353,null,multiflorus,Benth.,Chapm. ex Small,08/26/2001,"0.2-0.6 km S of FL 480, 2.5 km E of FL 491, 13 km SW of Jumeau and 10 km NE of Bailey Hill.",null,Along sand road in longleaf pine [Pinus palustris] sandhills.,Fruit,null,null,null,null,null,null,null,null,null,FALSE,Withlacoochee State Forest,-82.3,28.7167
105110,1871,P. Genelle,G. Fleming,Citrus Co.,Plantaginaceae,Penstemon,null,null,65114,null,null,null,TRUE,2353,null,multiflorus,Benth.,Chapm. ex Small,05/27/1973,"Citrus section, TR 20.",null,"Pine - oak area, in open sun; sand soil.",Flower,null,null,null,null,null,null,null,null,null,FALSE,Withlacoochee State Forest,-82.45,28.8667
239120,19749,S. L. Orzell,E.L. Bridges,Citrus Co.,Plantaginaceae,Penstemon,null,null,65239,null,null,null,TRUE,2353,null,multiflorus,Benth.,Chapm. ex Small,06/29/1992,"Just E of section line road, ca. 1.4 mi. S of Fivemile Pond, ca. 3.5 air mi. S of FL 44, ca. 10 air mi. E of Homosassa Springs.  T19S, R19E, Sec. 27, SW¼.",null,Mature burned longleaf pine [Pinus palustris] sandhill savanna.  Soils - Lakeland (Typic Quartzipsamments).,Flower,Immature Fruit,null,null,null,null,null,100,130,ft,FALSE,Withlacoochee State Forest,-82.4025,28.80472222
120710,2129,P. Genelle,G. Fleming,Pasco Co.,Rubiaceae,Pentodon,null,null,10558,null,null,null,TRUE,699,null,pentandrus,Schumach. & Thonn.,Vatke,06/14/1975,Richloam section.,null,Cypress [Taxodium] swamp in muck soil.,Fertile,null,null,null,null,null,null,null,null,null,FALSE,Withlacoochee State Forest,-82.172029,28.465832
214543,487,C. vanHoek,"S. Petty, J. Buckner",Sumter Co.,Piperaceae,Peperomia,null,null,21440,null,null,null,TRUE,959,null,humilis,A. Dietr.,null,09/22/1995,Contact USF Herbarium if additional information is required,null,Moist hammocks underlain with limestone.,Fertile,null,null,null,null,"Epiphytic on mature Quercus virginiana; divided colonies present from tree bases include radiating woody feeder roots, areas above major branching, and on anterior surfaces of large branches beneath the main canopy.",null,null,null,null,TRUE,Withlacoochee State Forest,null,null
241873,13080,B. F. Hansen,,Sumter Co.,Lauraceae,Persea,null,null,59818,borbonia,null,null,TRUE,3592,var.,borbonia,L.,Spreng.,11/09/2005,"Ca. 1.5 mi. N of Croom. T22S, R21E, Sec. 5, NE¼.",null,Sandhill.,null,null,null,null,null,null,null,null,null,null,FALSE,Withlacoochee State Forest,-82.2167,28.5833
105097,1860,P. Genelle,G. Fleming,Hernando Co.,Polygonaceae,Persicaria,null,null,9907,null,null,null,TRUE,3909,null,hydropiperoides,Michx.,Small,05/20/1973,Yankee Swamp.,Mar 2016,Cypress [Taxodium] bog.,null,Flower,null,null,null,null,null,null,null,null,FALSE,Withlacoochee State Forest,-81.8167,28.35
255502,2728,C. vanHoek,"C. Werner, V. Morris",Sumter Co.,Poaceae,Pharus,null,null,54062,null,null,null,TRUE,3384,null,lappulaceus,Aubl.,null,10/01/2010,Contact USF Herbarium if additional information is required,null,"Rocky hammock; in association with Pavonia spinifex, Smallanthus uvedalia, and Dicliptera brachiata.",Fertile,null,null,null,null,null,null,null,null,null,TRUE,Withlacoochee State Forest,null,null
205365,293,C. vanHoek,S. Petty,Hernando Co.,Polypodiaceae,Phlebodium,null,null,97116,null,null,null,TRUE,3613,null,aureum,L.,J. Sm.,07/17/1992,"Ca. 0.25 mi. N of Tucker Hill Tower; Withlacoochee State Forest. T22S, R20E, Sec. 3, SW¼.",null,Moist soil bordering a creek.,Fertile,null,null,null,null,null,null,null,null,null,FALSE,Croom Widlife Management Area,-82.227588,28.587772
120699,2106,P. Genelle,G. Fleming,Pasco Co.,Polypodiaceae,Phlebodium,null,null,96933,null,null,null,TRUE,3613,null,aureum,L.,J. Sm.,06/14/1975,Richloam section.,Mar 1987,On Taxodium.,Fertile,null,null,null,null,Epiphytic.,null,null,null,null,FALSE,Withlacoochee State Forest,-82.172029,28.465832
104650,1715,P. Genelle,G. Fleming,Citrus Co.,Polemoniaceae,Phlox,null,null,69508,null,null,null,TRUE,362,null,drummondii,Hook.,null,04/15/1973,FL 480 and FL 491.,1983,"Roadside ditch, sandy, full sun.",Flower,Fruit,null,null,null,null,null,null,null,null,FALSE,Withlacoochee State Forest,-81.8167,28.35
104731,1758,P. Genelle,G. Fleming,Hernando Co.,Polemoniaceae,Phlox,null,null,69534,null,null,null,TRUE,362,null,drummondii,Hook.,null,04/22/1973,Croom Road.,1983,Full sun in a dry sandy area at edge of road.,Flower,Fruit,null,null,null,null,null,null,null,null,FALSE,Withlacoochee State Forest,-82.227588,28.587772
231463,2776,M. T. Strong,,Citrus Co.,Polemoniaceae,Phlox,null,null,69618,null,null,null,TRUE,3487,null,pilosa,L.,null,08/26/2001,"0.2 - 0.6 km S of FL 480; 2.5 km E of FL 491; 13 km SW of Jumeau, and 10 km NE of Bailey Hill.",Apr 2002,Along sand road in longleaf pine [Pinus palustris] sandhills.,Flower,Fruit,null,null,null,Corollas light purple.,null,null,null,null,FALSE,Withlacoochee State Forest,-82.3,28.7167
120510,2163,G. Fleming,P. Genelle,Sumter Co.,Asteraceae,Phoebanthus,null,null,37201,null,null,null,TRUE,2316,null,grandiflorus,Torr. & A. Gray,S. F. Blake,06/28/1975,Cabbage Head Road.,null,Wet pinelands.,Flower,Immature Fruit,null,null,null,null,null,null,null,null,FALSE,Withlacoochee State Forest,-81.8167,28.35
228776,19730,S. L. Orzell,E. L. Bridges,Citrus Co.,Asteraceae,Phoebanthus,null,null,37153,null,null,null,TRUE,2316,null,grandiflorus,Torr. & A. Gray,S. F. Blake,06/29/1992,"E of section line road, ca. 1.4 mi. S of Fivemile Pond, ca. 3.5 air mi. S of FL 44, ca. 10 air mi. E of Homosassa Springs. T19S, R19E, Sec. 27, SW¼.",null,Mature burned longleaf pine [Pinus palustris] sandhill savanna.  Lakeland (Typic Quartzipsamments) soils.,Flower,null,null,null,null,null,null,100,130,ft,FALSE,Withlacoochee State Forest,-82.4025,28.80472222
228158,19780,S. L. Orzell,E.L. Bridges,Sumter Co.,Asteraceae,Phoebanthus,null,null,37252,null,null,null,TRUE,2316,null,grandiflorus,Torr. & A. Gray,S. F. Blake,06/29/1992,"N side of Center Grade Road, ca. 1.3 mi. E of junction FL 471, near Weeks Pond and N of Gator Hole Slough, ca. 7.7 mi. S of junction FL 50 at Tarrytown. T23S, R23E, Sec. 29, NW¼.",null,Dry-mesic sandy pine flatwoods.,Flower,null,null,null,null,null,null,90,92,ft,FALSE,Withlacoochee State Forest,-82.03611111,28.45833333
105078,1842,P. Genelle,G. Fleming,Hernando Co.,Verbenaceae,Phyla,null,null,10639,null,null,null,TRUE,3520,null,nodiflora,L.,Greene,05/20/1973,"Richloam section, Tower Road.",1984,Shaded wet loam.,Fertile,null,null,null,null,null,null,null,null,null,FALSE,Withlacoochee State Forest,-82.1,28.5
211090,401,C. vanHoek,,Citrus Co.,Phyllanthaceae,Phyllanthus,null,null,28868,caroliniensis,null,null,TRUE,3286,subsp.,caroliniensis,Walter,null,08/12/1994,"S of C-480, E of TR13, Citrus Wildlife Management Area.  T21S, R19E, Sec. 32.",2009,Rocky hardwood hammock.,Flower,null,null,null,null,null,null,null,null,null,FALSE,Withlacoochee State Forest,-82.45,28.8667
105090,1855,P. Genelle,G. Fleming,Hernando Co.,Phytolaccaceae,Phytolacca,null,null,10452,null,null,null,TRUE,3668,null,americana,L.,null,05/20/1973,Tower Road.,1981,"Full sun, sandy loam.",Flower,Fruit,null,null,null,null,null,null,null,null,FALSE,Withlacoochee State Forest,-81.8167,28.35
104829,1825,P. Genelle,G. Fleming,Sumter Co.,Lentibulariaceae,Pinguicula,null,null,29081,null,null,null,TRUE,2615,null,pumila,Michx.,null,05/05/1973,River Road.,2009,"Full sun, sandy pinelands.",Flower,null,null,null,null,null,null,null,null,null,FALSE,Withlacoochee State Forest,-81.8167,28.35
216389,16411,S. L. Orzell,E.L. Bridges,Sumter Co.,Lentibulariaceae,Pinguicula,null,null,29022,null,null,null,TRUE,2615,null,pumila,Michx.,null,04/29/1991,"On N side of Center Grade Road, ca. 1.3 mi. E of junction FL 471, near Weeks Pond and N of Gator Hole Slough, ca. 7.7 mi. S of junction FL 50 at Tarrytown. T23S, R23E, Sec. 29, NW¼; Clay Sink 7.5' Quad.",2009,Mesic sandy flatwoods.,Flower,null,null,null,null,null,null,90,92,ft,FALSE,Withlacoochee State Forest,-82.03611111,28.45833333
104749,1775,P. Genelle,G. Fleming,Hernando Co.,Pinaceae,Pinus,null,null,10430,null,null,null,TRUE,643,null,clausa,Chapm. ex Engelm.,Vasey ex Sarg.,04/22/1973,"Croom Section, area on edge of river as it enters Silver Lake.",null,null,null,null,null,null,null,null,null,null,null,null,FALSE,Withlacoochee State Forest,-82.227588,28.587772
125787,5739,R. P. Wunderlin,,Hernando Co.,Pinaceae,Pinus,null,null,10360,null,null,null,TRUE,643,null,clausa,Chapm. ex Engelm.,Vasey ex Sarg.,01/29/1977,McKethan Park.,null,Mixed deciduous hardwoods with a few scattered pines.,Bud,null,null,null,null,null,null,null,null,null,FALSE,Withlacoochee State Forest,-81.8167,28.35
104641,1739,P. Genelle,G. Fleming,Citrus Co.,Pinaceae,Pinus,null,null,10247,null,null,null,TRUE,3239,null,elliottii,Engelm.,null,04/15/1973,Dames Caves area.,null,Sandy soil.,Fertile,null,null,null,null,null,null,null,null,null,FALSE,Withlacoochee State Forest,-84.6667,30.2333
104807,1803,P. Genelle,G. Fleming,Hernando Co.,Pinaceae,Pinus,null,null,10251,null,null,null,TRUE,3239,null,elliottii,Engelm.,null,05/06/1973,"Richloam Section, forest road S of FL 50.",null,"Sandy, shade.",Fertile,null,null,null,null,null,null,null,null,null,FALSE,Withlacoochee State Forest,-82.1,28.5
191629,57,C. vanHoek,,Citrus Co.,Poaceae,Piptochaetium,null,null,46454,null,null,null,TRUE,3405,null,avenaceum,L.,Parodi,04/11/1987,"The Florida Trail, just E of Lizzie Sink in the Citrus Wildlife Management Area.",null,Hardwood hammock.,Fertile,null,null,null,null,null,null,null,null,null,FALSE,Withlacoochee State Forest,-82.45,28.8667
204181,245,C. vanHoek,S. Petty,Sumter Co.,Poaceae,Piptochaetium,null,null,46453,null,null,null,TRUE,3405,null,avenaceum,L.,Parodi,03/27/1992,"Between Stations 23 and 24 on the nature trail of Hog Island Recreational Area (Croom portion of WSF), just north of the entrance road.",null,null,Fertile,null,null,null,null,null,null,null,null,null,FALSE,Withlacoochee State Forest,-82.2167,28.5833
104841,1837,P. Genelle,G. Fleming,Sumter Co.,Turneraceae,Piriqueta,null,null,88446,caroliniana,Walter,Arbo de Sarmiento,TRUE,821,subsp.,cistoides,L.,Griseb.,05/06/1973,Richloam section; River Road.,Dec 2000,Moist pinelands; open sun.,Flower,Fruit,null,null,null,null,null,null,null,null,FALSE,Withlacoochee State Forest,-81.8167,28.35
105077,1841,P. Genelle,G. Fleming,Hernando Co.,Turneraceae,Piriqueta,null,null,88086,caroliniana,Walter,Arbo de Sarmiento,TRUE,821,subsp.,cistoides,L.,Griseb.,05/20/1973,"Tower Road, Richloam section.",Dec 200,"Wet loam, shaded.",Flower,Fruit,null,null,null,null,null,null,null,null,FALSE,Withlacoochee State Forest,-82.1,28.5
210672,14597,S. L. Orzell,E.L. Bridges,Hernando Co.,Turneraceae,Piriqueta,null,null,88416,caroliniana,Walter,Arbo de Sarmiento,TRUE,821,subsp.,cistoides,L.,Griseb.,08/04/1990,"S side of FL 50, ca. 1.2 mi. E of the US 301 intersection at Ridge Manor.  T23S, R22E, Sec. 7, NW¼ of NW¼.",Dec 2000,Sandy margins of limesink depression pond; community dominated by Hypericum fasciculatum.  Soils - Paisley  (Typic Albaqualfs).,Flower,Fruit,null,null,null,null,null,70,null,ft,FALSE,Withlacoochee State Forest,-82.13472222,28.50638889
258600,10930,L. Baltzell,,Citrus Co.,Asteraceae,Pityopsis,null,null,60319,null,null,null,TRUE,524,null,graminifolia,Michx.,Nutt.,09/24/1979,"Along a State Forest Road, 1 mi. S of FL 44, 7.3 mi. W of Inverness.",null,null,Flower,Fruit,null,null,null,Several scattered plants; ligules yellow.,null,null,null,null,FALSE,Withlacoochee State Forest,-82.330372,28.835818
104644,1723,P. Genelle,G. Fleming,Citrus Co.,Plantaginaceae,Plantago,null,null,64916,null,null,null,TRUE,3429,null,virginica,L.,null,04/15/1973,FL 480 and FL 491.,null,"Roadside ditch; sand, full sun.",Fertile,null,null,null,null,null,null,null,null,null,FALSE,Withlacoochee State Forest,-81.8167,28.35
226891,19771,S. L. Orzell,E.L. Bridges,Sumter Co.,Orchidaceae,Platanthera,null,null,6122,null,null,null,TRUE,2597,null,nivea,Nutt.,Luer,06/29/1992,Contact USF Herbarium if additional information is required,1992,Open cypress [Taxodium] depression with grassy groundcover.  Soils - Vero (Alfic Haplaquods).,Flower,Fruit,null,null,null,null,null,90,92,ft,TRUE,Withlacoochee State Forest,null,null
104197,1705,P. Genelle,G. Fleming,Hernando Co.,Polypodiaceae,Pleopeltis,null,null,96949,null,null,null,TRUE,3445,null,michauxiana,Weath.,Hickey & Sprunt,01/08/1973,Croom area.,05-Jun-2017,null,Fertile,null,null,null,null,On fallen trunk of Juglans [Carya ?].,null,null,null,null,FALSE,Withlacoochee State Forest,-82.227588,28.587772
105167,1890,P. Genelle,G. Fleming,Citrus Co.,Polypodiaceae,Pleopeltis,null,null,96960,null,null,null,TRUE,3445,null,michauxiana,Weath.,Hickey & Sprunt,05/27/1973,"Dames Caves area, Citrus section TR 22.",05-Jun-2017,null,null,null,null,null,null,null,null,null,null,null,FALSE,Withlacoochee State Forest,-82.45,28.8667
105104,1868,P. Genelle,G. Fleming,Hernando Co.,Asteraceae,Pluchea,null,null,10072,null,null,null,TRUE,2500,null,baccharis,Mill.,Pruski,05/20/1973,"Richloam section, Yankee swamp.",Jun 2007,"Full sun, muck.",Flower,null,null,null,null,null,null,null,null,null,FALSE,Withlacoochee State Forest,-82.1,28.5
122572,2154,P. Genelle,G. Fleming,Sumter Co.,Asteraceae,Pluchea,null,null,10134,null,null,null,TRUE,2500,null,baccharis,Mill.,Pruski,06/28/1975,Cabbage Head Road.,Jun 2007,Edge of lake.,Flower,Fruit,null,null,null,null,null,null,null,null,FALSE,Withlacoochee State Forest,-81.8167,28.35
228163,19775,S. L. Orzell,E.L. Bridges,Sumter Co.,Asteraceae,Pluchea,null,null,10131,null,null,null,TRUE,2500,null,baccharis,Mill.,Pruski,06/29/1992,"N side of Center Grade Road, ca. 1.3 mi. E othe junction of FL 471, near Weeks Pond and N of Gator Hole Slough, ca. 7.7 mi. S of the junction of FL 50 at Tarrytown.  T23S, R23E, Sec. 29, NW¼.",Jun 2007,Open cypress [Taxodium] depression with grassy groundcover.  Soils - Vero (Alfic Haplaquods).,Flower,null,null,null,null,null,null,90,92,ft,FALSE,Withlacoochee State Forest,-82.03611111,28.45833333
228885,19728,S. L. Orzell,E.L. Bridges,Citrus Co.,Cleomaceae,Polanisia,null,null,55776,null,null,null,TRUE,2692,null,tenuifolia,Torr. & A. Gray,null,06/29/1992,"Just E of section line road, ca. 1.4 mi. S of Fivemile Pond, ca. 3.5 air mi. S of FL 44, ca. 10 air mi. E of Homosassa Springs.  T19S, R19E, Sec. 27, SW¼.",null,Mature burned longleaf pine [Pinus palustris] savanna.  Soils - Lakeland (Typic Quartzipsamments).,Flower,null,null,null,null,null,null,100,130,ft,FALSE,Withlacoochee State Forest,-82.4025,28.80472222
206456,318,C. vanHoek,S. Petty,Sumter Co.,Polygonaceae,Polygonum,null,null,63776,null,null,null,TRUE,1216,null,nesomii,T.M. Schust. & Reveal,null,10/16/1992,"FL 21, Hog Island Nature Trail, Hog Island Recreation Area, Withlacoochee State Forest; ca. 2 mi. SSE of Nobleton. T21S, R21E, Sec. 31.",11-Nov-2017,null,Fertile,null,null,null,null,null,null,null,null,null,FALSE,Croom Widlife Management Area,-82.25,28.6333
264381,10474,L. Baltzell,,Citrus Co.,Polygonaceae,Polygonum,null,null,80724,null,null,null,TRUE,3790,null,pinicola,T.M. Schust. & Reveal,null,10/22/1978,"Along State Forest Service Road 13, 5.8 mi. SW of Inverness, 0.8 mi. S of FL 44.",11-Nov-2017,Pine woods.,Flower,null,null,null,null,Many plants scattered; flowers white.,null,null,null,null,FALSE,Withlacoochee State Forest,-82.330372,28.835818
122565,2137,P. Genelle,G. Fleming,Pasco Co.,Tetrachondraceae,Polypremum,null,null,103950,null,null,null,TRUE,3616,null,procumbens,L.,null,06/28/1975,"Richloam section, S of Slaughter.",null,null,Fertile,null,null,null,null,null,null,null,null,null,FALSE,Withlacoochee State Forest,-82.0667,28.4667
297207,3437,C. F. Caudle,"M.L. Gilbert, M.S. Tisdale",Hernando Co.,Pontederiaceae,Pontederia,null,null,204467,null,null,null,TRUE,3688,null,cordata,L.,null,07/06/1963,Richloam District.,2016,null,Flower,null,null,null,null,null,null,null,null,null,FALSE,Withlacoochee State Forest,-82.1,28.5
105091,1856,P. Genelle,G. Fleming,Hernando Co.,Pontederiaceae,Pontederia,null,null,100906,null,null,null,TRUE,3688,null,cordata,L.,null,05/20/1973,Tower Road.,1990,"Wet ditch, full sun.",Flower,Immature Fruit,null,null,null,null,null,null,null,null,FALSE,Withlacoochee State Forest,-81.8167,28.35
214199,427,C. vanHoek,,Hernando Co.,Potamogetonaceae,Potamogeton,null,null,62174,null,null,null,TRUE,2113,null,diversifolius,Raf.,null,03/24/1995,"Lake McKethan, Headquarters Tract of Withlacoochee State Forest, US 41, ca. 6 mi. N of Brooksville.",2000,Shore of lake.,Fertile,null,null,null,null,null,null,null,null,null,FALSE,Mckethan Lake Recreational Area,-82.387871,28.555272
301209,s.n.,B. Lindemuth,,Citrus Co.,Asteraceae,Praxelis,null,null,240499,null,null,null,TRUE,4272,null,clematidea,Kuntze,R. M. King & H. Rob.,08/05/2020,"Citrus Tract; Edge of Forest Road 13, ca. 0.4 mi. N of the Tillis Hill Recreation Area driveway and ca. 0.5 mi. S of Forest Road 18.",null,Edge of limerock road that is adjacent to sandhill; sandy soils in full sun.,Flower,null,null,null,null,Ruderal.,null,null,null,null,FALSE,Withlacoochee State Forest,-82.45,28.8667
286550,s.n.,C. Werner,,Hernando Co.,Asteraceae,Praxelis,null,null,130064,null,null,null,TRUE,4272,null,clematidea,Kuntze,R. M. King & H. Rob.,05/28/2016,"Croom Tract; easement on N side of Croom Road, ca. 0.4 mi. E of Forest Road 5, 0.6 mi. W of Forest Road 7.  T22S, R20E, Sec. 2.",null,In newly installed Paspalum notatum sod over dry sandy soils in sunny location.,Flower,null,null,null,null,null,null,null,null,null,FALSE,Withlacoochee State Forest,-82.27833333,28.59388889
255495,21,N. G. West,,Hernando Co.,Rubiaceae,Psychotria,null,null,82979,null,null,null,TRUE,2811,null,nervosa,Sw.,null,11/28/2007,McKethan Lake.,null,"Dry slope; Quercus virginiana, Magnolia sp., Ulmus sp., Smilax sp., Vitis rotundifolia.",null,null,null,null,null,Rare.,null,null,null,null,FALSE,Withlacoochee State Forest,-82.33805556,28.64111111
104803,1799 R.L.,G. Fleming,P. Genelle,Hernando Co.,Asteraceae,Pterocaulon,null,null,35859,null,null,null,TRUE,2041,null,pycnostachyum,Michx.,Elliott,05/05/1973,null,null,"Sandy pinelands, Pinus elliottii.",Flower,null,null,null,null,null,null,null,null,null,FALSE,Withlacoochee State Forest,-81.8167,28.35
229445,19748,S. L. Orzell,E.L. Bridges,Citrus Co.,Asteraceae,Pterocaulon,null,null,35766,null,null,null,TRUE,2041,null,pycnostachyum,Michx.,Elliott,06/29/1992,"Just E of section line road, ca. 1.4 mi. S of Fivemile Pond, ca. 3.5 air mi. S of FL 44, ca. 10 air mi. E of Homosassa Springs. T19S, R19E, Sec. 27, SW¼.",null,Mature burned longleaf pine [Pinus palustris] sandhill savanna.  Soils - Lakeland (Typic Quartzipsamments).,Fruit,null,null,null,null,null,null,100,130,ft,FALSE,Withlacoochee State Forest,-82.4025,28.80472222
105079,1844,P. Genelle,G. Fleming,Hernando Co.,Apiaceae,Ptilimnium,null,null,90437,null,null,null,TRUE,803,null,capillaceum,Michx.,Raf.,05/20/1973,"Richloam section, Tower Road.",Mar 2012,Edge of bog.,Fertile,null,null,null,null,null,null,null,null,null,FALSE,Withlacoochee State Forest,-82.1,28.5
208182,365,C. vanHoek,S. Petty,Citrus Co.,Fagaceae,Quercus,null,null,93246,null,null,null,TRUE,4194,null,austrina,Small,null,06/04/1993,"Surrounding Lizzie Hart Sink, next to and below the Florida Trail; Withlacoochee State Forest. T20S, R18E, Sec. 31.",May 2004,Bottomland.,null,null,null,null,null,null,null,null,null,null,FALSE,Citrus Wildlife Management Area,-82.45,28.8667
104631,1736,P. Genelle,G. Fleming,Citrus Co.,Fagaceae,Quercus,null,null,94180,null,null,null,TRUE,3963,null,laevis,Walter,null,04/15/1973,Dames Cave area.,null,Sandy soil.,null,null,null,null,null,null,null,null,null,null,FALSE,Withlacoochee State Forest,-84.6667,30.2333
241982,13083,B. F. Hansen,,Sumter Co.,Fagaceae,Quercus,null,null,9723,null,null,null,TRUE,3901,null,laurifolia,Michx.,null,11/09/2005,"Ca. 1.5 mi. N of Croom.  T22S, R21E, Sec. 5, NE¼.",null,Sandhill.,null,null,null,null,null,null,null,null,null,null,FALSE,Withlacoochee State Forest,-82.2167,28.5833
104632,1737,P. Genelle,G. Fleming,Citrus Co.,Fagaceae,Quercus,null,null,9802,null,null,null,TRUE,3901,null,laurifolia,Michx.,null,04/14/1973,Dames Caves area.,null,Sandy soil.,null,null,null,null,null,null,null,null,null,null,FALSE,Withlacoochee State Forest,-84.6667,30.2333
104642,1738,P. Genelle,G. Fleming,Citrus Co.,Fagaceae,Quercus,null,null,94295,null,null,null,TRUE,2986,null,margarettae,Ashe ex Small,null,04/15/1973,Dames Cave area.,1985,Sandy soil.,Flower,null,null,null,null,null,null,null,null,null,FALSE,Withlacoochee State Forest,-84.6667,30.2333
105169,1893,P. Genelle,G. Fleming,Citrus Co.,Fagaceae,Quercus,null,null,94412,null,null,null,TRUE,3835,null,michauxii,Nutt.,null,05/27/1973,"Citrus section, side road, S of Dames Caves area.",null,Partial shade.,null,null,null,null,null,null,null,null,null,null,FALSE,Withlacoochee State Forest,-82.45,28.8667
104823,1819,P. Genelle,G. Fleming,Hernando Co.,Fagaceae,Quercus,null,null,9642,null,null,null,TRUE,3969,null,nigra,L.,null,05/06/1973,"Richloam section, Tower Road.",null,"Roadside; damp, shaded.",null,null,null,null,null,null,null,null,null,null,FALSE,Withlacoochee State Forest,-82.1,28.5
210538,14587,S. L. Orzell,E.L. Bridges,Hernando Co.,Melastomataceae,Rhexia,null,null,95759,null,null,null,TRUE,2251,null,cubensis,Griseb.,null,08/04/1990,"S side of FL 50, ca. 1.2 mi. E of the US 301 junction at Ridge Manor. T23S, R22E, Sec. 7, NW¼ of NW¼.",null,Sandy margins of limesink depression pond; community dominated by Hypericum fasciculatum. Soils - Paisley (Typic Albaqualfs).,null,null,null,null,null,Flowers deep rose-pink.,null,70,null,ft,FALSE,Withlacoochee State Forest,-82.13472222,28.50638889
120850,2102,P. Genelle,G. Fleming,Pasco Co.,Melastomataceae,Rhexia,null,null,95930,null,null,null,TRUE,2899,null,mariana,L.,null,06/14/1975,Richloam section.,26-Nov-2013,"Edge of cypress [Taxodium] swamp; dry, sandy soil.",Flower,Fruit,null,null,null,null,null,null,null,null,FALSE,Withlacoochee State Forest,-82.172029,28.465832
104795,1791,P. Genelle,G. Fleming,Hernando Co.,Melastomataceae,Rhexia,null,null,96038,null,null,null,TRUE,2899,null,mariana,L.,null,05/06/1973,Forest Road S of FL 50.,1978,"Shade, laurel oak [Quercus laurifolia], pond edge.",Flower,null,null,null,null,null,null,null,null,null,FALSE,Withlacoochee State Forest,-81.8167,28.35
120851,2103,P. Genelle,G. Fleming,Pasco Co.,Melastomataceae,Rhexia,null,null,95905,null,null,null,TRUE,2688,null,nuttallii,C. W. James,null,06/14/1975,Richloam section.,null,"Edge of cypress [Taxodium] swamp; dry, sandy soil.",Flower,null,null,null,null,null,null,null,null,null,FALSE,Withlacoochee State Forest,-82.172029,28.465832
120347,2178,P. Genelle,G. Fleming,Pasco Co.,Anacardiaceae,Rhus,null,null,16991,null,null,null,TRUE,3543,null,copallinum,L.,null,08/09/1975,May Place Road.,null,"Roadside, full sunlight.",Bud,Flower,null,null,null,null,null,null,null,null,FALSE,Withlacoochee State Forest,-82.172029,28.465832
120715,2191,P. Genelle,G. Fleming,Pasco Co.,Fabaceae,Rhynchosia,null,null,4199,null,null,null,TRUE,2544,null,michauxii,Vail,null,08/09/1975,Clay Sink Road.,Jun 2009,Old railroad bed; sandy soil.,Flower,Fruit,null,null,null,null,null,null,null,null,FALSE,Withlacoochee State Forest,-82.172029,28.465832
226197,19737,S. L. Orzell,E.L. Bridges,Citrus Co.,Fabaceae,Rhynchosia,null,null,4275,null,null,null,TRUE,3112,null,reniformis,DC.,null,06/29/1992,"Just E of section line road, ca. 1.4 mi. S of Fivemile Pond, ca. 3.5 air mi. S of FL 44, ca. 10 air mi. E of Homosassa Springs.  T19S, R19E, Sec. 27, SW¼.",1992,Mature burned longleaf pine [Pinus palustris] sandhill savanna.  Soils: Lakeland (Typic Quartzipsamments).,Fruit,null,null,null,null,null,null,100,130,ft,FALSE,Withlacoochee State Forest,-82.4025,28.80472222
223878,19793,S. L. Orzell,E.L. Bridges,Sumter Co.,Cyperaceae,Rhynchospora,null,null,77390,null,null,null,TRUE,3245,null,caduca,Elliott,null,06/29/1992,"N side of Center Grade Road, ca. 1.3 mi. E of junction FL 471, near Weeks Pond and N of Gator Hole Slough, ca. 7.7 mi. S of junction FL 50 at Tarrytown. T23S, R23E, Sec. 29, NW¼.",null,Outer edge of hydric hammock. Soils - Vero (Alfic Haplaquods).,Fertile,null,null,null,null,null,null,90,92,ft,FALSE,Withlacoochee State Forest,-82.03611111,28.45833333
241037,19783,S. L. Orzell,E.L. Bridges,Sumter Co.,Cyperaceae,Rhynchospora,null,null,77430,null,null,null,TRUE,2961,null,cephalantha,A. Gray,null,06/29/1992,"N side of Center Grade Road, ca. 1.3 mi. E of junction FL 471, near Weeks Pond and N of Gator Hole Slough, ca. 7.7 mi. S of junction FL 50 at Tarrytown. T23S, R23E, Sec. 29, NW¼.",null,Wet marly pnie flatwoods and cypress [Taxodium] pond edges. Soils - Vero (Alfic Haplaquods).,Fertile,null,null,null,null,null,null,90,92,ft,FALSE,Withlacoochee State Forest,-82.03611111,28.45833333
104818,1814,P. Genelle,G. Fleming,Hernando Co.,Cyperaceae,Rhynchospora,null,null,77616,null,null,null,TRUE,726,null,colorata,L.,H. Pfeiff.,05/06/1973,Tower road.,null,"Roadside; damp, loam, shade.",Fertile,null,null,null,null,null,null,null,null,null,FALSE,Withlacoochee State Forest,-81.8167,28.35
120713,2180,P. Genelle,G. Fleming,Pasco Co.,Cyperaceae,Rhynchospora,null,null,77677,null,null,null,TRUE,726,null,colorata,L.,H. Pfeiff.,08/09/1975,May Place Road.,1984,"Wet, shaded, muck soil.",Fertile,null,null,null,null,null,null,null,null,null,FALSE,Withlacoochee State Forest,-82.172029,28.465832
227229,2524,M. T. Strong,,Hernando Co.,Cyperaceae,Rhynchospora,null,null,78240,null,null,null,TRUE,3218,null,divergens,Chapm. ex M. A. Curtis,null,08/29/2000,"Just N and S of sand road W of FL 471 and fish hatchery, just N of Hernando and Polk County line, 8 km S of Tarrytown, and 9-11 km NE of Lacoochee.",null,Wet ditch bordering pine flatwoods along sand road.,Fertile,null,null,null,null,null,null,null,null,null,FALSE,Withlacoochee State Forest,-82.45,28.5333
229847,19754,S. L. Orzell,E.L. Bridges,Pasco Co.,Cyperaceae,Rhynchospora,null,null,78508,null,null,null,TRUE,535,null,fascicularis,Michx.,Vahl,06/29/1992,"E of unimproved access road heading S to the Withlacoochee River, ca. 0.7 mi. S of Lacoochee Park Road, ca. 1.8 air mi. SE of Lacoochee. T23S, R22E, Sec. 30, NW¼ of SE¼.",null,Cypress [Taxodium] savanna in sandy shallow depression. Soils - Basinger (Spodic Psammaquents).,Fertile,null,null,null,null,null,null,70,null,ft,FALSE,Withlacoochee State Forest,-82.14583333,28.45305556
226849,14606,S. L. Orzell,E.L. Bridges,Hernando Co.,Cyperaceae,Rhynchospora,null,null,78729,null,null,null,TRUE,3015,null,filifolia,A. Gray,null,08/04/1990,"E side of Boat Pond, ca. 2.4 air mi. NE of the US 301 and FL 50 junction in Ridge Manor. T22S, R22E, Sec. 31, SW¼ of NW¼ of NE¼.",null,Sandy shoreline of limesink depression pond. Soils - Floirdana variant (Typic Umbraqualfs).,Fertile,null,null,null,null,null,null,70,null,ft,FALSE,Withlacoochee State Forest,-82.14555556,28.53416667
226504,19786,S. L. Orzell,E.L. Bridges,Sumter Co.,Cyperaceae,Rhynchospora,null,null,78730,null,null,null,TRUE,3015,null,filifolia,A. Gray,null,06/29/1992,"N side of Center Grade Road, ca. 1.3 mi. E of junction FL 471, near Weeks Pond and N of Gator Hole Slough, ca. 7.7 mi. S of junction FL 50 at Tarrytown. T23S, R23E, Sec. 29, NW¼.",null,Wet marly pnie flatwoods and cypress [Taxodium] pond edges. Soils - Vero (Alfic Haplaquods).,Fertile,null,null,null,null,null,null,90,92,ft,FALSE,Withlacoochee State Forest,-82.03611111,28.45833333
227230,2526,M. T. Strong,,Hernando Co.,Cyperaceae,Rhynchospora,null,null,78960,null,null,null,TRUE,2568,null,globularis,,Small,08/29/2000,"Just N and S of sand road W of FL 471 and fish hatchery, just N of Hernando and Polk Counties line, 8 km S of Tarrytown, 9-11 km NE of Lacoochee.",Feb 2001,Wet ditch bordering pine flatwoods along sand road.,Fertile,null,null,null,null,null,null,null,null,null,FALSE,Withlacoochee State Forest,-82.45,28.5333
228817,19743,S. L. Orzell,E.L. Bridges,Citrus Co.,Cyperaceae,Rhynchospora,null,null,79375,null,null,null,TRUE,692,null,grayi,Kunth,null,06/29/1992,"Just E of section line road, ca. 1.4 mi. W of Fivemile Pond, ca. 3.5 air mi. S of FL 44, ca. 10 air mi. E of Homosassa Springs. T19S, R19E, Sec. 27, SW¼.",null,Mature burned longleaf pine [Pinus palustris] sandhill. Soils - Lakeland (Typic Quartzipsamments).,Fertile,null,null,null,null,null,null,100,130,ft,FALSE,Withlacoochee State Forest,-82.4025,28.80472222
214537,14592,S. L. Orzell,E.L. Bridges,Hernando Co.,Cyperaceae,Rhynchospora,null,null,79329,null,null,null,TRUE,2900,null,inundata,Oakes,Fernald,08/04/1990,"S side of FL 50, ca. 1.2 mi. E of the US 301 junction at Ridge Manor.  T23S, R22E, Sec. 7, NW¼ of NW¼.",null,Sandy margins of limesink depression pond; community dominated by Psilocarya nitens [Rhynchospora nitens] and R. tracyi.,Fertile,null,null,null,null,null,null,70,null,ft,FALSE,Withlacoochee State Forest,-82.13472222,28.50638889
204579,268,C. vanHoek,,Sumter Co.,Cyperaceae,Rhynchospora,null,null,78099,null,null,null,TRUE,2402,null,megalocarpa,A. Gray,null,05/08/1992,"Nature trail 23-25, Hog Island Recreation Area, Croom Wildlife Management Area, ca. 2 mi. SSE of Nobleton.  T21S, R21E, Sec. 31.",null,Dry to mesic woods.,Fertile,null,null,null,null,null,null,null,null,null,FALSE,Withlacoochee State Forest,-82.25,28.6333
242342,3545,M. T. Strong,,Sumter Co.,Cyperaceae,Rhynchospora,null,null,78088,null,null,null,TRUE,2402,null,megalocarpa,A. Gray,null,08/10/2005,"Cemetery grounds of Florida National Cemetery, Bushnell, ca. 9.7 km (by air) SW of Bushnell.",null,null,Fertile,null,null,null,null,null,null,null,null,null,FALSE,Withlacoochee State Forest,-82.112863,28.664992
263558,19760,S. L. Orzell,E.L. Bridges,Pasco Co.,Cyperaceae,Rhynchospora,null,null,77911,null,null,null,TRUE,2402,null,megalocarpa,A. Gray,null,06/29/1992,"E of unimproved access road heading S to the Withlacoochee River, ca. 0.7 mi. S of Lacoochee Park Road, ca. 1.8 airmi. SE of Lacoochee.  T23S, R22E, Sec. 30, NW¼ of SE¼.",null,Xeric sandhill woodland,Fertile,null,null,null,null,null,null,70,null,ft,FALSE,Withlacoochee State Forest,-82.14583333,28.45305556
227295,2523,M. T. Strong,,Hernando Co.,Cyperaceae,Rhynchospora,null,null,77793,null,null,null,TRUE,3007,null,microcarpa,Baldwin ex A. Gray,null,08/29/2000,"Just N and S of sand road W of FL 471 and fish hatchery, just N of the Polk County line, 8 km S of Tarrytown, 9-11 km NE of Lacoochee.",null,Wet ditch bordering pine flatwoods along sand road.,Fertile,null,null,null,null,null,null,null,null,null,FALSE,Withlacoochee State Forest,-81.8167,28.35
120823,2172,P. Genelle,G. Fleming,Sumter Co.,Cyperaceae,Rhynchospora,null,null,76953,null,null,null,TRUE,2952,null,microcephala,Britton,Britton ex Small,06/28/1975,Forest road near the Lake County line.,null,"Pinelands, moist ditch.",Fertile,null,null,null,null,null,null,null,null,null,FALSE,Withlacoochee State Forest,-81.8167,28.35
210875,14608,S. L. Orzell,E.L. Bridges,Hernando Co.,Cyperaceae,Rhynchospora,null,null,76942,null,null,null,TRUE,2952,null,microcephala,Britton,Britton ex Small,08/04/1990,"E side of Boat Pond, ca. 2.4 air mi. NE of the US 301 and FL 50 junction in Ridge Manor.  T22S, R22E, Sec. 31, SW¼ of NW¼ of NE¼.",null,Sandy shoreline of limesink depression pond.  Soils - Floirdana variant (Typic Umbraqualfs).,Fertile,null,null,null,null,null,null,70,null,ft,FALSE,Withlacoochee State Forest,-82.14555556,28.53416667
214168,468,C. vanHoek,"S. Petty, J. Buckner",Hernando Co.,Cyperaceae,Rhynchospora,null,null,75558,null,null,null,TRUE,2082,null,miliacea,Lam.,A. Gray,08/19/1995,"Indianhouse Swamp, Richloam Wildlife Management Area, N of FL 50, W of Tarrytown.  T23S, R22E, Sec. 4.",null,In and near swampy ponds.,Fertile,null,null,null,null,null,null,null,null,null,FALSE,Withlacoochee State Forest,-82.1,28.5
223850,19769,S. L. Orzell,E.L. Bridges,Pasco Co.,Cyperaceae,Rhynchospora,null,null,76545,null,null,null,TRUE,2082,null,miliacea,Lam.,A. Gray,06/29/1992,"N of Center Grade Road, 0.5 mi. W of the Sumter County line and FL 471, ca. 1.1 mi. SSE of Clay Sink, ca. 9.5 air mi. NE of Dade City.  T23S, R22E, Sec. 25, SW¼ of NE¼.",null,Cypress [Taxodium] dome swamp in wetland pine savanna.,Fertile,null,null,null,null,null,null,85,90,ft,FALSE,Withlacoochee State Forest,-82.06111111,28.45805556
210810,14594,S. L. Orzell,E.L. Bridges,Hernando Co.,Cyperaceae,Rhynchospora,null,null,75065,null,null,null,TRUE,2106,null,nitens,Vahl,A. Gray,08/04/1990,"S side of FL 50, ca.1.2 mi. E of its junction with US 301 at Ridge Manor.  T23S, R22E, Sec. 7, NW¼ of NW¼.",null,sandy margins of limesink depression marsh; community dominated by Rhynchospora nitens and R. tracyi.,Fertile,null,null,null,null,null,null,70,null,ft,FALSE,Withlacoochee State Forest,-82.13472222,28.50638889
227227,2530,M. T. Strong,,Hernando Co.,Cyperaceae,Rhynchospora,null,null,75053,null,null,null,TRUE,2270,null,odorata,C. Wright ex Griseb.,null,08/29/2000,"Just N and S of sand road W of FL 471 and fish hatchery, just N of the Polk County line, 8 km S of Tarrytown and 9-11 km NE of Lacoochee.",null,Wet ditch bordering pine flatwoods along sand road.,Fertile,null,null,null,null,null,null,null,null,null,FALSE,Withlacoochee State Forest,-81.8167,28.35
225257,16417,S. L. Orzell,E.L. Bridges,Sumter Co.,Cyperaceae,Rhynchospora,null,null,75052,null,null,null,TRUE,2270,null,odorata,C. Wright ex Griseb.,null,04/29/1991,"N side of Center Grade Road, ca. 1.3 mi. E of the junction with FL 471, near Weeks Pond and N of Gator Hole Slough, ca. 7.7 mi. S of the junction with FL 50 at Tarrytown.  T23S, R23E, Sec. 29, NW¼.",null,Roadside through wet marly pine flatwoods and cypress [Taxodium] pond edges.  Soils - Vero (Alfic Haplaquods).,Fertile,null,null,null,null,null,null,90,92,ft,FALSE,Withlacoochee State Forest,-82.03611111,28.45833333
228096,19756,S. L. Orzell,E.L. Bridges,Pasco Co.,Cyperaceae,Rhynchospora,null,null,73840,null,null,null,TRUE,2426,null,pusilla,Chapm. ex M. A. Curtis,null,06/29/1992,"E of unimproved access road heading S to the Withlacoochee River, ca. 0.7 mi. S of Lacoochee Park Road, ca. 1.8 air mi. SE of Lacoochee.  T23S, R22E, Sec. 30, NW¼ of SE¼.",null,Cypress [Taxodium] savanna in sandy shallow depression.  Soils - Basinger (Spodic Psammaquents).,Fertile,null,null,null,null,null,null,70,null,ft,FALSE,Withlacoochee State Forest,-82.14583333,28.45305556
210804,14590,S. L. Orzell,E.L. Bridges,Hernando Co.,Cyperaceae,Rhynchospora,null,null,73343,null,null,null,TRUE,2432,null,tracyi,Britton,null,08/04/1990,"S side of FL 50, ca. 1.2 mi. E of the US 301 junction at Ridge Manor.  T23S, R22E, Sec. 7, NW¼ of NW¼.",null,Sandy margins of limesink depression pond.  Soils - Paisley (Typic Albaqualfs).,Fertile,null,null,null,null,null,null,70,null,ft,FALSE,Withlacoochee State Forest,-82.13472222,28.50638889
122551,2114,P. Genelle,G. Fleming,Pasco Co.,Rosaceae,Rosa,null,null,100388,null,null,null,TRUE,3954,null,palustris,Marshall,null,06/14/1975,Richloam section.,null,Swamp.,Fruit,null,null,null,null,null,null,null,null,null,FALSE,Withlacoochee State Forest,-82.172029,28.465832
105107,1789,P. Genelle,G. Fleming,Hernando Co.,Rosaceae,Rosa,null,null,100391,null,null,null,TRUE,3954,null,palustris,Marshall,null,05/20/1973,Tower Road.,null,"Bog, full sun.",Flower,null,null,null,null,null,null,null,null,null,FALSE,Withlacoochee State Forest,-81.8167,28.35
104824,1820,P. Genelle,G. Fleming,Sumter Co.,Rosaceae,Rosa,null,null,100417,null,null,null,TRUE,3954,null,palustris,Marshall,null,05/06/1973,"Richloam section, River Road.",null,"Pinelands, full sun, road edge, formerly wet.",Flower,null,null,null,null,null,null,null,null,null,FALSE,Withlacoochee State Forest,-81.8167,28.35
104625,1729,P. Genelle,G. Fleming,Citrus Co.,Rosaceae,Rubus,null,null,105133,null,null,null,TRUE,2116,null,cuneifolius,Pursh,null,04/15/1973,"Withlacoochee State Forest, C-480 and C-491.",null,"Roadside, under Pinus elliottii, shaded.",Flower,null,null,null,null,null,null,null,null,null,FALSE,null,-81.8167,28.35
104798,1794,P. Genelle,G. Fleming,Hernando Co.,Rosaceae,Rubus,null,null,105168,null,null,null,TRUE,2116,null,cuneifolius,Pursh,null,05/05/1973,Withlacoochee State Forest.,null,Sandy pinelands; association with Pinus elliottii.,Flower,null,null,null,null,null,null,null,null,null,FALSE,null,-81.8167,28.35
104820,1816,G. Fleming,P. Genelle,Hernando Co.,Asteraceae,Rudbeckia,null,null,35417,null,null,null,TRUE,2286,null,hirta,L.,null,05/06/1973,Tower road; Richloam.,1976,"Roadside ditch, wet.",Flower,null,null,null,null,null,null,null,null,null,FALSE,Withlacoochee State Forest,-82.1,28.5
55385,25785,O. K. Lakela,,Citrus Co.,Acanthaceae,Ruellia,null,null,50874,null,null,null,TRUE,812,null,caroliniensis,J. F. Gmel.,Steud.,04/13/1963,"Off C-491, S of Lecanto.",1971,"Shallow soil of limestone fissures, open oak forest.",Flower,null,null,null,null,null,null,null,null,null,FALSE,Withlacoochee State Forest,-82.487598,28.851649
104811,1807,P. Genelle,G. Fleming,Hernando Co.,Acanthaceae,Ruellia,null,null,50804,null,null,null,TRUE,812,null,caroliniensis,J. F. Gmel.,Steud.,05/06/1973,FL 50.,null,"Roadside, rich, shaded, sandy loam.",Fertile,null,null,null,null,null,null,null,null,null,FALSE,Withlacoochee State Forest,-81.8167,28.35
104627,1732,P. Genelle,G. Fleming,Citrus Co.,Acanthaceae,Ruellia,null,null,50816,null,null,null,TRUE,812,null,caroliniensis,J. F. Gmel.,Steud.,04/15/1973,Dames Cave area.,null,"Sandy loam, shaded by Quercus laevis and Q. laurifolia, and Pinus elliottii.",Fertile,null,null,null,null,null,null,null,null,null,FALSE,Withlacoochee State Forest,-81.8167,28.35
104723,1752,P. Genelle,G. Fleming,Hernando Co.,Acanthaceae,Ruellia,null,null,50853,null,null,null,TRUE,812,null,caroliniensis,J. F. Gmel.,Steud.,04/22/1973,Croom road.,null,"Road shoulder, dry, sandy, full sun.",Flower,null,null,null,null,null,null,null,null,null,FALSE,Withlacoochee State Forest,-82.227588,28.587772
60912,1201,R. W. Long,,Citrus Co.,Acanthaceae,Ruellia,null,null,50922,null,null,null,TRUE,812,null,caroliniensis,J. F. Gmel.,Steud.,04/16/1963,Ca. 5 mi. S of Lecanto on FL 480.,1994,"Park-like woods, vale-pine, mostly in shade.",Flower,null,null,null,null,"Both decumbent bushed and erect forms; R. ciliosa forms in dry pineland nearer entrance to park, less common; tall R. carolinensis in more typical appearance in pink limestone further in woods; possible hybrid population.",Scattered but abundant.,null,null,null,FALSE,Withlacoochee State Forest,-82.487598,28.851649
104645,1722,P. Genelle,G. Fleming,Citrus Co.,Polygonaceae,Rumex,null,null,31671,null,null,null,TRUE,2303,null,hastatulus,Baldwin,null,04/15/1973,FL 480 and FL 491.,null,"Roadside ditch, sandy, full sun.",Flower,null,null,null,null,null,null,null,null,null,FALSE,Withlacoochee State Forest,-81.8167,28.35
104739,1766,P. Genelle,G. Fleming,Hernando Co.,Polygonaceae,Rumex,null,null,31716,null,null,null,TRUE,2303,null,hastatulus,Baldwin,null,04/22/1973,Croom Section; forest road to Silver Lake Recreation area.,null,"Dry, sandy, partial shade.",Flower,Fruit,null,null,null,null,null,null,null,null,FALSE,Withlacoochee State Forest,-82.227588,28.587772
120709,2132,P. Genelle,G. Fleming,Pasco Co.,Arecaceae,Sabal,null,null,26391,null,null,null,TRUE,2287,null,minor,Jacq.,Pers.,06/16/1975,"Richloam section, May Place, near the Withlacoochee River.",Mar 1991,"Deep, white sand, swampy basin.",Bud,null,null,null,null,null,null,null,null,null,FALSE,Withlacoochee State Forest,-82.172029,28.465832
122545,2181,P. Genelle,G. Fleming,Pasco Co.,Arecaceae,Sabal,null,null,26392,null,null,null,TRUE,2287,null,minor,Jacq.,Pers.,08/09/1975,May Place Road.,Mar 1991,"Damp, shaded, white sand.",Bud,Flower,Fruit,null,null,Flowers white.,null,null,null,null,FALSE,Withlacoochee State Forest,-82.172029,28.465832
105170,1891,P. Genelle,G. Fleming,Citrus Co.,Arecaceae,Sabal,null,null,26739,null,null,null,TRUE,639,null,palmetto,Walter,Lodd. ex Schult. & Schult. f.,05/27/1973,"Citrus section, TR 22 [?], Dames Cave area.",null,"Shaded, loam, mulch.",null,null,null,null,null,null,null,null,null,null,FALSE,Withlacoochee State Forest,-82.45,28.8667
108171,1913,P. Genelle,G. Fleming,Hernando Co.,Gentianaceae,Sabatia,null,null,99454,null,null,null,TRUE,2333,null,brevifolia,Raf.,null,11/18/1973,"Richloam section, Yankee Swamp.",null,null,Flower,null,null,null,null,null,null,null,null,null,FALSE,Withlacoochee State Forest,-82.1,28.5
120591,2120,P. Genelle,G. Fleming,Pasco Co.,Gentianaceae,Sabatia,null,null,99476,null,null,null,TRUE,2857,null,calycina,Lam.,A. Heller,06/14/1975,Richloam section.,null,Edge of swamp.,Flower,Fruit,null,null,null,null,null,null,null,null,FALSE,Withlacoochee State Forest,-82.172029,28.465832
214443,16419,S. L. Orzell,E.L. Bridges,Sumter Co.,Gentianaceae,Sabatia,null,null,99519,null,null,null,TRUE,2857,null,calycina,Lam.,A. Heller,04/29/1991,"N side of Center Grade Road, ca. 1.3 mi. E of junction FL 471, near Weeks Pond and N of Gator Hole Slough, ca. 7.7 mi. S of junction FL 50 at Tarrytown. T23S, R23E, Sec. 29, NW¼.",null,Roadside through wet marly pine flatwoods and cypress [Taxodium] pond edge. Soils - Vero (Alfic Haplaquods).,Flower,null,null,null,null,null,null,90,92,ft,FALSE,Withlacoochee State Forest,-82.03611111,28.45833333
120507,2143,P. Genelle,G. Fleming,Sumter Co.,Gentianaceae,Sabatia,null,null,99704,null,null,null,TRUE,2421,null,decandra,Walter,R. M. Harper,06/28/1975,Cabbage Head Road.,Jan 2008,"Moist edge of lake, sandy soil.",Flower,null,null,null,null,null,null,null,null,null,FALSE,Withlacoochee State Forest,-81.8167,28.35
240468,19773,S. L. Orzell,E.L. Bridges,Sumter Co.,Gentianaceae,Sabatia,null,null,99802,null,null,null,TRUE,2421,null,decandra,Walter,R. M. Harper,06/29/1992,"N side of Center Grade Road, ca. 1.3 mi. E of junction FL 471, near Weeks Pond and N of Gator Hole Slough, ca. 7.7 mi. S of junction FL 50 at Tarrytown. T23S, R23E, Sec 29, NW¼.",Jan 2008,Open cypress [Taxodium] depression with grassy groundcover. Soils - Vero (Alfic Haplaquods).,Flower,null,null,null,null,null,null,90,92,ft,FALSE,Withlacoochee State Forest,-82.03611111,28.45833333
120508,2165,P. Genelle,G. Fleming,Sumter Co.,Gentianaceae,Sabatia,null,null,99927,null,null,null,TRUE,2356,null,grandiflora,A. Gray,Small,06/28/1975,Cabbage Head Road.,null,Wet meadow.,Flower,null,null,null,null,null,null,null,null,null,FALSE,Withlacoochee State Forest,-81.8167,28.35
208661,387,C. vanHoek,S. Petty,Hernando Co.,Poaceae,Saccharum,null,null,46330,null,null,null,TRUE,2649,null,baldwinii,Spreng.,null,12/03/1993,Just S of Withlacoochee River; Withlacoochee State Forest.,null,null,Fertile,null,null,null,null,null,null,null,null,null,FALSE,Silver Lake Recreation Area,-81.8167,28.35
208163,367,C. vanHoek,,Citrus Co.,Orchidaceae,Sacoila,null,null,6581,lanceolata,null,null,TRUE,2298,var.,lanceolata,Aubl.,Garay,07/02/1993,Contact USF Herbarium if additional information is required,1993,Grassy roadside.,Flower,Immature Fruit,null,null,null,null,null,null,null,null,TRUE,Withlacoochee State Forest,null,null
105087,1852,P. Genelle,G. Fleming,Hernando Co.,Alismataceae,Sagittaria,null,null,105580,chapmanii,J. G. Sm.,null,TRUE,2481,var.,graminea,Michx.,null,05/20/1973,"Withlacoochee State Forest, Tower Road.",2000,Damp bog in water.,Fertile,null,null,null,null,null,null,null,null,null,FALSE,null,-81.8167,28.35
122544,2149,P. Genelle,G. Fleming,Sumter Co.,Alismataceae,Sagittaria,null,null,105459,graminea,null,null,TRUE,2217,var.,graminea,Michx.,null,06/28/1975,"Withlacoochee State Forest, Cabbage Head Road.",2000,"Moist edge of lake, sandy soil.",Fertile,null,null,null,null,null,null,null,null,null,FALSE,null,-81.8167,28.35
105102,1865,P. Genelle,G. Fleming,Hernando Co.,Alismataceae,Sagittaria,null,null,105561,graminea,null,null,TRUE,2217,var.,graminea,Michx.,null,05/20/1973,"Withlacoochee State Forest, Richloam section, Yankee Swamp.",2000,"Swamp, full sun, muck.",Fertile,null,null,null,null,null,null,null,null,null,FALSE,null,-82.1,28.5
105092,1857,P. Genelle,G. Fleming,Hernando Co.,Alismataceae,Sagittaria,null,null,105726,lancifolia,null,null,TRUE,2817,subsp.,lancifolia,L.,null,05/20/1973,"Withlacoochee State Forest, Tower Road.",2000,"Wet ditch, full sun.",Fertile,null,null,null,null,null,null,null,null,null,FALSE,null,-81.8167,28.35
104725,1754,P. Genelle,G. Fleming,Hernando Co.,Lamiaceae,Salvia,null,null,59507,null,null,null,TRUE,3524,null,lyrata,L.,null,04/22/1973,Croom Road.,null,"Dry, sandy road shoulder in full sun.",Flower,null,null,null,null,null,null,null,null,null,FALSE,Withlacoochee State Forest,-82.227588,28.587772
104758,1784 Cr,P. Genelle,G. Fleming,Hernando Co.,Salviniaceae,Salvinia,null,null,30989,null,null,null,TRUE,1336,null,minima,Baker,null,04/22/1973,Where the Withlacoochee River enters Silver Lake.,Nov 1986,In shallow water in full shade.,null,null,null,null,null,null,null,null,null,null,FALSE,Withlacoochee State Forest,-81.8167,28.35
104821,1817,P. Genelle,G. Fleming,Hernando Co.,Adoxaceae,Sambucus,null,null,9212,canadensis,L.,Bolli,TRUE,2186,subsp.,nigra,L.,null,05/06/1973,"Richloam section, Tower Road.",Jan 2004,"Damp, sandy loam, shaded.",Flower,null,null,null,null,null,null,null,null,null,FALSE,Withlacoochee State Forest,-82.1,28.5
104828,1824,P. Genelle,G. Fleming,Sumter Co.,Samolaceae,Samolus,null,null,101600,parviflorus,Raf.,Hultén,TRUE,971,subsp.,valerandi,L.,null,05/05/1973,River Road.,Jun 2014,"Full sun, sandy pinelands.",Flower,null,null,null,null,null,null,null,null,null,FALSE,Withlacoochee State Forest,-81.8167,28.35
214504,16402,S. L. Orzell,E.L. Bridges,Sumter Co.,Apiaceae,Sanicula,null,null,61505,null,null,null,TRUE,3572,null,canadensis,L.,null,04/29/1991,"N side of Center Grade Road, ca. 1.3 mi. E of its junction with FL 471, near Weeks Pond and N of Gator Hole Slough, ca. 7.7 mi. S of the junction with FL 50 at Tarrytown.  T23S, R23E, Sec. 29, NW¼.",null,Hydric hammock.  Soils - Vero (Alfic Haplaquods).,Fertile,null,null,null,null,null,null,90,92,ft,FALSE,Withlacoochee State Forest,-82.03611111,28.45833333
189174,s.n.,C. vanHoek,,Hernando Co.,Lauraceae,Sassafras,null,null,26241,null,null,null,TRUE,3759,null,albidum,Nutt.,Nees,04/14/1986,"A-B trailhead, Croom Hiking Trail. T22S, R20E, Sec. 3.",null,null,null,null,null,null,null,null,null,null,null,null,FALSE,Withlacoochee State Forest,-82.227588,28.587772
104819,1815RI,P. Genelle,G. Fleming,Hernando Co.,Saururaceae,Saururus,null,null,30909,null,null,null,TRUE,3598,null,cernuus,L.,null,05/06/1973,"Richloam section, Tower Road.",null,Wet roadside ditch.,Flower,null,null,null,null,null,null,null,null,null,FALSE,Withlacoochee State Forest,-82.1,28.5
221088,971,C. vanHoek,S. Petty,Citrus Co.,Poaceae,Schizachyrium,null,null,45972,null,null,null,TRUE,597,null,sanguineum,Retz.,Alston,09/20/1997,"Withlacoochee State Forest; E side of Township Road 5, just S of the Township Road 14 intersection.",null,"Open, disturbed sandhill areas.",Fertile,null,null,null,null,null,null,null,null,null,FALSE,Citrus Wildlife Management Area,-82.45,28.8667
234784,s.n.,W. K. Taylor,,Hernando Co.,Poaceae,Schizachyrium,null,null,45978,null,null,null,TRUE,597,null,sanguineum,Retz.,Alston,11/02/2002,Croom Tract.,null,Sandhill.,Fertile,null,null,null,null,null,null,null,null,null,FALSE,Withlacoochee State Forest,-82.227588,28.587772
227077,19729,S. L. Orzell,E.L. Bridges,Citrus Co.,Melanthiaceae,Schoenocaulon,null,null,36908,null,null,null,TRUE,2085,null,dubium,Michx.,Small,06/29/1992,"Just E of section line road, ca. 1.4 mi. S of Fivemile Pond, ca. 3.5 air mi. S of FL 44, ca. 10 air mi. E of Homosassa Springs.  T19S, R19E, Sec. 27, SW¼",null,Mature burned longleaf pine [Pinus palustris] sandhill.  Soils - Lakeland (typic Quartzipsamments).,Flower,Fruit,null,null,null,null,null,100,130,ft,FALSE,Withlacoochee State Forest,-82.4025,28.80472222
226184,19116,S. L. Orzell,E.L. Bridges,Sumter Co.,Cyperaceae,Scirpus,null,null,71791,null,null,null,TRUE,2066,null,lineatus,Michx.,null,03/02/1992,"N side of Center Grade Road, ca. 1.3 mi. E of the junction with FL 471, near Weeks Pond and N of Gator Hole Slough, ca. 7.7 mi. S of the junction with FL 50 at Tarrytown.  T23S, R23E, Sec. 29, NW¼.",null,Hydric hammock.,Fertile,null,null,null,null,null,null,90,92,ft,FALSE,Withlacoochee State Forest,-82.03611111,28.45833333
228858,19746,S. L. Orzell,E.L. Bridges,Citrus Co.,Cyperaceae,Scleria,null,null,71696,null,null,null,TRUE,2076,null,ciliata,Michx.,null,06/29/1992,"Just E of section line road, ca. 1.4 mi. S of Fivemile Pond, ca. 3.5 air mi. S of FL 44, ca. 10 air mi. E of Homosassa Springs.  T19S, R19E, Sec. 27, SW¼.",May 2001,Mature burned longleaf pine [Pinus palustris] sandhill savanna.  Soils - Lakeland (Typic Quartzipsamments).,Fertile,null,null,null,null,"Culms stiffly erect, almost glabrous.",null,100,130,ft,FALSE,Withlacoochee State Forest,-82.4025,28.80472222
234034,22607,S. L. Orzell,E.L. Bridges,Sumter Co.,Cyperaceae,Scleria,null,null,70601,null,null,null,TRUE,2070,null,oligantha,Michx.,null,03/29/1994,"N side of Center Grade Road, ca. 1.3 mi. E of the junction with FL 471, near Weeks Pond and N of Gator Hole Slough, ca. 7.7 mi. S of the junction with FL 50 at Tarrytown.  T23S, R23E, Sec. 29, NW¼.",null,Hydric hammock.  Soils - Vero (Alfic Haplaquods).,Fertile,null,null,null,null,null,null,null,null,null,FALSE,Withlacoochee State Forest,-82.03611111,28.45833333
242344,3547,M. T. Strong,,Sumter Co.,Cyperaceae,Scleria,null,null,70465,null,null,null,TRUE,2071,null,reticularis,Michx.,null,08/10/2005,"Florida National Cemetery grounds, Bushnell, ca. 9.7 km (by air) SW of Bushnell, bordering Withlacoochee State Forest.",Mar 2006,null,Fertile,null,null,null,null,null,null,null,null,null,FALSE,null,-82.112863,28.664992
204576,259,C. vanHoek,,Sumter Co.,Cyperaceae,Scleria,null,null,70090,null,null,null,TRUE,2055,null,triglomerata,Michx.,null,04/17/1992,"Croom Wildlife Management Area; nature trail at Hog Island Recreation Area, ca. 2 mi. SSE of Nobleton.  T21S, R21E, Sec. 31.",null,Drier areas.,Fertile,null,null,null,null,Common,null,null,null,null,FALSE,Withlacoochee State Forest,-82.25,28.6333
226406,19787,S. L. Orzell,E.L. Bridges,Sumter Co.,Cyperaceae,Scleria,null,null,70023,null,null,null,TRUE,3057,null,verticillata,Muhl. ex Willd.,null,06/29/1992,"N side of Center Grade Road, ca. 1.3 mi. E of its junction with FL 471, near Weeks Pond and N of Gator Hole Slough, ca. 7.7 mi. S of the junction with FL 50 at Tarrytown.  T23S, R23E, Sec. 29, NW¼.",null,Wet marly pine flatwoods.  Soils - Vero (Alfic Haplaquods).,Fertile,null,null,null,null,null,null,90,92,ft,FALSE,Withlacoochee State Forest,-82.03611111,28.45833333
242384,3551,M. T. Strong,,Sumter Co.,Lamiaceae,Scutellaria,null,null,59632,null,null,null,TRUE,1199,null,arenicola,Small,null,08/10/2005,"Bushnell, ca. 9.7 km SW of Bushnell, bordering Withlacoochee State Forest.",null,Cemetery grounds.,Fertile,null,null,null,null,"Corollas dorsally purple, ventrally white.",null,null,null,null,FALSE,Florida National Cemetery,-82.112863,28.664992
229353,19731,S. L. Orzell,E.L. Bridges,Citrus Co.,Lamiaceae,Scutellaria,null,null,59635,null,null,null,TRUE,1199,null,arenicola,Small,null,06/29/1992,"Just E of section line road, ca. 1.4 mi. S of Fivemile Pond, ca. 3.5 air mi. S of FL 44, ca. 10 air mi. E of Homosassa Springs. T19S, R19E, Sec. 27, SW¼.",null,Mature burned longleaf pine [Pinus palustris] sandhill savanna. Soils - Lakeland (Typic Quartzipsamments).,Fertile,null,null,null,null,null,null,100,130,ft,FALSE,Withlacoochee State Forest,-82.4025,28.80472222
259029,s.n.,C. Werner,,Hernando Co.,Lamiaceae,Scutellaria,null,null,60986,bracteata,Benth.,Epling,TRUE,3351,subsp.,ovata,Hill,null,05/07/2010,Unnuteliga Unit.,null,"Upland mixed forest with limestone outcrops, with Quercus michauxii and Sapindus saponaria.",Flower,null,null,null,null,null,null,null,null,null,FALSE,Withlacoochee State Forest,-82.45388889,28.66444444
189172,s.n.,C. vanHoek,,Hernando Co.,Poaceae,Secale,null,null,45456,null,null,null,TRUE,1730,null,cereale,L.,null,04/14/1986,"At the railroad crossing at Croom Road, Croom Tract. T22S, R21E, Sec. 8.",May 1986,null,Fertile,null,null,null,null,null,null,null,null,null,FALSE,Withlacoochee State Forest,-82.227588,28.587772
120547,2167,P. Genelle,G. Fleming,Sumter Co.,Polygalaceae,Senega,null,null,88960,null,null,null,TRUE,3413,null,cruciata,L.,J.F.B. Pastore & J.R. Abbott,06/28/1975,Cabbage Head Road.,20 Jul 2025,Wet meadow.,Fertile,null,null,null,null,null,null,null,null,null,FALSE,Withlacoochee State Forest,-81.8167,28.35
105100,1863,P. Genelle,G. Fleming,Hernando Co.,Polygalaceae,Senega,null,null,89103,null,null,null,TRUE,3199,null,cymosa,Walter,J.F.B. Pastore & J.R. Abbott,05/20/1973,"Richloam section, Yankee swamp.",20 Jul 2025,"Swamp, full sun, muck.",Fertile,null,null,null,null,null,null,null,null,null,FALSE,Withlacoochee State Forest,-82.1,28.5
122557,2166,P. Genelle,G. Fleming,Sumter Co.,Polygalaceae,Senega,null,null,89105,null,null,null,TRUE,3199,null,cymosa,Walter,J.F.B. Pastore & J.R. Abbott,06/28/1975,Cabbage Head Road.,20 Jul 2025,Wet meadow.,Fertile,null,null,null,null,null,null,null,null,null,FALSE,Withlacoochee State Forest,-81.8167,28.35
241066,19782,S. L. Orzell,E.L. Bridges,Sumter Co.,Polygalaceae,Senega,null,null,89243,null,null,null,TRUE,null,null,luea,L.,J.F.B. Pastore & J.R. Abbott,06/29/1992,"N side of Center Grade Road, ca. 1.3 mi. E of its junction with FL 471, near Weeks Pond and N of Gator Hole Slough, ca. 7.7 mi. S of the junction with FL 50 at Tarrytown.  T23S, R23E, Sec. 29, NW¼.",20 Jul 2025,Wet marly pine flatwoods.  Soils - Vero (Alfic Haplaquods).,Fertile,null,null,null,null,null,null,90,92,ft,FALSE,Withlacoochee State Forest,-82.03611111,28.45833333
122556,2168,P. Genelle,G. Fleming,Sumter Co.,Polygalaceae,Senega,null,null,89361,null,null,null,TRUE,3417,null,lutea,L.,J.F.B. Pastore & J.R. Abbott,06/28/1975,Cabbage Head Road.,20 Jul 2025,Wet meadow.,Fertile,null,null,null,null,null,null,null,null,null,FALSE,Withlacoochee State Forest,-81.8167,28.35
104835,1831,P. Genelle,G. Fleming,Sumter Co.,Polygalaceae,Senega,null,null,89464,null,null,null,TRUE,3417,null,lutea,L.,J.F.B. Pastore & J.R. Abbott,05/06/1973,Richloam section; River Road.,20 Jul 2025,Moist pinelands; open sun.,Fertile,null,null,null,null,null,null,null,null,null,FALSE,Withlacoochee State Forest,-81.8167,28.35
122555,2170,P. Genelle,G. Fleming,Sumter Co.,Polygalaceae,Senega,null,null,90049,null,null,null,TRUE,1161,null,rugelii,Shuttlew. ex Chapm.,J.F.B. Pastore & J.R. Abbott,06/28/1975,Cabbage Head Road.,20 Jul 2025,Wet meadow and sandy soil ditch along road.,Fertile,null,null,null,null,null,null,null,null,null,FALSE,Withlacoochee State Forest,-81.8167,28.35
214441,16410,S. L. Orzell,E.L. Bridges,Sumter Co.,Polygalaceae,Senega,null,null,89940,null,null,null,TRUE,1161,null,rugelii,Shuttlew. ex Chapm.,J.F.B. Pastore & J.R. Abbott,04/29/1991,"N side of Center Grade Road, ca. 1.3 mi. E of the FL 471 junction, near Weeks Pind and N of Gator Hole Slough, ca. 7.7 mi. S of the junction with FL 50 at Tarrytown.  T23S, R23E, Sec. 29, NW¼.",20 Jul 2025,Mesic pine flatwoods.  Soils - Vero (Alfic Haplaquods).,Fertile,null,null,null,null,null,null,90,92,ft,FALSE,Withlacoochee State Forest,-82.03611111,28.45833333
105082,1847,P. Genelle,G. Fleming,Hernando Co.,Polygalaceae,Senega,null,null,90114,null,null,null,TRUE,null,null,rugeliil,Shuttlew. ex Chapm.,J.F.B. Pastore & J.R. Abbott,05/20/1973,"Tower Road, Richloam Section.",20 Jul 2025,"Wet, partial shade; sandy loam.",Fertile,null,null,null,null,null,null,null,null,null,FALSE,Withlacoochee State Forest,-82.1,28.5
241044,19781,S. L. Orzell,E.L. Bridges,Sumter Co.,Polygalaceae,Senega,null,null,89818,null,null,null,TRUE,2980,null,setacea,Michx.,J.F.B. Pastore & J.R. Abbott,06/29/1992,"N side of Center Grade Road, ca. 1.3 mi. E of its junction with FL 471, near Weeks Pond and N of Gator Hole Slough, ca. 7.7 mi. S of the junction with FL 50 at Tarrytown.  T23S, R23E, Sec. 29, NW¼.",20 Jul 2025,Dry-mesic sandy pine flatwoods.,Fertile,null,null,null,null,null,null,90,92,ft,FALSE,Withlacoochee State Forest,-82.03611111,28.45833333
120618,1506,A. G. Shuey,,Citrus Co.,Fabaceae,Senna,null,null,4338,null,null,null,TRUE,2173,null,ligustrina,L.,H. S. Irwin & Barneby,8 Nov 1975,Located E of the S prong of Trail 22.,1983,"From sharp, badly eroded limestone outcropping; in association with Thelypteris augescens and Anemia adiantifolia.",Fruit,null,null,null,null,null,null,null,null,null,FALSE,Withlacoochee State Forest,-81.8167,28.35
120687,s.n.,J. E. Poppleton,,Citrus Co.,Fabaceae,Senna,null,null,4386,null,null,null,TRUE,2262,null,obtusifolia,L.,H. S. Irwin & Barneby,8 Nov 1975,E of the S running prong of Trail 22.,1983,Sandy soil in vicinity of limestone outcroppings.,Flower,Immature Fruit,null,null,null,null,null,null,null,null,FALSE,Withlacoochee State Forest,-81.8167,28.35
120892,2131,P. Genelle,G. Fleming,Pasco Co.,Fabaceae,Senna,null,null,4393,null,null,null,TRUE,2262,null,obtusifolia,L.,H. S. Irwin & Barneby,06/14/1975,Richloam section.,1983,"Edge of cultivated field; sandy soil, full sun.",Flower,Immature Fruit,null,null,null,null,null,null,null,null,FALSE,Withlacoochee State Forest,-82.172029,28.465832
241931,13087,B. F. Hansen,,Sumter Co.,Fabaceae,Senna,null,null,6989,null,null,null,TRUE,218,null,occidentalis,L.,Link,11/09/2005,"Ca. 2 mi. N of Croom.  T22S, R21E, Sec. 32.",2005,Roadside.,Flower,Fruit,null,null,null,Single plant 1 m tall.,null,null,null,null,FALSE,Withlacoochee State Forest,-82.2167,28.5833
214547,493,C. vanHoek,"S. Petty, J. Buckner",Sumter Co.,Fabaceae,Senna,null,null,4428,null,null,null,TRUE,218,null,occidentalis,L.,Link,09/22/1995,"Baird Tract, Cedar Hammock; 5 mi E of Tarrytown.  T22S, R23E, Sec. 23.",1995,Old fields.,Flower,Fruit,null,null,null,null,null,null,null,null,FALSE,Withlacoochee State Forest,-82.05,28.55
120983,2130,P. Genelle,G. Fleming,Pasco Co.,Fabaceae,Sesbania,null,null,4603,null,null,null,TRUE,2379,null,vesicaria,Jacq.,Elliott,06/14/1975,Richloam section.,25-Aug-2009,Edge of cultivated field; sandy soil.,Flower,Fruit,null,null,null,null,null,null,null,null,FALSE,Withlacoochee State Forest,-82.172029,28.465832
208244,377,C. vanHoek,S. Petty,Sumter Co.,Orobanchaceae,Seymeria,null,null,109270,null,null,null,TRUE,3280,null,pectinata,Pursh,null,08/27/1993,"Along Florida Trail ESE of Hog Island Recreational Area; Withlacoochee State Forest. T22S, R21E, Sec. 5.",null,Sandhills.,Fertile,null,null,null,null,null,null,null,null,null,FALSE,Croom Widlife Management Area,-82.2167,28.5833
208230,376,C. vanHoek,S. Petty,Citrus Co.,Malvaceae,Sida,null,null,26103,null,null,null,TRUE,3229,null,elliottii,Torr. & A. Gray,null,10/01/1993,"Wildlife Management Area. Ca. 0.5 mi. S of C-480, ca. 0.25 mi. E of Forest Road 13, ca. 0.25 mi. WSW of Stage Pond. T20S, R19E, Sec. 33, SW¼.",14 Apr 2008,Well-drained hammock and disturbed areas.,Immature Fruit,null,null,null,null,null,null,null,null,null,FALSE,Withlacoochee State Forest,-81.8167,28.35
105168,1892,G. Fleming,P. Genelle,Citrus Co.,Sapotaceae,Sideroxylon,null,null,34275,,null,null,TRUE,2662,,lanuginosum,Michx.,null,05/27/1973,"Citrus section, side road, S of Dames Caves.",2015,Open sunlight.,Bud,null,null,null,null,null,null,null,null,null,FALSE,Withlacoochee State Forest,-82.45,28.8667
144335,72,R. Lassiter,J. Lassiter,Hernando Co.,Sapotaceae,Sideroxylon,null,null,34404,null,null,null,TRUE,3285,null,tenax,L.,null,09/02/1978,McKethan Park.,2015,"Dry, sandy woods.",Immature Fruit,Bud,null,null,null,null,null,null,null,null,FALSE,Withlacoochee State Forest,-81.8167,28.35
104760,1786,P. Genelle,G. Fleming,Hernando Co.,Smilacaceae,Smilax,null,null,7731,null,null,null,TRUE,3934,null,bona-nox,L.,null,04/22/1973,Where the Withlacoochee River enters Silver Lake.,null,Shaded area.,null,null,null,null,null,null,null,null,null,null,FALSE,Withlacoochee State Forest,-81.8167,28.35
120707,2145,P. Genelle,G. Fleming,Pasco Co.,Smilacaceae,Smilax,null,null,7756,null,null,null,TRUE,3146,null,glauca,Walter,null,06/28/1975,Forest road S of Slaughter.,null,Roadside along edge of pinelands.,null,null,null,null,null,null,null,null,null,null,FALSE,Withlacoochee State Forest,-82.0667,28.4667
204252,240,C. vanHoek,S. Petty,Sumter Co.,Smilacaceae,Smilax,null,null,7887,null,null,null,TRUE,3841,null,tamnoides,L.,null,03/27/1992,"S side of Hog Island, Hog Island Recreational Area, Croom portion of the state forest, ca. 2 mi. SSE of Nobleton.  T21S, R21E, Sec. 31.",null,null,Bud,null,null,null,null,null,null,null,null,null,FALSE,Withlacoochee State Forest,-82.25,28.6333
209391,389,C. vanHoek,S. Petty,Citrus Co.,Solanaceae,Solanum,null,null,8751,null,null,null,TRUE,65,null,viarum,Dunal,null,02/25/1994,"Behind park ranger's home at Tillis Hill Recreation Area.  T20S, R19E, Sec. 21.",null,Sandy soil of paddock.,Fruit,null,null,null,null,null,null,null,null,null,FALSE,Withlacoochee State Forest,-81.8167,28.35
120509,2164,G. Fleming,P. Genelle,Sumter Co.,Asteraceae,Solidago,null,null,34517,chapmanii,Torr. & A. Gray,Cronq.,TRUE,2325,var.,odora,Aiton,null,06/28/1975,Cabbage Head Road.,1985,Wet pinelands.,Fertile,null,null,null,null,null,null,null,null,null,FALSE,Withlacoochee State Forest,-81.8167,28.35
104796,1772,P. Genelle,G. Fleming,Hernando Co.,Plantaginaceae,Sophronanthe,null,null,248213,null,null,null,TRUE,2424,null,hispida,Benth.,Lindl.,05/06/1973,Withlacoochee State Forest.,06/2022,"Sandy soil, pinelands, Pinus elliottii.",Flower,Bud,null,null,null,null,null,null,null,null,FALSE,null,null,null
104646,1720,P. Genelle,G. Fleming,Citrus Co.,Apiaceae,Spermolepis,null,null,61174,null,null,null,TRUE,806,null,divaricata,Walter,Raf.,04/15/1973,FL 480 and FL 491.,null,"Sandy roadside ditch, full sun.",Flower,Fruit,null,null,null,null,null,null,null,null,FALSE,Withlacoochee State Forest,-81.8167,28.35
208200,354,C. vanHoek,S. Petty,Citrus Co.,Poaceae,Sphenopholis,null,null,43434,null,null,null,TRUE,2578,null,filiformis,Chapm.,Scribn.,03/24/1993,"Withlacoochee State Forest. T19S, R19E, Sec. 30.",null,"Open, dry hammock.",Fertile,null,null,null,null,null,null,null,null,null,FALSE,Citrus Wildlife Management Area,-82.45,28.8667
227992,19772,S. L. Orzell,E.L. Bridges,Sumter Co.,Orchidaceae,Spiranthes,null,null,6604,null,null,null,TRUE,2489,null,laciniata,Small,Ames,06/29/1992,Contact USF Herbarium if additional information is required,1992,Open cypress [Taxodium] depression with grassy groundcover.  Soils - Vero (Alfic Haplaquods).,Fruit,null,null,null,null,null,null,90,92,ft,TRUE,Withlacoochee State Forest,null,null
108170,1912,P. Genelle,G. Fleming,Hernando Co.,Orchidaceae,Spiranthes,null,null,6619,null,null,null,TRUE,2998,null,odorata,Nutt.,Lindl.,11/18/1973,"Richloam section, Yankee Swamp.",12-Aug-2014,null,Flower,Immature Fruit,null,null,null,null,null,null,null,null,FALSE,Withlacoochee State Forest,-82.1,28.5
208162,369,C. vanHoek,S. Petty,Citrus Co.,Orchidaceae,Spiranthes,null,null,6730,null,null,null,TRUE,2924,null,tuberosa,Raf.,null,07/02/1993,Contact USF Herbarium if additional information is required,2018,Dry pine woods.,Bud,Flower,null,null,null,null,null,null,null,null,TRUE,Withlacoochee State Forest,null,null
197897,2248,R. Lassiter,K.L. Thompson,Hernando Co.,Orchidaceae,Spiranthes,null,null,6734,null,null,null,TRUE,2924,null,tuberosa,Raf.,null,06/19/1988,Contact USF Herbarium if additional information is required,2018,"Among grasses in sandy, rolling, open pineland.",Bud,Immature Fruit,null,null,null,null,Two plants noted.,null,null,null,TRUE,Withlacoochee State Forest,null,null
227056,19751,S. L. Orzell,E.L. Bridges,Citrus Co.,Orchidaceae,Spiranthes,null,null,6728,null,null,null,TRUE,2924,null,tuberosa,Raf.,null,06/29/1992,Contact USF Herbarium if additional information is required,2018,Low swale in mature burned longleaf pine [Pinus palustris] sandhill savanna.  Soils- Lakeland (Typic Quartzipsamments).,Bud,Immature Fruit,null,null,null,null,null,100,130,ft,TRUE,Withlacoochee State Forest,null,null
202258,s.n.,S. Petty,C. vanHoek,Hernando Co.,Orchidaceae,Spiranthes,null,null,6731,null,null,null,TRUE,2924,null,tuberosa,Raf.,null,06/15/1991,Contact USF Herbarium if additional information is required,2018,Dry pinelands.,Fruit,null,null,null,null,null,null,null,null,null,TRUE,Withlacoochee State Forest,null,null
189421,s.n.,C. vanHoek,,Citrus Co.,Poaceae,Sporobolus,null,null,43349,null,null,null,TRUE,940,null,junceus,P. Beauv.,Kunth,04/28/1986,"Citrus Hiking Trail; S side of C-480, 1.0 mi. E of C-491.",null,Pine woods.,Fertile,null,null,null,null,null,null,null,null,null,FALSE,Withlacoochee State Forest,-82.45,28.8667
227202,2516,M. T. Strong,,Hernando Co.,Euphorbiaceae,Stillingia,null,null,72063,null,null,null,TRUE,3664,null,sylvatica,L.,null,08/29/2000,"Just N and S of sand road W of FL 471 and fish hatchery, just N of Hernando and Polk county line, 8 km S of Tarrytown, and 9 to 11 km NE of Lacoochee.",2011,Pine flatwoods.,Fertile,null,null,null,null,null,null,null,null,null,FALSE,Withlacoochee State Forest,-82.45,28.5333
105127,1876,P. Genelle,G. Fleming,Citrus Co.,Euphorbiaceae,Stillingia,null,null,71882,null,null,null,TRUE,3664,null,sylvatica,L.,null,05/27/1973,"Citrus section, TR 20.",2011,"Pine - oak, open sun.",Fertile,null,null,null,null,null,null,null,null,null,FALSE,Withlacoochee State Forest,-82.45,28.8667
229055,19745,S. L. Orzell,E.L. Bridges,Citrus Co.,Euphorbiaceae,Stillingia,null,null,71911,null,null,null,TRUE,3664,null,sylvatica,L.,null,06/29/1992,"Just E of section line road, ca. 1.4 mi. S of Fivemile POnd, ca. 3.5 air mi. S of FL 44, ca. 10 air mi. E of Homosassa Springs.  T19S, R19E, Sec. 27, SW¼.",2011,Mature burned longleaf pine [Pinus palustris] sandhill savanna.  Soils - Lakeland (Typic Quartzipsamments).,Fertile,null,null,null,null,null,null,100,130,ft,FALSE,Withlacoochee State Forest,-82.4025,28.80472222
227416,19761,S. L. Orzell,E.L. Bridges,Pasco Co.,Caryophyllaceae,Stipulicida,null,null,68342,lacerata,C. W. James,null,TRUE,1248,var.,setacea,Michx.,null,06/29/1992,"E of unimproved access road heading S to the Withlacoochee River, ca. 0.7 mi. S of Pacoochee Park Rod, ca. 1.8 air mi. SE of Lacoochee.  T23S, R22E, Sec. 30, NW¼ of SE¼.",null,Cypress [Taxodium] savanna in sandy shallow depression.,Fertile,null,null,null,null,null,null,70,null,ft,FALSE,Withlacoochee State Forest,-82.14583333,28.45305556
105117,1878,P. Genelle,G. Fleming,Citrus Co.,Convolvulaceae,Stylisma,null,null,24698,angustifolia,Nash,Shinners,TRUE,4906,var.,patens,Desr.,Myint,05/27/1973,"Citrus section, FR 20.",22-Dec-2017,"Sand, pine, oak, open sun.",Bud,Immature Fruit,null,null,null,null,null,null,null,null,FALSE,Withlacoochee State Forest,-82.45,28.8667
239079,19736,S. L. Orzell,E.L. Bridges,Citrus Co.,Convolvulaceae,Stylisma,null,null,24681,angustifolia,Nash,Shinners,TRUE,4906,var.,patens,Desr.,Myint,06/29/1992,"Just E of section line road, ca. 1.4 mi. S of Fivemile Pond, ca. 3.5 air mi. S of FL 44, ca. 10 air mi. E of Homosassa Springs. T19S, R19E, Sec. 27, SW¼; Lecanto 7.5' Quad.",22-Dec-2017,Mature burned longleaf pine sandhill savanna. Soils - Lakeland (Typic Quartzipsamments).,Bud,Immature Fruit,null,null,null,null,null,100,130,ft,FALSE,Withlacoochee State Forest,-82.4025,28.80472222
258606,10011,L. Baltzell,,Sumter Co.,Asteraceae,Symphyotrichum,null,null,60329,null,null,null,TRUE,1030,null,adnatum,Nutt.,G. L. Nesom,10/06/1977,"Along the SFR [State Forest Road], 1.2 mi. W of FL 50, 4.7 mi. SW of Tarrytown.",02-Jun-2011,null,Flower,null,null,null,null,Several scattered plants; flowers violet.,null,null,null,null,FALSE,Withlacoochee State Forest,-82.05,28.55
108380,1901,P. Genelle,G. Fleming,Hernando Co.,Asteraceae,Symphyotrichum,null,null,33616,null,null,null,TRUE,3150,null,carolinianum,Walter,Wunderlin & B.F. Hansen,11/18/1973,Fire Tower Road; Richloam section.,Jul 2000,Swamp edge.,Fertile,null,null,null,null,null,null,null,null,null,FALSE,Withlacoochee State Forest,-82.1,28.5
241957,13085,B. F. Hansen,,Sumter Co.,Asteraceae,Symphyotrichum,null,null,33421,null,null,null,TRUE,3538,null,concolor,L.,G. L. Nesom,9 Nov 2005,"Ca. 1.5 mi. N of Croom. T22S, R21E, Sec. 5, NE¼.",null,Sandhill.,Fertile,null,null,null,null,null,null,null,null,null,FALSE,Withlacoochee State Forest,-82.2167,28.5833
253646,769,J. M. Kunzer,C. Werner,Citrus Co.,Asteraceae,Symphyotrichum,null,null,46896,null,null,null,TRUE,3538,null,concolor,L.,G. L. Nesom,11/19/2004,"Citrus Tract, ca. 4 mi. NNW of Catawba.",null,Sandhill.,Flower,null,null,null,null,Ascending to erect herb.,null,null,null,null,FALSE,Withlacoochee State Forest,-82.40194444,28.72666667
120841,s.n.,J. E. Poppleton,,Citrus Co.,Asteraceae,Symphyotrichum,null,null,127481,null,null,null,TRUE,3675,null,dumosum,L.,G. L. Nesom,11/08/1975,Located E of the S running prong of trail 22 in Withlacoochee State Forest; area E of FL 491.,Jul 2000,Growing on sharp eroded limestone outcropping; growing in association with Thelypteris augescens and Anemia adiantifolia.,null,null,null,null,null,null,null,null,null,null,FALSE,null,-81.8167,28.35
108378,1898,P. Genelle,G. Fleming,Hernando Co.,Asteraceae,Symphyotrichum,null,null,127380,null,null,null,TRUE,3675,null,dumosum,L.,G. L. Nesom,11/18/1973,"Withlacoochee State Forest, Richloam section Fire Tower Road.",Jul 2000,"Roadside, wet.",null,null,null,null,null,null,null,null,null,null,FALSE,null,-82.1,28.5
108377,1897,P. Genelle,G. Fleming,Hernando Co.,Asteraceae,Symphyotrichum,null,null,127414,null,null,null,TRUE,3675,null,dumosum,L.,G. L. Nesom,11/18/1973,"Withlacoochee State Forest, Richloam section Fire Tower Road.",Jul 2000,"Roadside, wet.",null,null,null,null,null,null,null,null,null,null,FALSE,null,-82.1,28.5
108381,1902,P. Genelle,G. Fleming,Hernando Co.,Asteraceae,Symphyotrichum,null,null,10016,null,null,null,TRUE,3237,null,elliottii,Torr. & A. Gray,G. L. Nesom,11/18/1973,Richloam section. Fire Tower Road.,Jul 2000,null,Flower,Fruit,null,null,null,null,null,null,null,null,FALSE,Withlacoochee State Forest,-82.1,28.5
105081,1846,P. Genelle,G. Fleming,Hernando Co.,Cupressaceae,Taxodium,null,null,8629,null,null,null,TRUE,3922,null,ascendens,Brongn.,null,05/20/1973,"Richloam Section, Tower Road.",null,Edge of bog.,Immature Fruit,null,null,null,null,null,null,null,null,null,FALSE,Withlacoochee State Forest,-82.1,28.5
104745,1771,P. Genelle,G. Fleming,Hernando Co.,Cupressaceae,Taxodium,null,null,8692,null,null,null,TRUE,929,null,distichum,L.,Rich.,04/22/1973,"Croom Section, Silver Lake Recreation area.",null,"Damp, shaded.",null,null,null,null,null,null,null,null,null,null,FALSE,Withlacoochee State Forest,-82.227588,28.587772
208166,370,C. vanHoek,S. Petty,Citrus Co.,Fabaceae,Tephrosia,null,null,4921,null,null,null,TRUE,2219,null,virginiana,L.,Pers.,07/16/1993,"Citrus Wildlife Management Area, ca. 0.5 mi. S of FL 44 on the Florida Trail, bordered by Forest Service Roads 13, 2, and 15.  T20S, R19E, Sec. 6.",1993,In overgrown scrub and high pineland.,Fruit,null,null,null,null,null,null,null,null,null,FALSE,Withlacoochee State Forest,-82.45,28.8667
204180,244,C. vanHoek,S. Petty,Sumter Co.,Thelypteridaceae,Thelypteris,null,null,27763,null,null,null,TRUE,1871,null,dentata,Forssk.,E. P. St. John,03/27/1992,"Croom portion, Hog Island Recreation Area; at station #12.",1997,On limestone rock bordering sinkhole.,Fertile,null,null,null,null,null,null,null,null,null,FALSE,Withlacoochee State Forest,-82.2167,28.5833
214280,486,C. vanHoek,"S. Petty, J. Buckner",Citrus Co.,Thelypteridaceae,Thelypteris,null,null,100265,null,null,null,TRUE,2748,null,interrupta,Willd.,K. Iwats.,07/24/1995,"Rocky rim of Lizzie Hart Sink; Citrus Tract of the Withlacoochee State Forest. R18E, T20S, Sec. 31.",null,null,null,null,null,null,null,null,null,null,null,null,FALSE,null,-82.45,28.8667
306746,s.n.,C. Werner,null,Hernando Co.,Thelypteridaceae,Thelypteris,null,null,253521,null,null,null,TRUE,2748,null,interrupta,Willd.,K. Iwats.,09/20/2023,Annuteliga Unit.,null,Small pond with deep muck; with Salix caroliniana.,null,null,null,null,null,null,null,null,null,null,FALSE,Withlacoochee State Forest,-82.448,28.668
108165,1906,P. Genelle,G. Fleming,Hernando Co.,Thelypteridaceae,Thelypteris,null,null,100537,null,null,null,TRUE,3379,null,kunthii,Desv.,C. V. Morton,11/18/1973,"Richloam section, Fire Tower Road.",July 1988,Sandy loam.,Fertile,null,null,null,null,null,null,null,null,null,FALSE,Withlacoochee State Forest,-82.1,28.5
138011,1867,P. Genelle,G. Fleming,Hernando Co.,Thelypteridaceae,Thelypteris,null,null,100563,null,null,null,TRUE,3379,null,kunthii,Desv.,C. V. Morton,05/20/1973,"Richloam section, Yankee swamp.",Jul 1988,"Shaded, bog edge.",Fertile,null,null,null,null,null,null,null,null,null,FALSE,Withlacoochee State Forest,-82.1,28.5
108375,1895,P. Genelle,G. Fleming,Hernando Co.,Thelypteridaceae,Thelypteris,null,null,100571,null,null,null,TRUE,3379,null,kunthii,Desv.,C. V. Morton, Feb 1973,Richloam Section Watch Tower Road.,Jul 1988,null,null,null,null,null,null,null,null,null,null,null,FALSE,Withlacoochee State Forest,-82.1,28.5
104014,1788,P. Genelle,G. Fleming,Hernando Co.,Thelypteridaceae,Thelypteris,null,null,100632,null,null,null,TRUE,3379,null,kunthii,Desv.,C. V. Morton,04/22/1973,Ca. 0.5 mi. in from edge of Silver Lake.,null,"Dry, shaded, sandy area.",Fertile,null,null,null,null,null,null,null,null,null,FALSE,Withlacoochee State Forest,-81.8167,28.35
214271,485,C. vanHoek,"S. Petty, J. Buckner",Citrus Co.,Thelypteridaceae,Thelypteris,null,null,100707,null,null,null,TRUE,2366,null,ovata,R. P. St. John,null,07/24/1995,"Citrus Tract of Withlacoochee State Forest. T20S, R18E, Sec. 31.",null,Rocky rim.,Fertile,null,null,null,null,null,null,null,null,null,FALSE,Lizzie Hart Sink,-82.45,28.8667
204621,262,C. vanHoek,,Sumter Co.,Thelypteridaceae,Thelypteris,null,null,100718,pubescens,G. Lawson,Fernald,TRUE,2207,var.,palustris,Schott,null,04/24/1992,"Croom Wildlife Management Area, Withlacoochee State Forest, ca. 2 mi. SSE of Nobleton. T21S, R21E, Sec. 31.",May 2014,Moist hammock between canoe launch and group camping area.,null,null,null,null,null,null,null,null,null,null,FALSE,Hog Island Recreation Area,-82.25,28.6333
228883,19774,S. L. Orzell,E.L. Bridges,Sumter Co.,Apiaceae,Tiedemannia,null,null,90294,filiformis,null,null,TRUE,3233,subsp.,filiformis,Walter,Feist & S.R. Downie,06/29/1992,"On N side of Center Grade Road, ca. 1.3 mi. E of jct FL 471, near Weeks Pond and N of Gator Hole Slough, ca. 7.7 mi. S of the junction with FL 50 at Tarrytown. T23S, R23E, Sec. 29, NW¼.",Apr 2012,Open cypress [Taxodium] depression with grassy groundcover. Soils - Vero (Alfic Haplaquods).,Flower,null,null,null,null,null,null,90,92,ft,FALSE,Withlacoochee State Forest,-82.03611111,28.45833333
104205,1734,P. Genelle,G. Fleming,Hernando Co.,Bromeliaceae,Tillandsia,null,null,95308,null,null,null,TRUE,2022,null,bartramii,Elliott,null,01/08/1973,Croom area.,26 Feb 1981,On Quercus.,Fruit,null,null,null,null,null,null,null,null,null,FALSE,Withlacoochee State Forest,-82.227588,28.587772
105085,1850,P. Genelle,G. Fleming,Hernando Co.,Bromeliaceae,Tillandsia,null,null,132786,null,null,null,TRUE,2532,null,floridana,L. B. Sm.,H. Luther,05/20/1973,Withlacoochee State Forest.,10 Sep 2016,"Richloam section, bog.",null,null,null,null,null,Epiphytic on Taxodium.,null,null,null,null,FALSE,null,-81.8167,28.35
122549,2115,P. Genelle,G. Fleming,Pasco Co.,Bromeliaceae,Tillandsia,null,null,132793,null,null,null,TRUE,2532,null,floridana,L. B. Sm.,H. Luther,06/14/1975,Withlacoochee State Forest.,10 Sep 2016,Richloam section.,Flower,null,null,null,null,Epiphytic on Taxodium.,null,null,null,null,FALSE,null,-82.172029,28.465832
108168,1910,P. Genelle,G. Fleming,Hernando Co.,Bromeliaceae,Tillandsia,null,null,95283,null,null,null,TRUE,1219,null,simulata,Small,null,11/18/1973,"Fire Tower Road, Richloam section.",02 Mar 1981,null,Fertile,null,null,null,null,Epiphyte on oak.,null,null,null,null,FALSE,Withlacoochee State Forest,-82.1,28.5
227667,19739,S. L. Orzell,E.L. Bridges,Citrus Co.,Euphorbiaceae,Tragia,null,null,55975,null,null,null,TRUE,3581,null,urens,L.,null,06/29/1992,"Just E of section line road, ca. 1.4 mi. S of Fivemile Pond, ca. 3.5 air mi. S of FL 44, ca. 10 air mi. E of Homosassa Springs.  T19S, R19E, Sec. 27, SW¼.",null,Mature burned longleaf pine [Pinus palustris] sandhill savanna.  Soils - Lakeland (Typic Quartzipsamments).,Flower,Fruit,null,null,null,null,null,100,130,ft,FALSE,Withlacoochee State Forest,-82.4025,28.80472222
210255,392,C. vanHoek,R. Alboth,Hernando Co.,Euphorbiaceae,Tragia,null,null,56046,null,null,null,TRUE,2699,null,urticifolia,Michx.,null,04/24/1994,"Citrus Wildlife Management Area; ca. 0.6 mi. S of C-480 [in Citrus County], ca. 0.4 mi. E of State Forest Road 13.  T21S, R19E, Sec. 5, NE¼ of NE¼.",null,"Dry, rocky ridge.",Flower,null,null,null,null,null,null,null,null,null,FALSE,Withlacoochee State Forest,-81.8167,28.35
210267,391,C. vanHoek,R. Alboth,Citrus Co.,Euphorbiaceae,Tragia,null,null,56047,null,null,null,TRUE,2699,null,urticifolia,Michx.,null,04/24/1994,"Citrus Wildlife Management Area; ca. 0.5 mi. S of C-480, ca. 0.5 mi. E of State Forest Road 13.  T20S, R19E, Sec. 32, SE¼ of SE¼.",null,"Dry, rocky ridge.",Flower,null,null,null,null,null,null,null,null,null,FALSE,Withlacoochee State Forest,-82.45,28.8667
245082,3671,M. T. Strong,,Sumter Co.,Lamiaceae,Trichostema,null,null,58542,null,null,null,TRUE,3638,null,dichotomum,L.,null,08/27/2006,"Florida National Cemetery, Bushnell; ca. 9.7 km (by air) SW of Bushnell, bordering Withlacoochee State Forest.",null,Edge of dry woods along powerline right-of-way on cemetery grounds.,Flower,Fruit,null,null,null,null,null,null,null,null,FALSE,null,-82.112863,28.664992
120708,2185,P. Genelle,G. Fleming,Pasco Co.,Lamiaceae,Trichostema,null,null,58676,null,null,null,TRUE,3638,null,dichotomum,L.,null,08/09/1975,Clay Sink Road.,Aug 2002,"Along torn-up railroad bed, dry soil.",Fruit,null,null,null,null,null,null,null,null,null,FALSE,Withlacoochee State Forest,-82.172029,28.465832
208658,381,C. vanHoek,S. Petty,Citrus Co.,Poaceae,Tridens,null,null,43008,flavus,null,null,TRUE,3403,var.,flavus,L.,Hitchc.,10/22/1993,"Behind check station, off TR10 at Holder Mine Recreational Area. T19S, R19E, Sec. 26.",null,"Dry, disturbed oak hammock.",Fertile,null,null,null,null,null,null,null,null,null,FALSE,Withlacoochee State Forest,-82.4167,28.9667
206464,316,C. vanHoek,S. Petty,Sumter Co.,Poaceae,Tridens,null,null,43031,flavus,null,null,TRUE,3403,var.,flavus,L.,Hitchc.,10/16/1992,"Withlacoochee State Forest; Hog Island Recreation Area, Hog Island Nature Trail; St. #5, ca. 2 mi. SSE of Nobelton. T21S, R21E, Sec. 31.",null,null,Fertile,null,null,null,null,null,null,null,null,null,FALSE,Croom Widlife Management Area,-82.2167,28.5833
104651,1719,P. Genelle,G. Fleming,Citrus Co.,Campanulaceae,Triodanis,null,null,107489,null,null,null,TRUE,794,null,biflora,Ruiz & Pav.,Greene,04/15/1973,C-480 and C-491.,1996,"Roadside ditch, sandy, full sun.",Fertile,null,null,null,null,null,null,null,null,null,FALSE,Withlacoochee State Forest,-81.8167,28.35
104750,1776,P. Genelle,G. Fleming,Hernando Co.,Campanulaceae,Triodanis,null,null,107573,null,null,null,TRUE,3389,null,perfoliata,L.,Nieuwl.,04/22/1973,"Withlacoochee State Forest, Croom section road edge where river enters Silver Lake.",1996,"Damp, shaded, loam.",Fertile,null,null,null,null,null,null,null,null,null,FALSE,null,-82.227588,28.587772
193037,85,C. vanHoek,,Pasco Co.,Poaceae,Triplasis,null,null,42909,null,null,null,TRUE,3917,null,americana,P. Beauv.,null,10/17/1987,"Richloam Wildlife Management Area; at the beginning of High Bluffs river run of the Withlacochee River. T23S, R22E, Sec. 20.",null,"High, sandy, riverine bluffs.",Fertile,null,null,null,null,null,null,null,null,null,FALSE,Withlacoochee State Forest,-82.172029,28.465832
206458,321,C. vanHoek,,Sumter Co.,Poaceae,Triplasis,null,null,42910,null,null,null,TRUE,3917,null,americana,P. Beauv.,null,10/16/1992,"Croom Wildlife Management Area, Hog Island, Hog Island Nature Trail, Station #21; SSE of Nobleton. T21S, R21E, Sec. 31.",null,null,Fertile,null,null,null,null,null,null,null,null,null,FALSE,Withlacoochee State Forest,-82.25,28.6333
208660,380,C. vanHoek,S. Petty,Citrus Co.,Poaceae,Triplasis,null,null,42923,null,null,null,TRUE,3917,null,americana,P. Beauv.,null,10/22/1993,"Holder Mine Recreational Area; ca. 0.5 mi. N of Trail 10, behind the check station. T19S, R19E, Sec. 26.",null,Sandhill / rosemary [Ceratiola ericoides] scrub.,Fertile,null,null,null,null,null,null,null,null,null,FALSE,Withlacoochee State Forest,-82.4167,28.9667
210858,394,C. vanHoek,S. Petty,Citrus Co.,Poaceae,Triplasis,null,null,42935,null,null,null,TRUE,3472,null,purpurea,Walter,Chapm.,06/28/1994,"Ca. 0.5 mi. S of FL 44 in Inverness, E side of FR [Forest Road] 15, Citrus Wildlife Management Area. T19S, R19E, Sec. 6.",null,"Dry, sandy area bordering a sand pine [Pinus clausa] scrub.",Fertile,null,null,null,null,null,null,null,null,null,FALSE,Withlacoochee State Forest,-82.330372,28.835818
105093,1858,P. Genelle,G. Fleming,Hernando Co.,Lentibulariaceae,Utricularia,null,null,29588,null,null,null,TRUE,3337,null,inflata,Walter,null,05/20/1973,Yankee Swamp.,null,Cypress [Taxodium] bog.,Flower,null,null,null,null,null,null,null,null,null,FALSE,Withlacoochee State Forest,-81.8167,28.35
108297,1894,P. Genelle,G. Fleming,Hernando Co.,Lentibulariaceae,Utricularia,null,null,29539,null,null,null,TRUE,3160,null,purpurea,Walter,null,11/18/1973,"Richloam Section; Watch Tower Road, off FL 50.",null,Swampy.,Flower,null,null,null,null,null,null,null,null,null,FALSE,Withlacoochee State Forest,-82.1,28.5
245081,3669,M. T. Strong,,Sumter Co.,Ericaceae,Vaccinium,null,null,80763,null,null,null,TRUE,3946,null,arboreum,Marshall,null,08/27/2006,"Florida National Cemetery, Bushnell; ca. 9.7 km (by air) SW of Bushnell, bordering Withlacoochee State Forest.",null,Edge of hammock on cemetery grounds.,Fruit,null,null,null,null,Berries reddish to reddish black.,null,null,null,null,FALSE,null,-82.112863,28.664992
104634,1749,P. Genelle,G. Fleming,Citrus Co.,Ericaceae,Vaccinium,null,null,80773,null,null,null,TRUE,3946,null,arboreum,Marshall,null,04/15/1973,"FL 480, S edge of forest area.",null,Sandy cut above road.,Flower,null,null,null,null,null,null,null,null,null,FALSE,Withlacoochee State Forest,-81.8167,28.35
104743,1769,P. Genelle,G. Fleming,Hernando Co.,Ericaceae,Vaccinium,null,null,80833,null,null,null,TRUE,3946,null,arboreum,Marshall,null,04/22/1973,Croom Section; road to Silver Lake Recreation Area.,null,"Dry, sandy, partial shade.",Flower,null,null,null,null,null,null,null,null,null,FALSE,Withlacoochee State Forest,-82.227588,28.587772
105089,1854,P. Genelle,G. Fleming,Hernando Co.,Ericaceae,Vaccinium,null,null,8248,null,null,null,TRUE,3689,null,corymbosum,L.,null,05/20/1973,Tower Road.,1978,"Damp, partial shade.",Fruit,null,null,null,null,null,null,null,null,null,FALSE,Withlacoochee State Forest,-81.8167,28.35
104831,1827,P. Genelle,G. Fleming,Sumter Co.,Ericaceae,Vaccinium,null,null,8208,null,null,null,TRUE,653,null,myrsinites,Lam.,null,05/05/1973,River Road.,null,"Full sun, sandy pinelands.",Fruit,null,null,null,null,null,null,null,null,null,FALSE,Withlacoochee State Forest,-81.8167,28.35
227766,19114,S. L. Orzell,E.L. Bridges,Sumter Co.,Ericaceae,Vaccinium,null,null,8166,null,null,null,TRUE,653,null,myrsinites,Lam.,null,03/02/1992,"N side of Center Grade Road, ca. 1.3 mi. W of its junction with FL 471, near Weeks Pond and N of Gator Hole Slough, ca. 7.7 mi. S of the junction with FL 50 at Tarrytown.  T23S, R23E, Sec. 29, NW¼.",null,Wet marly pine flatwoods and cypress [Taxodium] pond edges.  Soils - Vero (Alfic Haplaquods).,Flower,null,null,null,null,null,null,90,92,ft,FALSE,Withlacoochee State Forest,-82.03611111,28.45833333
104722,1751,P. Genelle,G. Fleming,Hernando Co.,Scrophulariaceae,Verbascum,null,null,27878,null,null,null,TRUE,508,null,virgatum,Stokes,null,04/22/1973,"Croom Road, SE edge of State Forest.",1976,"Roadside ditch, dry, sandy, full sun.",Fruit,null,null,null,null,null,null,null,null,null,FALSE,Withlacoochee State Forest,-82.227588,28.587772
104639,1742,P. Genelle,G. Fleming,Citrus Co.,Verbenaceae,Verbena,null,null,64508,null,null,null,TRUE,2888,null,halei,Small,null,04/15/1973,FL 480.,1980,"Roadside, sandy, full sun.",Fertile,null,null,null,null,null,null,null,null,null,FALSE,Withlacoochee State Forest,-81.8167,28.35
232028,2779,M. T. Strong,,Citrus Co.,Asteraceae,Vernonia,null,null,33000,null,null,null,TRUE,3272,null,angustifolia,Michx.,null,08/26/2001,"Withlacoochee State Forest; 0.2 to 0.6km S of C-480, 2.5km E of C-491, 13km SW of Jumeau, 10km NE of Bailey Hill; along sand road.",null,Longleaf pine [Pinus palustris] sandhill.,Fertile,null,null,null,null,Disk corolla purple.,null,null,null,null,FALSE,null,-82.3,28.7167
120368,2177,P. Genelle,G. Fleming,Pasco Co.,Adoxaceae,Viburnum,null,null,84014,null,null,null,TRUE,3202,null,obovatum,Walter,null,08/09/1975,Clay Sink Road.,null,Roadside.,Fruit,null,null,null,null,Ripe fruit red.,null,null,null,null,FALSE,Withlacoochee State Forest,-82.172029,28.465832
227792,19117,S. L. Orzell,E.L. Bridges,Sumter Co.,Adoxaceae,Viburnum,null,null,84069,null,null,null,TRUE,3202,null,obovatum,Walter,null,03/02/1992,"N side of Center Grade Road, ca. 1.3 mi. E of the junction with FL 471, near Weeks Pond and N of Gator Hole Slough, ca. 7.7 mi. S of the junction with FL 50 at Tarrytown.  T23S, R23E, Sec. 29, NW¼.",null,Hydric hammock.,Flower,null,null,null,null,null,null,90,92,ft,FALSE,Withlacoochee State Forest,-82.03611111,28.45833333
104844,1840 RI,P. Genelle,G. Fleming,Sumter Co.,Fabaceae,Vicia,null,null,5035,null,null,null,TRUE,2647,null,acutifolia,Elliott,null,05/06/1973,Richloam Section; FL 50.,1973,"Roadside, open sun, sand.",Flower,Fruit,null,null,null,null,null,null,null,null,FALSE,Withlacoochee State Forest,-81.8167,28.35
239017,19113,S. L. Orzell,E.L. Bridges,Sumter Co.,Violaceae,Viola,null,null,102175,null,null,null,TRUE,3440,null,palmata,L.,null,03/02/1992,"N side of Center Grade Road, ca. 1.3 mi. E of junction FL 471, near Weeks Pond and N of Gator Hole Slough, ca. 7.7 mi. S of junction FL 50 at Tarrytown. T32S, R23E, Sec. 29, NW¼.",Jul 2004,Wet marly pine flatwoods and cypress [Taxodium] pond edges. Soils - Vero (Alfic Haplaquods).,Flower,null,null,null,null,null,null,90,92,ft,FALSE,Withlacoochee State Forest,-82.03611111,28.45833333
203722,231,C. vanHoek,S. Petty,Sumter Co.,Violaceae,Viola,null,null,102408,null,null,null,TRUE,3566,null,sororia,Willd.,null,02/14/1992,"Croom portion of Withlacoochee State Forest. T21S, R21E, Sec. 31.",1992,Nature trail.,Flower,null,null,null,null,null,null,null,null,null,FALSE,Hog Island Recreation Area,-82.2167,28.5833
104201,1710,P. Genelle,G. Fleming,Hernando Co.,Violaceae,Viola,null,null,102381,null,null,null,TRUE,3566,null,sororia,Willd.,null,01/08/1973,null,1992,Open field edge of hardwood forest; start of canoe trail.,Flower,Fruit,null,null,null,null,null,null,null,null,FALSE,Withlacoochee State Forest,-81.8167,28.35
203799,s.n.,C. vanHoek,S. Petty,Hernando Co.,Violaceae,Viola,null,null,102449,null,null,null,TRUE,3155,null,villosa,Walter,null,03/06/1992,"Tract, ca. 1 mi. N of C-476 and US 41 intersection, ca. 9 mi. N of Brooksville. T21S, R20E, Sec. 20, SW¼ of NW¼.",null,null,Flower,null,null,null,null,null,null,null,null,null,FALSE,Withlacoochee State Forest,-82.387871,28.555272
202269,s.n.,S. Petty,C. vanHoek,Hernando Co.,Violaceae,Viola,null,null,102448,null,null,null,TRUE,3155,null,villosa,Walter,null,02/28/1991,"Tract of the Withlacoochee State Forest, ca. 9 mi. N of Brooksville. T21S, R20E, Sec. 20, SW¼ of NW¼.",null,Transition woods of sand pine [Pinus clausa] - hardwoods.,Fruit,null,null,null,null,Plants laying flat barely rising above the pine litter.,null,null,null,null,FALSE,null,-82.387871,28.555272
57317,26799,O. K. Lakela,,Citrus Co.,Araceae,Wolffia,null,null,101699,null,null,null,TRUE,576,null,brasiliensis,Wedd.,null,01/26/1963,Mansfield Pond.,1988,null,null,null,null,null,null,Pure colony over extensive surface; plant body shiny with terminal papilla.,null,null,null,null,FALSE,Withlacoochee State Forest,-81.8167,28.35
122542,2144,P. Genelle,G. Fleming,Sumter Co.,Blechnaceae,Woodwardia,null,null,97948,null,null,null,TRUE,3686,null,areolata,L.,T. Moore,06/28/1975,null,Sep 1987,Moist edge of lake; sandy soil.,Fertile,null,null,null,null,null,null,null,null,null,FALSE,Withlacoochee State Forest,-81.8167,28.35
104199,1709,P. Genelle,G. Fleming,Hernando Co.,Blechnaceae,Woodwardia,null,null,97687,null,null,null,TRUE,3714,null,virginica,L.,Sm.,8 Jan 1973,Croom area.,Sep 1987,"On sand, low water at river's edge.",null,null,null,null,null,null,null,null,null,null,FALSE,Withlacoochee State Forest,-82.227588,28.587772
120548,2142,P. Genelle,G. Fleming,Sumter Co.,Blechnaceae,Woodwardia,null,null,97692,null,null,null,TRUE,3714,null,virginica,L.,Sm.,06/28/1975,Richloam section; Cabbage Head Road.,Sep 1987,"Moist edge of lake, on sandy soil.",Fertile,null,null,null,null,null,null,null,null,null,FALSE,Withlacoochee State Forest,-81.8167,28.35
283781,s.n.,E. Williamson,C. Werner,Hernando Co.,Salicaceae,Xylosma,null,null,125279,null,null,null,TRUE,4437,null,congesta,Lour.,Merr.,03/03/2016,"E boundary of Withlacoochee State Forest, Headquarters Tract; ca. 0.4 mi. N of C-476 adn 0.1 mi. E of US 41.  T21S, R20E, Sec. 20.",null,"Upland hardwood hammock under shade of large Liquidambar styraciflua, with Sabal palmetto and Juniperus virginiana; small amount of rock outcrop present.",null,null,null,null,null,Mid-story tree.,null,null,null,null,FALSE,null,-82.33361111,28.64305556
283782,s.n.,E. Williamson,C. Werner,Hernando Co.,Salicaceae,Xylosma,null,null,125281,null,null,null,TRUE,4437,null,congesta,Lour.,Merr.,03/03/2016,"E boundary of Withlacoochee State Forest, Headquarters Tract; ca. 0.4 mi. N of C-476 adn 0.1 mi. E of US 41.  T21S, R20E, Sec. 20.",null,"Upland hardwood hammock under shade of large Liquidambar styraciflua, with Sabal palmetto and Juniperus virginiana; small amount of rock outcrop present.",null,null,null,null,null,Mid-story tree.,null,null,null,null,FALSE,null,-82.33361111,28.64305556
227204,2515,M. T. Strong,,Hernando Co.,Xyridaceae,Xyris,null,null,110092,null,null,null,TRUE,3145,null,caroliniana,Walter,null,08/29/2000,"N and S of sand road W of FL 471 and fish hatchery, just N of Hernando and Polk County line, 8 km S of Tarrytown, and 9-11 km NE of Lacoochee.",null,Pine flatwoods.,Fertile,null,null,null,null,null,null,null,null,null,FALSE,Withlacoochee State Forest,-82.45,28.5333
120845,2159,P. Genelle,G. Fleming,Sumter Co.,Xyridaceae,Xyris,null,null,110265,null,null,null,TRUE,3145,null,caroliniana,Walter,null,06/28/1975,"Withlacoochee State Forest, Cabbage Head Road.",null,Wet pinelands.,Fertile,null,null,null,null,Petals white.,null,null,null,null,FALSE,null,-81.8167,28.35
227950,19790,S. L. Orzell,E.L. Bridges,Sumter Co.,Xyridaceae,Xyris,null,null,110094,null,null,null,TRUE,3145,null,caroliniana,Walter,null,06/29/1992,"N side of Center Grade Road, ca. 1.3 mi. E of junction FL 471, near Weeks Pond and N of Gator Hole Slough, ca. 7.7 mi. S of junction with FL 50 at Tarrytown. T23S, R23E, Sec. 29, NW¼.",null,Dry - mesic sandy pine flatwoods.,Fertile,null,null,null,null,null,null,90,92,ft,FALSE,Withlacoochee State Forest,-82.03611111,28.45833333
122482,2110,P. Genelle,G. Fleming,Pasco Co.,Xyridaceae,Xyris,null,null,110376,null,null,null,TRUE,2436,null,elliottii,Chapm.,null,07/14/1975,Richloam section.,null,"Edge of cypress [Taxodium] swamp. Dry, sandy soil.",Fertile,null,null,null,null,null,null,null,null,null,FALSE,Withlacoochee State Forest,-82.172029,28.465832
104806,1802,P. Genelle,G. Fleming,Hernando Co.,Xyridaceae,Xyris,null,null,110390,null,null,null,TRUE,2436,null,elliottii,Chapm.,null,05/06/1973,"Richloam section, forest road, S of FL 50.",Jan 1981,"Sandy, shade.",Fertile,null,null,null,null,null,null,null,null,null,FALSE,Withlacoochee State Forest,-82.1,28.5
222864,19755,S. L. Orzell,E.L. Bridges,Pasco Co.,Xyridaceae,Xyris,null,null,110417,null,null,null,TRUE,2436,null,elliottii,Chapm.,null,06/29/1992,"E of unimproved access road heading S to the Withlacoochee River, ca. 0.7 mi. S of Lacoochee Park Road, ca. 1.8 mi. SE of Lacoochee. T23S, R22E, Sec. 30, NW¼ of SE¼.",null,Cypress [Taxodium] savanna in sandy shallow depression. Soil -Basinger (Spodic Psammaquents).,Fertile,null,null,null,null,null,null,70,null,ft,FALSE,Withlacoochee State Forest,-82.14583333,28.45305556
210988,14610,S. L. Orzell,E.L. Bridges,Hernando Co.,Xyridaceae,Xyris,null,null,111311,null,null,null,TRUE,2488,null,smalliana,Nash,null,08/04/1990," E side of Boat Pond, ca. 2.4 air mi. NE of the US 301 and FL 50 junction in Ridge Manor. T22S, R22E, Sec. 31, SW¼ of NW¼ of NE¼.",null,Sandy shoreline of limesink depression pond. Soils - Floirdana variant (Typic Umbraqualfs).,Fertile,null,null,null,null,null,null,70,null,ft,FALSE,Withlacoochee State Forest,-82.14555556,28.53416667
104680,1721,P. Genelle,G. Fleming,Citrus Co.,Agavaceae,Yucca,null,null,67627,null,null,null,TRUE,1735,null,aloifolia,L.,null,04/15/1973,FL 480 and FL 491.,null,"Sandy, full sun, roadside ditch.",Flower,null,null,null,null,null,null,null,null,null,FALSE,Withlacoochee State Forest,-81.8167,28.35
105166,1888,P. Genelle,G. Fleming,Citrus Co.,Agavaceae,Yucca,null,null,67701,null,null,null,TRUE,3542,null,filamentosa,L.,null,05/27/1973,TR 22.,Nov 1980,"Citrus section, shaded, sandy.",Flower,null,null,null,null,null,null,null,null,null,FALSE,Withlacoochee State Forest,-81.8167,28.35
104203,1712Cr,P. Genelle,G. Fleming,Hernando Co.,Orchidaceae,Zeuxine,null,null,6911,null,null,null,TRUE,1660,null,strateumatica,L.,Schltr.,01/08/1973,"Croom area; edge of river, start of canoe trail.",1973,null,Flower,Immature Fruit,null,null,null,null,null,null,null,null,FALSE,Withlacoochee State Forest,-82.227588,28.587772